order_id,order_date,status,payment_method,customer_id,customer_name,segment,city,region,product_id,product_name,category,sub_category,quantity,unit_price,cost_price,discount,net_revenue,gross_profit
ORD-00107,2026-02-01,Completed,Credit Card,CUST-0002,Agus Hidayat,Home Office,Medan,Sumatra,PROD-018,Botol Minum Tumbler 500ml,Perlengkapan Rumah,Dapur & Makan,1,95000.00,48000.00,0.00,95000.00,47000.00
ORD-00592,2025-04-27,Completed,Transfer Bank,CUST-0002,Agus Hidayat,Home Office,Medan,Sumatra,PROD-021,Bantal Leher Memory Foam,Perlengkapan Rumah,Kebutuhan Harian,2,85000.00,42000.00,0.00,170000.00,86000.00
ORD-00592,2025-04-27,Completed,Transfer Bank,CUST-0002,Agus Hidayat,Home Office,Medan,Sumatra,PROD-022,Rak Sepatu Susun Plastik,Perlengkapan Rumah,Storage,2,125000.00,68000.00,0.00,250000.00,114000.00
ORD-00688,2025-03-20,Completed,COD,CUST-0002,Agus Hidayat,Home Office,Medan,Sumatra,PROD-002,Keyboard Mechanical RGB,Elektronik,Aksesoris Komputer,1,450000.00,280000.00,0.15,382500.00,102500.00
ORD-00498,2025-10-31,Returned,E-Wallet,CUST-0003,Rian Saputra,Corporate,Surabaya,Jawa,PROD-006,Kabel Data Type-C Fast Charge,Elektronik,Aksesoris Mobile,1,35000.00,15000.00,0.00,35000.00,20000.00
ORD-00498,2025-10-31,Returned,E-Wallet,CUST-0003,Rian Saputra,Corporate,Surabaya,Jawa,PROD-018,Botol Minum Tumbler 500ml,Perlengkapan Rumah,Dapur & Makan,1,95000.00,48000.00,0.00,95000.00,47000.00
ORD-00771,2025-08-08,Completed,Transfer Bank,CUST-0003,Rian Saputra,Corporate,Surabaya,Jawa,PROD-016,Tunik Batik Modern,Pakaian,Wanita,1,175000.00,95000.00,0.00,175000.00,80000.00
ORD-00771,2025-08-08,Completed,Transfer Bank,CUST-0003,Rian Saputra,Corporate,Surabaya,Jawa,PROD-003,Headset Gaming Surround 7.1,Elektronik,Audio,2,350000.00,210000.00,0.05,665000.00,245000.00
ORD-00771,2025-08-08,Completed,Transfer Bank,CUST-0003,Rian Saputra,Corporate,Surabaya,Jawa,PROD-015,Blouse Wanita Casual,Pakaian,Wanita,2,135000.00,70000.00,0.00,270000.00,130000.00
ORD-00981,2025-03-24,Completed,Transfer Bank,CUST-0003,Rian Saputra,Corporate,Surabaya,Jawa,PROD-017,Topi Baseball Canvas,Pakaian,Aksesoris Fashion,1,50000.00,22000.00,0.00,50000.00,28000.00
ORD-00981,2025-03-24,Completed,Transfer Bank,CUST-0003,Rian Saputra,Corporate,Surabaya,Jawa,PROD-008,Webcam Full HD 1080p,Elektronik,Aksesoris Komputer,1,280000.00,175000.00,0.10,252000.00,77000.00
ORD-00981,2025-03-24,Completed,Transfer Bank,CUST-0003,Rian Saputra,Corporate,Surabaya,Jawa,PROD-010,USB Flashdrive 64GB,Elektronik,Storage,1,85000.00,45000.00,0.00,85000.00,40000.00
ORD-00981,2025-03-24,Completed,Transfer Bank,CUST-0003,Rian Saputra,Corporate,Surabaya,Jawa,PROD-024,Pulpen Gel Pack 12 Pcs,Alat Tulis & Kantor,Alat Tulis,1,36000.00,18000.00,0.00,36000.00,18000.00
ORD-00996,2025-08-21,Completed,Credit Card,CUST-0003,Rian Saputra,Corporate,Surabaya,Jawa,PROD-020,Organizer Meja Acrylic,Perlengkapan Rumah,Storage,1,65000.00,32000.00,0.05,61750.00,29750.00
ORD-00151,2025-05-29,Completed,COD,CUST-0004,Dewi Wibowo,Corporate,Palembang,Sumatra,PROD-022,Rak Sepatu Susun Plastik,Perlengkapan Rumah,Storage,2,125000.00,68000.00,0.15,212500.00,76500.00
ORD-00943,2026-02-10,Completed,E-Wallet,CUST-0004,Dewi Wibowo,Corporate,Palembang,Sumatra,PROD-016,Tunik Batik Modern,Pakaian,Wanita,5,175000.00,95000.00,0.20,700000.00,225000.00
ORD-00970,2025-05-12,Completed,Transfer Bank,CUST-0004,Dewi Wibowo,Corporate,Palembang,Sumatra,PROD-017,Topi Baseball Canvas,Pakaian,Aksesoris Fashion,1,50000.00,22000.00,0.20,40000.00,18000.00
ORD-00970,2025-05-12,Completed,Transfer Bank,CUST-0004,Dewi Wibowo,Corporate,Palembang,Sumatra,PROD-009,Earphones TWS Bluetooth 5.3,Elektronik,Audio,1,250000.00,140000.00,0.00,250000.00,110000.00
ORD-00553,2025-09-23,Completed,Transfer Bank,CUST-0005,Siti Santoso,Consumer,Semarang,Jawa,PROD-007,Powerbank 10000mAh Dual Port,Elektronik,Aksesoris Mobile,2,200000.00,120000.00,0.05,380000.00,140000.00
ORD-00553,2025-09-23,Completed,Transfer Bank,CUST-0005,Siti Santoso,Consumer,Semarang,Jawa,PROD-002,Keyboard Mechanical RGB,Elektronik,Aksesoris Komputer,1,450000.00,280000.00,0.05,427500.00,147500.00
ORD-00559,2025-02-05,Completed,E-Wallet,CUST-0005,Siti Santoso,Consumer,Semarang,Jawa,PROD-011,Kaos Polos Cotton Combed 30s,Pakaian,Pria,1,75000.00,35000.00,0.00,75000.00,40000.00
ORD-00606,2025-04-30,Completed,Credit Card,CUST-0005,Siti Santoso,Consumer,Semarang,Jawa,PROD-023,Buku Catatan Hardcover A5,Alat Tulis & Kantor,Kertas & Buku,1,45000.00,20000.00,0.00,45000.00,25000.00
ORD-00788,2025-12-26,Completed,Credit Card,CUST-0005,Siti Santoso,Consumer,Semarang,Jawa,PROD-003,Headset Gaming Surround 7.1,Elektronik,Audio,1,350000.00,210000.00,0.05,332500.00,122500.00
ORD-00879,2025-10-15,Completed,Transfer Bank,CUST-0005,Siti Santoso,Consumer,Semarang,Jawa,PROD-003,Headset Gaming Surround 7.1,Elektronik,Audio,1,350000.00,210000.00,0.00,350000.00,140000.00
ORD-01067,2025-05-27,Completed,COD,CUST-0005,Siti Santoso,Consumer,Semarang,Jawa,PROD-003,Headset Gaming Surround 7.1,Elektronik,Audio,1,350000.00,210000.00,0.10,315000.00,105000.00
ORD-01081,2026-01-02,Completed,E-Wallet,CUST-0005,Siti Santoso,Consumer,Semarang,Jawa,PROD-016,Tunik Batik Modern,Pakaian,Wanita,3,175000.00,95000.00,0.20,420000.00,135000.00
ORD-01081,2026-01-02,Completed,E-Wallet,CUST-0005,Siti Santoso,Consumer,Semarang,Jawa,PROD-024,Pulpen Gel Pack 12 Pcs,Alat Tulis & Kantor,Alat Tulis,1,36000.00,18000.00,0.00,36000.00,18000.00
ORD-01097,2025-07-22,Completed,Transfer Bank,CUST-0005,Siti Santoso,Consumer,Semarang,Jawa,PROD-024,Pulpen Gel Pack 12 Pcs,Alat Tulis & Kantor,Alat Tulis,1,36000.00,18000.00,0.05,34200.00,16200.00
ORD-01097,2025-07-22,Completed,Transfer Bank,CUST-0005,Siti Santoso,Consumer,Semarang,Jawa,PROD-020,Organizer Meja Acrylic,Perlengkapan Rumah,Storage,2,65000.00,32000.00,0.05,123500.00,59500.00
ORD-00584,2025-01-07,Completed,E-Wallet,CUST-0006,Rina Hidayat,Consumer,Jakarta Selatan,Jawa,PROD-007,Powerbank 10000mAh Dual Port,Elektronik,Aksesoris Mobile,1,200000.00,120000.00,0.00,200000.00,80000.00
ORD-00584,2025-01-07,Completed,E-Wallet,CUST-0006,Rina Hidayat,Consumer,Jakarta Selatan,Jawa,PROD-015,Blouse Wanita Casual,Pakaian,Wanita,5,135000.00,70000.00,0.05,641250.00,291250.00
ORD-00584,2025-01-07,Completed,E-Wallet,CUST-0006,Rina Hidayat,Consumer,Jakarta Selatan,Jawa,PROD-012,Kemeja Flanel Lengan Panjang,Pakaian,Pria,2,165000.00,90000.00,0.00,330000.00,150000.00
ORD-01154,2026-03-22,Completed,COD,CUST-0006,Rina Hidayat,Consumer,Jakarta Selatan,Jawa,PROD-005,Monitor 24 inch IPS 75Hz,Elektronik,Display,1,1800000.00,1350000.00,0.00,1800000.00,450000.00
ORD-00796,2025-06-19,Completed,Transfer Bank,CUST-0007,Ahmad Santoso,Consumer,Palembang,Sumatra,PROD-011,Kaos Polos Cotton Combed 30s,Pakaian,Pria,2,75000.00,35000.00,0.05,142500.00,72500.00
ORD-00854,2026-03-26,Completed,Transfer Bank,CUST-0007,Ahmad Santoso,Consumer,Palembang,Sumatra,PROD-010,USB Flashdrive 64GB,Elektronik,Storage,3,85000.00,45000.00,0.05,242250.00,107250.00
ORD-00854,2026-03-26,Completed,Transfer Bank,CUST-0007,Ahmad Santoso,Consumer,Palembang,Sumatra,PROD-017,Topi Baseball Canvas,Pakaian,Aksesoris Fashion,1,50000.00,22000.00,0.00,50000.00,28000.00
ORD-00863,2026-05-10,Completed,Credit Card,CUST-0007,Ahmad Santoso,Consumer,Palembang,Sumatra,PROD-023,Buku Catatan Hardcover A5,Alat Tulis & Kantor,Kertas & Buku,2,45000.00,20000.00,0.00,90000.00,50000.00
ORD-01023,2025-06-11,Completed,E-Wallet,CUST-0007,Ahmad Santoso,Consumer,Palembang,Sumatra,PROD-001,Mouse Wireless M185,Elektronik,Aksesoris Komputer,1,150000.00,95000.00,0.00,150000.00,55000.00
ORD-00088,2025-02-16,Completed,Credit Card,CUST-0008,Rina Utami,Home Office,Palembang,Sumatra,PROD-019,Lampu Meja LED Belajar,Perlengkapan Rumah,Dekorasi,1,110000.00,60000.00,0.10,99000.00,39000.00
ORD-00223,2025-07-11,Completed,Credit Card,CUST-0009,Fajar Hidayat,Corporate,Palembang,Sumatra,PROD-001,Mouse Wireless M185,Elektronik,Aksesoris Komputer,5,150000.00,95000.00,0.00,750000.00,275000.00
ORD-00223,2025-07-11,Completed,Credit Card,CUST-0009,Fajar Hidayat,Corporate,Palembang,Sumatra,PROD-022,Rak Sepatu Susun Plastik,Perlengkapan Rumah,Storage,1,125000.00,68000.00,0.00,125000.00,57000.00
ORD-00384,2026-02-19,Completed,E-Wallet,CUST-0009,Fajar Hidayat,Corporate,Palembang,Sumatra,PROD-021,Bantal Leher Memory Foam,Perlengkapan Rumah,Kebutuhan Harian,2,85000.00,42000.00,0.05,161500.00,77500.00
ORD-00384,2026-02-19,Completed,E-Wallet,CUST-0009,Fajar Hidayat,Corporate,Palembang,Sumatra,PROD-023,Buku Catatan Hardcover A5,Alat Tulis & Kantor,Kertas & Buku,1,45000.00,20000.00,0.00,45000.00,25000.00
ORD-00441,2026-04-21,Completed,E-Wallet,CUST-0009,Fajar Hidayat,Corporate,Palembang,Sumatra,PROD-025,Desk Mat Deskpad Leather,Alat Tulis & Kantor,Aksesoris Meja,1,95000.00,50000.00,0.00,95000.00,45000.00
ORD-00572,2026-05-04,Completed,Transfer Bank,CUST-0009,Fajar Hidayat,Corporate,Palembang,Sumatra,PROD-009,Earphones TWS Bluetooth 5.3,Elektronik,Audio,1,250000.00,140000.00,0.05,237500.00,97500.00
ORD-01141,2026-01-07,Completed,E-Wallet,CUST-0009,Fajar Hidayat,Corporate,Palembang,Sumatra,PROD-022,Rak Sepatu Susun Plastik,Perlengkapan Rumah,Storage,1,125000.00,68000.00,0.00,125000.00,57000.00
ORD-00642,2025-11-19,Returned,COD,CUST-0010,Nani Prasetyo,Corporate,Denpasar,Bali & Nusa Tenggara,PROD-018,Botol Minum Tumbler 500ml,Perlengkapan Rumah,Dapur & Makan,1,95000.00,48000.00,0.05,90250.00,42250.00
ORD-00826,2025-03-02,Completed,Transfer Bank,CUST-0010,Nani Prasetyo,Corporate,Denpasar,Bali & Nusa Tenggara,PROD-022,Rak Sepatu Susun Plastik,Perlengkapan Rumah,Storage,1,125000.00,68000.00,0.05,118750.00,50750.00
ORD-00953,2025-11-03,Completed,Credit Card,CUST-0010,Nani Prasetyo,Corporate,Denpasar,Bali & Nusa Tenggara,PROD-024,Pulpen Gel Pack 12 Pcs,Alat Tulis & Kantor,Alat Tulis,1,36000.00,18000.00,0.05,34200.00,16200.00
ORD-01112,2026-01-11,Completed,Credit Card,CUST-0010,Nani Prasetyo,Corporate,Denpasar,Bali & Nusa Tenggara,PROD-011,Kaos Polos Cotton Combed 30s,Pakaian,Pria,3,75000.00,35000.00,0.00,225000.00,120000.00
ORD-00103,2025-02-16,Cancelled,Transfer Bank,CUST-0011,Andi Utami,Consumer,Yogyakarta,Jawa,PROD-006,Kabel Data Type-C Fast Charge,Elektronik,Aksesoris Mobile,1,35000.00,15000.00,0.15,29750.00,14750.00
ORD-00103,2025-02-16,Cancelled,Transfer Bank,CUST-0011,Andi Utami,Consumer,Yogyakarta,Jawa,PROD-022,Rak Sepatu Susun Plastik,Perlengkapan Rumah,Storage,1,125000.00,68000.00,0.00,125000.00,57000.00
ORD-00157,2025-05-29,Completed,Credit Card,CUST-0011,Andi Utami,Consumer,Yogyakarta,Jawa,PROD-017,Topi Baseball Canvas,Pakaian,Aksesoris Fashion,3,50000.00,22000.00,0.00,150000.00,84000.00
ORD-00157,2025-05-29,Completed,Credit Card,CUST-0011,Andi Utami,Consumer,Yogyakarta,Jawa,PROD-003,Headset Gaming Surround 7.1,Elektronik,Audio,3,350000.00,210000.00,0.00,1050000.00,420000.00
ORD-00656,2025-04-30,Completed,COD,CUST-0011,Andi Utami,Consumer,Yogyakarta,Jawa,PROD-024,Pulpen Gel Pack 12 Pcs,Alat Tulis & Kantor,Alat Tulis,2,36000.00,18000.00,0.05,68400.00,32400.00
ORD-00656,2025-04-30,Completed,COD,CUST-0011,Andi Utami,Consumer,Yogyakarta,Jawa,PROD-020,Organizer Meja Acrylic,Perlengkapan Rumah,Storage,1,65000.00,32000.00,0.00,65000.00,33000.00
ORD-00738,2025-11-30,Completed,Transfer Bank,CUST-0011,Andi Utami,Consumer,Yogyakarta,Jawa,PROD-013,Jaket Hoodie Fleece,Pakaian,Pria,1,220000.00,125000.00,0.00,220000.00,95000.00
ORD-00291,2025-09-13,Completed,Transfer Bank,CUST-0012,Maya Prasetyo,Home Office,Semarang,Jawa,PROD-018,Botol Minum Tumbler 500ml,Perlengkapan Rumah,Dapur & Makan,1,95000.00,48000.00,0.10,85500.00,37500.00
ORD-00370,2025-12-11,Completed,COD,CUST-0012,Maya Prasetyo,Home Office,Semarang,Jawa,PROD-003,Headset Gaming Surround 7.1,Elektronik,Audio,3,350000.00,210000.00,0.00,1050000.00,420000.00
ORD-00370,2025-12-11,Completed,COD,CUST-0012,Maya Prasetyo,Home Office,Semarang,Jawa,PROD-018,Botol Minum Tumbler 500ml,Perlengkapan Rumah,Dapur & Makan,2,95000.00,48000.00,0.15,161500.00,65500.00
ORD-00370,2025-12-11,Completed,COD,CUST-0012,Maya Prasetyo,Home Office,Semarang,Jawa,PROD-017,Topi Baseball Canvas,Pakaian,Aksesoris Fashion,2,50000.00,22000.00,0.00,100000.00,56000.00
ORD-00379,2026-03-04,Completed,Credit Card,CUST-0012,Maya Prasetyo,Home Office,Semarang,Jawa,PROD-023,Buku Catatan Hardcover A5,Alat Tulis & Kantor,Kertas & Buku,1,45000.00,20000.00,0.15,38250.00,18250.00
ORD-00379,2026-03-04,Completed,Credit Card,CUST-0012,Maya Prasetyo,Home Office,Semarang,Jawa,PROD-014,Celana Chino Slim Fit,Pakaian,Pria,3,185000.00,100000.00,0.00,555000.00,255000.00
ORD-00949,2025-11-28,Completed,E-Wallet,CUST-0012,Maya Prasetyo,Home Office,Semarang,Jawa,PROD-024,Pulpen Gel Pack 12 Pcs,Alat Tulis & Kantor,Alat Tulis,1,36000.00,18000.00,0.00,36000.00,18000.00
ORD-01050,2025-07-31,Completed,E-Wallet,CUST-0012,Maya Prasetyo,Home Office,Semarang,Jawa,PROD-022,Rak Sepatu Susun Plastik,Perlengkapan Rumah,Storage,1,125000.00,68000.00,0.00,125000.00,57000.00
ORD-01050,2025-07-31,Completed,E-Wallet,CUST-0012,Maya Prasetyo,Home Office,Semarang,Jawa,PROD-015,Blouse Wanita Casual,Pakaian,Wanita,1,135000.00,70000.00,0.00,135000.00,65000.00
ORD-01143,2025-04-20,Completed,Credit Card,CUST-0012,Maya Prasetyo,Home Office,Semarang,Jawa,PROD-017,Topi Baseball Canvas,Pakaian,Aksesoris Fashion,1,50000.00,22000.00,0.00,50000.00,28000.00
ORD-00091,2025-12-12,Completed,Credit Card,CUST-0013,Rina Pertiwi,Home Office,Surabaya,Jawa,PROD-004,Stand Laptop Aluminium,Elektronik,Aksesoris Komputer,2,120000.00,70000.00,0.05,228000.00,88000.00
ORD-00883,2025-10-04,Completed,Credit Card,CUST-0013,Rina Pertiwi,Home Office,Surabaya,Jawa,PROD-016,Tunik Batik Modern,Pakaian,Wanita,1,175000.00,95000.00,0.05,166250.00,71250.00
ORD-01168,2025-06-26,Completed,Credit Card,CUST-0013,Rina Pertiwi,Home Office,Surabaya,Jawa,PROD-010,USB Flashdrive 64GB,Elektronik,Storage,1,85000.00,45000.00,0.05,80750.00,35750.00
ORD-00109,2026-02-13,Completed,E-Wallet,CUST-0014,Rian Aminah,Consumer,Makassar,Sulawesi,PROD-012,Kemeja Flanel Lengan Panjang,Pakaian,Pria,5,165000.00,90000.00,0.00,825000.00,375000.00
ORD-00311,2025-10-26,Completed,COD,CUST-0014,Rian Aminah,Consumer,Makassar,Sulawesi,PROD-023,Buku Catatan Hardcover A5,Alat Tulis & Kantor,Kertas & Buku,2,45000.00,20000.00,0.00,90000.00,50000.00
ORD-00474,2025-12-16,Completed,COD,CUST-0014,Rian Aminah,Consumer,Makassar,Sulawesi,PROD-002,Keyboard Mechanical RGB,Elektronik,Aksesoris Komputer,3,450000.00,280000.00,0.15,1147500.00,307500.00
ORD-00750,2025-12-15,Completed,COD,CUST-0014,Rian Aminah,Consumer,Makassar,Sulawesi,PROD-021,Bantal Leher Memory Foam,Perlengkapan Rumah,Kebutuhan Harian,1,85000.00,42000.00,0.00,85000.00,43000.00
ORD-01002,2025-12-15,Completed,COD,CUST-0015,Rian Wijaya,Consumer,Semarang,Jawa,PROD-020,Organizer Meja Acrylic,Perlengkapan Rumah,Storage,2,65000.00,32000.00,0.05,123500.00,59500.00
ORD-01002,2025-12-15,Completed,COD,CUST-0015,Rian Wijaya,Consumer,Semarang,Jawa,PROD-012,Kemeja Flanel Lengan Panjang,Pakaian,Pria,2,165000.00,90000.00,0.00,330000.00,150000.00
ORD-00140,2025-02-05,Returned,Transfer Bank,CUST-0016,Ahmad Prasetyo,Consumer,Makassar,Sulawesi,PROD-006,Kabel Data Type-C Fast Charge,Elektronik,Aksesoris Mobile,1,35000.00,15000.00,0.00,35000.00,20000.00
ORD-00140,2025-02-05,Returned,Transfer Bank,CUST-0016,Ahmad Prasetyo,Consumer,Makassar,Sulawesi,PROD-022,Rak Sepatu Susun Plastik,Perlengkapan Rumah,Storage,2,125000.00,68000.00,0.00,250000.00,114000.00
ORD-00899,2025-07-22,Completed,COD,CUST-0016,Ahmad Prasetyo,Consumer,Makassar,Sulawesi,PROD-023,Buku Catatan Hardcover A5,Alat Tulis & Kantor,Kertas & Buku,2,45000.00,20000.00,0.00,90000.00,50000.00
ORD-01190,2026-03-26,Completed,Credit Card,CUST-0016,Ahmad Prasetyo,Consumer,Makassar,Sulawesi,PROD-017,Topi Baseball Canvas,Pakaian,Aksesoris Fashion,1,50000.00,22000.00,0.15,42500.00,20500.00
ORD-00315,2026-02-25,Completed,Transfer Bank,CUST-0017,Indah Suryani,Consumer,Yogyakarta,Jawa,PROD-021,Bantal Leher Memory Foam,Perlengkapan Rumah,Kebutuhan Harian,1,85000.00,42000.00,0.05,80750.00,38750.00
ORD-00315,2026-02-25,Completed,Transfer Bank,CUST-0017,Indah Suryani,Consumer,Yogyakarta,Jawa,PROD-023,Buku Catatan Hardcover A5,Alat Tulis & Kantor,Kertas & Buku,3,45000.00,20000.00,0.05,128250.00,68250.00
ORD-00440,2026-04-06,Completed,E-Wallet,CUST-0017,Indah Suryani,Consumer,Yogyakarta,Jawa,PROD-010,USB Flashdrive 64GB,Elektronik,Storage,1,85000.00,45000.00,0.00,85000.00,40000.00
ORD-00668,2026-03-12,Completed,E-Wallet,CUST-0017,Indah Suryani,Consumer,Yogyakarta,Jawa,PROD-008,Webcam Full HD 1080p,Elektronik,Aksesoris Komputer,1,280000.00,175000.00,0.05,266000.00,91000.00
ORD-00858,2025-04-15,Completed,Credit Card,CUST-0017,Indah Suryani,Consumer,Yogyakarta,Jawa,PROD-020,Organizer Meja Acrylic,Perlengkapan Rumah,Storage,1,65000.00,32000.00,0.05,61750.00,29750.00
ORD-01084,2025-08-26,Completed,Credit Card,CUST-0017,Indah Suryani,Consumer,Yogyakarta,Jawa,PROD-024,Pulpen Gel Pack 12 Pcs,Alat Tulis & Kantor,Alat Tulis,1,36000.00,18000.00,0.00,36000.00,18000.00
ORD-01118,2026-03-04,Completed,E-Wallet,CUST-0017,Indah Suryani,Consumer,Yogyakarta,Jawa,PROD-019,Lampu Meja LED Belajar,Perlengkapan Rumah,Dekorasi,2,110000.00,60000.00,0.10,198000.00,78000.00
ORD-00385,2025-04-16,Completed,COD,CUST-0018,Dian Aminah,Corporate,Jakarta Selatan,Jawa,PROD-014,Celana Chino Slim Fit,Pakaian,Pria,1,185000.00,100000.00,0.15,157250.00,57250.00
ORD-00678,2025-03-25,Completed,Credit Card,CUST-0018,Dian Aminah,Corporate,Jakarta Selatan,Jawa,PROD-015,Blouse Wanita Casual,Pakaian,Wanita,1,135000.00,70000.00,0.00,135000.00,65000.00
ORD-01089,2026-01-30,Completed,E-Wallet,CUST-0018,Dian Aminah,Corporate,Jakarta Selatan,Jawa,PROD-011,Kaos Polos Cotton Combed 30s,Pakaian,Pria,1,75000.00,35000.00,0.05,71250.00,36250.00
ORD-01089,2026-01-30,Completed,E-Wallet,CUST-0018,Dian Aminah,Corporate,Jakarta Selatan,Jawa,PROD-010,USB Flashdrive 64GB,Elektronik,Storage,1,85000.00,45000.00,0.00,85000.00,40000.00
ORD-00229,2026-01-02,Completed,Credit Card,CUST-0019,Hendra Hadi,Consumer,Palembang,Sumatra,PROD-014,Celana Chino Slim Fit,Pakaian,Pria,2,185000.00,100000.00,0.05,351500.00,151500.00
ORD-00229,2026-01-02,Completed,Credit Card,CUST-0019,Hendra Hadi,Consumer,Palembang,Sumatra,PROD-012,Kemeja Flanel Lengan Panjang,Pakaian,Pria,1,165000.00,90000.00,0.05,156750.00,66750.00
ORD-00229,2026-01-02,Completed,Credit Card,CUST-0019,Hendra Hadi,Consumer,Palembang,Sumatra,PROD-021,Bantal Leher Memory Foam,Perlengkapan Rumah,Kebutuhan Harian,5,85000.00,42000.00,0.15,361250.00,151250.00
ORD-00989,2025-11-11,Completed,Credit Card,CUST-0019,Hendra Hadi,Consumer,Palembang,Sumatra,PROD-013,Jaket Hoodie Fleece,Pakaian,Pria,1,220000.00,125000.00,0.05,209000.00,84000.00
ORD-00783,2025-03-05,Completed,COD,CUST-0020,Rizky Wibowo,Consumer,Balikpapan,Kalimantan,PROD-013,Jaket Hoodie Fleece,Pakaian,Pria,1,220000.00,125000.00,0.00,220000.00,95000.00
ORD-00783,2025-03-05,Completed,COD,CUST-0020,Rizky Wibowo,Consumer,Balikpapan,Kalimantan,PROD-014,Celana Chino Slim Fit,Pakaian,Pria,1,185000.00,100000.00,0.05,175750.00,75750.00
ORD-00890,2025-08-24,Completed,Transfer Bank,CUST-0020,Rizky Wibowo,Consumer,Balikpapan,Kalimantan,PROD-021,Bantal Leher Memory Foam,Perlengkapan Rumah,Kebutuhan Harian,1,85000.00,42000.00,0.00,85000.00,43000.00
ORD-00962,2025-09-01,Completed,Transfer Bank,CUST-0020,Rizky Wibowo,Consumer,Balikpapan,Kalimantan,PROD-008,Webcam Full HD 1080p,Elektronik,Aksesoris Komputer,3,280000.00,175000.00,0.00,840000.00,315000.00
ORD-01151,2025-11-01,Completed,COD,CUST-0020,Rizky Wibowo,Consumer,Balikpapan,Kalimantan,PROD-020,Organizer Meja Acrylic,Perlengkapan Rumah,Storage,1,65000.00,32000.00,0.00,65000.00,33000.00
ORD-00020,2025-08-13,Completed,COD,CUST-0021,Dewi Santoso,Corporate,Bandung,Jawa,PROD-018,Botol Minum Tumbler 500ml,Perlengkapan Rumah,Dapur & Makan,2,95000.00,48000.00,0.10,171000.00,75000.00
ORD-00079,2025-11-18,Completed,Credit Card,CUST-0021,Dewi Santoso,Corporate,Bandung,Jawa,PROD-021,Bantal Leher Memory Foam,Perlengkapan Rumah,Kebutuhan Harian,3,85000.00,42000.00,0.00,255000.00,129000.00
ORD-00079,2025-11-18,Completed,Credit Card,CUST-0021,Dewi Santoso,Corporate,Bandung,Jawa,PROD-002,Keyboard Mechanical RGB,Elektronik,Aksesoris Komputer,1,450000.00,280000.00,0.00,450000.00,170000.00
ORD-00079,2025-11-18,Completed,Credit Card,CUST-0021,Dewi Santoso,Corporate,Bandung,Jawa,PROD-013,Jaket Hoodie Fleece,Pakaian,Pria,1,220000.00,125000.00,0.05,209000.00,84000.00
ORD-00179,2025-09-16,Completed,E-Wallet,CUST-0021,Dewi Santoso,Corporate,Bandung,Jawa,PROD-016,Tunik Batik Modern,Pakaian,Wanita,1,175000.00,95000.00,0.05,166250.00,71250.00
ORD-00179,2025-09-16,Completed,E-Wallet,CUST-0021,Dewi Santoso,Corporate,Bandung,Jawa,PROD-021,Bantal Leher Memory Foam,Perlengkapan Rumah,Kebutuhan Harian,1,85000.00,42000.00,0.00,85000.00,43000.00
ORD-00403,2025-05-18,Completed,Transfer Bank,CUST-0021,Dewi Santoso,Corporate,Bandung,Jawa,PROD-025,Desk Mat Deskpad Leather,Alat Tulis & Kantor,Aksesoris Meja,1,95000.00,50000.00,0.20,76000.00,26000.00
ORD-00573,2025-01-08,Completed,Transfer Bank,CUST-0021,Dewi Santoso,Corporate,Bandung,Jawa,PROD-019,Lampu Meja LED Belajar,Perlengkapan Rumah,Dekorasi,2,110000.00,60000.00,0.20,176000.00,56000.00
ORD-00573,2025-01-08,Completed,Transfer Bank,CUST-0021,Dewi Santoso,Corporate,Bandung,Jawa,PROD-017,Topi Baseball Canvas,Pakaian,Aksesoris Fashion,1,50000.00,22000.00,0.05,47500.00,25500.00
ORD-00801,2025-02-21,Completed,Credit Card,CUST-0021,Dewi Santoso,Corporate,Bandung,Jawa,PROD-016,Tunik Batik Modern,Pakaian,Wanita,1,175000.00,95000.00,0.00,175000.00,80000.00
ORD-00801,2025-02-21,Completed,Credit Card,CUST-0021,Dewi Santoso,Corporate,Bandung,Jawa,PROD-004,Stand Laptop Aluminium,Elektronik,Aksesoris Komputer,2,120000.00,70000.00,0.10,216000.00,76000.00
ORD-00801,2025-02-21,Completed,Credit Card,CUST-0021,Dewi Santoso,Corporate,Bandung,Jawa,PROD-011,Kaos Polos Cotton Combed 30s,Pakaian,Pria,2,75000.00,35000.00,0.15,127500.00,57500.00
ORD-00154,2025-02-06,Completed,COD,CUST-0022,Hendra Aminah,Consumer,Bandung,Jawa,PROD-004,Stand Laptop Aluminium,Elektronik,Aksesoris Komputer,1,120000.00,70000.00,0.00,120000.00,50000.00
ORD-00175,2025-08-25,Completed,COD,CUST-0022,Hendra Aminah,Consumer,Bandung,Jawa,PROD-002,Keyboard Mechanical RGB,Elektronik,Aksesoris Komputer,1,450000.00,280000.00,0.00,450000.00,170000.00
ORD-00175,2025-08-25,Completed,COD,CUST-0022,Hendra Aminah,Consumer,Bandung,Jawa,PROD-015,Blouse Wanita Casual,Pakaian,Wanita,2,135000.00,70000.00,0.00,270000.00,130000.00
ORD-00437,2026-04-04,Completed,E-Wallet,CUST-0022,Hendra Aminah,Consumer,Bandung,Jawa,PROD-022,Rak Sepatu Susun Plastik,Perlengkapan Rumah,Storage,1,125000.00,68000.00,0.00,125000.00,57000.00
ORD-00520,2025-10-05,Completed,COD,CUST-0022,Hendra Aminah,Consumer,Bandung,Jawa,PROD-023,Buku Catatan Hardcover A5,Alat Tulis & Kantor,Kertas & Buku,1,45000.00,20000.00,0.05,42750.00,22750.00
ORD-01092,2025-03-23,Completed,Transfer Bank,CUST-0022,Hendra Aminah,Consumer,Bandung,Jawa,PROD-020,Organizer Meja Acrylic,Perlengkapan Rumah,Storage,1,65000.00,32000.00,0.00,65000.00,33000.00
ORD-01092,2025-03-23,Completed,Transfer Bank,CUST-0022,Hendra Aminah,Consumer,Bandung,Jawa,PROD-018,Botol Minum Tumbler 500ml,Perlengkapan Rumah,Dapur & Makan,1,95000.00,48000.00,0.20,76000.00,28000.00
ORD-01155,2025-01-28,Completed,Credit Card,CUST-0022,Hendra Aminah,Consumer,Bandung,Jawa,PROD-024,Pulpen Gel Pack 12 Pcs,Alat Tulis & Kantor,Alat Tulis,1,36000.00,18000.00,0.00,36000.00,18000.00
ORD-01155,2025-01-28,Completed,Credit Card,CUST-0022,Hendra Aminah,Consumer,Bandung,Jawa,PROD-025,Desk Mat Deskpad Leather,Alat Tulis & Kantor,Aksesoris Meja,1,95000.00,50000.00,0.00,95000.00,45000.00
ORD-00114,2025-08-20,Completed,Credit Card,CUST-0023,Rian Kurniawan,Consumer,Bandung,Jawa,PROD-019,Lampu Meja LED Belajar,Perlengkapan Rumah,Dekorasi,1,110000.00,60000.00,0.00,110000.00,50000.00
ORD-00222,2025-07-19,Completed,COD,CUST-0023,Rian Kurniawan,Consumer,Bandung,Jawa,PROD-009,Earphones TWS Bluetooth 5.3,Elektronik,Audio,2,250000.00,140000.00,0.00,500000.00,220000.00
ORD-00491,2025-06-13,Completed,Transfer Bank,CUST-0023,Rian Kurniawan,Consumer,Bandung,Jawa,PROD-003,Headset Gaming Surround 7.1,Elektronik,Audio,2,350000.00,210000.00,0.10,630000.00,210000.00
ORD-00491,2025-06-13,Completed,Transfer Bank,CUST-0023,Rian Kurniawan,Consumer,Bandung,Jawa,PROD-020,Organizer Meja Acrylic,Perlengkapan Rumah,Storage,1,65000.00,32000.00,0.10,58500.00,26500.00
ORD-00491,2025-06-13,Completed,Transfer Bank,CUST-0023,Rian Kurniawan,Consumer,Bandung,Jawa,PROD-015,Blouse Wanita Casual,Pakaian,Wanita,1,135000.00,70000.00,0.10,121500.00,51500.00
ORD-00599,2025-04-25,Completed,COD,CUST-0024,Indah Saputra,Consumer,Medan,Sumatra,PROD-006,Kabel Data Type-C Fast Charge,Elektronik,Aksesoris Mobile,1,35000.00,15000.00,0.00,35000.00,20000.00
ORD-00599,2025-04-25,Completed,COD,CUST-0024,Indah Saputra,Consumer,Medan,Sumatra,PROD-010,USB Flashdrive 64GB,Elektronik,Storage,1,85000.00,45000.00,0.00,85000.00,40000.00
ORD-00803,2026-01-14,Completed,Transfer Bank,CUST-0024,Indah Saputra,Consumer,Medan,Sumatra,PROD-010,USB Flashdrive 64GB,Elektronik,Storage,2,85000.00,45000.00,0.15,144500.00,54500.00
ORD-00803,2026-01-14,Completed,Transfer Bank,CUST-0024,Indah Saputra,Consumer,Medan,Sumatra,PROD-004,Stand Laptop Aluminium,Elektronik,Aksesoris Komputer,3,120000.00,70000.00,0.00,360000.00,150000.00
ORD-00233,2025-07-02,Completed,Credit Card,CUST-0025,Andi Wijaya,Consumer,Makassar,Sulawesi,PROD-019,Lampu Meja LED Belajar,Perlengkapan Rumah,Dekorasi,1,110000.00,60000.00,0.05,104500.00,44500.00
ORD-00233,2025-07-02,Completed,Credit Card,CUST-0025,Andi Wijaya,Consumer,Makassar,Sulawesi,PROD-016,Tunik Batik Modern,Pakaian,Wanita,3,175000.00,95000.00,0.00,525000.00,240000.00
ORD-00233,2025-07-02,Completed,Credit Card,CUST-0025,Andi Wijaya,Consumer,Makassar,Sulawesi,PROD-012,Kemeja Flanel Lengan Panjang,Pakaian,Pria,2,165000.00,90000.00,0.00,330000.00,150000.00
ORD-00293,2025-04-21,Cancelled,Transfer Bank,CUST-0025,Andi Wijaya,Consumer,Makassar,Sulawesi,PROD-023,Buku Catatan Hardcover A5,Alat Tulis & Kantor,Kertas & Buku,1,45000.00,20000.00,0.05,42750.00,22750.00
ORD-00293,2025-04-21,Cancelled,Transfer Bank,CUST-0025,Andi Wijaya,Consumer,Makassar,Sulawesi,PROD-024,Pulpen Gel Pack 12 Pcs,Alat Tulis & Kantor,Alat Tulis,1,36000.00,18000.00,0.05,34200.00,16200.00
ORD-00386,2025-11-03,Completed,E-Wallet,CUST-0025,Andi Wijaya,Consumer,Makassar,Sulawesi,PROD-024,Pulpen Gel Pack 12 Pcs,Alat Tulis & Kantor,Alat Tulis,1,36000.00,18000.00,0.00,36000.00,18000.00
ORD-00422,2026-03-06,Completed,Transfer Bank,CUST-0025,Andi Wijaya,Consumer,Makassar,Sulawesi,PROD-016,Tunik Batik Modern,Pakaian,Wanita,1,175000.00,95000.00,0.05,166250.00,71250.00
ORD-00422,2026-03-06,Completed,Transfer Bank,CUST-0025,Andi Wijaya,Consumer,Makassar,Sulawesi,PROD-018,Botol Minum Tumbler 500ml,Perlengkapan Rumah,Dapur & Makan,3,95000.00,48000.00,0.10,256500.00,112500.00
ORD-00076,2025-01-05,Completed,COD,CUST-0026,Rina Saputra,Corporate,Makassar,Sulawesi,PROD-025,Desk Mat Deskpad Leather,Alat Tulis & Kantor,Aksesoris Meja,1,95000.00,50000.00,0.15,80750.00,30750.00
ORD-00076,2025-01-05,Completed,COD,CUST-0026,Rina Saputra,Corporate,Makassar,Sulawesi,PROD-023,Buku Catatan Hardcover A5,Alat Tulis & Kantor,Kertas & Buku,5,45000.00,20000.00,0.00,225000.00,125000.00
ORD-00729,2025-05-08,Completed,Credit Card,CUST-0026,Rina Saputra,Corporate,Makassar,Sulawesi,PROD-003,Headset Gaming Surround 7.1,Elektronik,Audio,1,350000.00,210000.00,0.05,332500.00,122500.00
ORD-00729,2025-05-08,Completed,Credit Card,CUST-0026,Rina Saputra,Corporate,Makassar,Sulawesi,PROD-019,Lampu Meja LED Belajar,Perlengkapan Rumah,Dekorasi,1,110000.00,60000.00,0.00,110000.00,50000.00
ORD-00729,2025-05-08,Completed,Credit Card,CUST-0026,Rina Saputra,Corporate,Makassar,Sulawesi,PROD-023,Buku Catatan Hardcover A5,Alat Tulis & Kantor,Kertas & Buku,1,45000.00,20000.00,0.00,45000.00,25000.00
ORD-00735,2025-05-26,Completed,E-Wallet,CUST-0026,Rina Saputra,Corporate,Makassar,Sulawesi,PROD-011,Kaos Polos Cotton Combed 30s,Pakaian,Pria,1,75000.00,35000.00,0.00,75000.00,40000.00
ORD-00735,2025-05-26,Completed,E-Wallet,CUST-0026,Rina Saputra,Corporate,Makassar,Sulawesi,PROD-014,Celana Chino Slim Fit,Pakaian,Pria,1,185000.00,100000.00,0.00,185000.00,85000.00
ORD-00735,2025-05-26,Completed,E-Wallet,CUST-0026,Rina Saputra,Corporate,Makassar,Sulawesi,PROD-006,Kabel Data Type-C Fast Charge,Elektronik,Aksesoris Mobile,1,35000.00,15000.00,0.10,31500.00,16500.00
ORD-00822,2025-05-04,Completed,E-Wallet,CUST-0026,Rina Saputra,Corporate,Makassar,Sulawesi,PROD-004,Stand Laptop Aluminium,Elektronik,Aksesoris Komputer,1,120000.00,70000.00,0.00,120000.00,50000.00
ORD-01079,2025-06-14,Completed,Transfer Bank,CUST-0026,Rina Saputra,Corporate,Makassar,Sulawesi,PROD-015,Blouse Wanita Casual,Pakaian,Wanita,1,135000.00,70000.00,0.00,135000.00,65000.00
ORD-00034,2025-11-17,Completed,E-Wallet,CUST-0027,Dewi Wibowo,Consumer,Medan,Sumatra,PROD-011,Kaos Polos Cotton Combed 30s,Pakaian,Pria,2,75000.00,35000.00,0.00,150000.00,80000.00
ORD-00034,2025-11-17,Completed,E-Wallet,CUST-0027,Dewi Wibowo,Consumer,Medan,Sumatra,PROD-012,Kemeja Flanel Lengan Panjang,Pakaian,Pria,3,165000.00,90000.00,0.05,470250.00,200250.00
ORD-00034,2025-11-17,Completed,E-Wallet,CUST-0027,Dewi Wibowo,Consumer,Medan,Sumatra,PROD-006,Kabel Data Type-C Fast Charge,Elektronik,Aksesoris Mobile,1,35000.00,15000.00,0.00,35000.00,20000.00
ORD-00111,2025-01-09,Completed,E-Wallet,CUST-0027,Dewi Wibowo,Consumer,Medan,Sumatra,PROD-021,Bantal Leher Memory Foam,Perlengkapan Rumah,Kebutuhan Harian,1,85000.00,42000.00,0.05,80750.00,38750.00
ORD-00111,2025-01-09,Completed,E-Wallet,CUST-0027,Dewi Wibowo,Consumer,Medan,Sumatra,PROD-025,Desk Mat Deskpad Leather,Alat Tulis & Kantor,Aksesoris Meja,1,95000.00,50000.00,0.00,95000.00,45000.00
ORD-00111,2025-01-09,Completed,E-Wallet,CUST-0027,Dewi Wibowo,Consumer,Medan,Sumatra,PROD-001,Mouse Wireless M185,Elektronik,Aksesoris Komputer,1,150000.00,95000.00,0.15,127500.00,32500.00
ORD-00111,2025-01-09,Completed,E-Wallet,CUST-0027,Dewi Wibowo,Consumer,Medan,Sumatra,PROD-006,Kabel Data Type-C Fast Charge,Elektronik,Aksesoris Mobile,5,35000.00,15000.00,0.00,175000.00,100000.00
ORD-00182,2025-07-29,Completed,Credit Card,CUST-0027,Dewi Wibowo,Consumer,Medan,Sumatra,PROD-024,Pulpen Gel Pack 12 Pcs,Alat Tulis & Kantor,Alat Tulis,1,36000.00,18000.00,0.00,36000.00,18000.00
ORD-00182,2025-07-29,Completed,Credit Card,CUST-0027,Dewi Wibowo,Consumer,Medan,Sumatra,PROD-016,Tunik Batik Modern,Pakaian,Wanita,3,175000.00,95000.00,0.00,525000.00,240000.00
ORD-00297,2025-07-07,Completed,E-Wallet,CUST-0027,Dewi Wibowo,Consumer,Medan,Sumatra,PROD-019,Lampu Meja LED Belajar,Perlengkapan Rumah,Dekorasi,2,110000.00,60000.00,0.00,220000.00,100000.00
ORD-00297,2025-07-07,Completed,E-Wallet,CUST-0027,Dewi Wibowo,Consumer,Medan,Sumatra,PROD-001,Mouse Wireless M185,Elektronik,Aksesoris Komputer,1,150000.00,95000.00,0.20,120000.00,25000.00
ORD-00549,2025-12-07,Completed,COD,CUST-0027,Dewi Wibowo,Consumer,Medan,Sumatra,PROD-020,Organizer Meja Acrylic,Perlengkapan Rumah,Storage,3,65000.00,32000.00,0.05,185250.00,89250.00
ORD-00598,2025-03-03,Completed,E-Wallet,CUST-0027,Dewi Wibowo,Consumer,Medan,Sumatra,PROD-016,Tunik Batik Modern,Pakaian,Wanita,1,175000.00,95000.00,0.10,157500.00,62500.00
ORD-00598,2025-03-03,Completed,E-Wallet,CUST-0027,Dewi Wibowo,Consumer,Medan,Sumatra,PROD-011,Kaos Polos Cotton Combed 30s,Pakaian,Pria,1,75000.00,35000.00,0.00,75000.00,40000.00
ORD-00872,2025-03-20,Completed,Credit Card,CUST-0027,Dewi Wibowo,Consumer,Medan,Sumatra,PROD-007,Powerbank 10000mAh Dual Port,Elektronik,Aksesoris Mobile,3,200000.00,120000.00,0.00,600000.00,240000.00
ORD-00004,2025-10-23,Completed,E-Wallet,CUST-0028,Yudi Utami,Corporate,Surabaya,Jawa,PROD-024,Pulpen Gel Pack 12 Pcs,Alat Tulis & Kantor,Alat Tulis,1,36000.00,18000.00,0.00,36000.00,18000.00
ORD-00207,2026-04-22,Completed,COD,CUST-0028,Yudi Utami,Corporate,Surabaya,Jawa,PROD-013,Jaket Hoodie Fleece,Pakaian,Pria,1,220000.00,125000.00,0.00,220000.00,95000.00
ORD-00761,2026-03-12,Completed,Transfer Bank,CUST-0028,Yudi Utami,Corporate,Surabaya,Jawa,PROD-004,Stand Laptop Aluminium,Elektronik,Aksesoris Komputer,2,120000.00,70000.00,0.00,240000.00,100000.00
ORD-00763,2025-09-29,Completed,E-Wallet,CUST-0028,Yudi Utami,Corporate,Surabaya,Jawa,PROD-013,Jaket Hoodie Fleece,Pakaian,Pria,1,220000.00,125000.00,0.00,220000.00,95000.00
ORD-00819,2026-03-06,Completed,Transfer Bank,CUST-0028,Yudi Utami,Corporate,Surabaya,Jawa,PROD-012,Kemeja Flanel Lengan Panjang,Pakaian,Pria,3,165000.00,90000.00,0.00,495000.00,225000.00
ORD-00855,2025-01-13,Completed,Transfer Bank,CUST-0028,Yudi Utami,Corporate,Surabaya,Jawa,PROD-008,Webcam Full HD 1080p,Elektronik,Aksesoris Komputer,1,280000.00,175000.00,0.10,252000.00,77000.00
ORD-00855,2025-01-13,Completed,Transfer Bank,CUST-0028,Yudi Utami,Corporate,Surabaya,Jawa,PROD-014,Celana Chino Slim Fit,Pakaian,Pria,5,185000.00,100000.00,0.00,925000.00,425000.00
ORD-00855,2025-01-13,Completed,Transfer Bank,CUST-0028,Yudi Utami,Corporate,Surabaya,Jawa,PROD-017,Topi Baseball Canvas,Pakaian,Aksesoris Fashion,2,50000.00,22000.00,0.00,100000.00,56000.00
ORD-00855,2025-01-13,Completed,Transfer Bank,CUST-0028,Yudi Utami,Corporate,Surabaya,Jawa,PROD-006,Kabel Data Type-C Fast Charge,Elektronik,Aksesoris Mobile,1,35000.00,15000.00,0.00,35000.00,20000.00
ORD-01053,2025-02-02,Completed,Transfer Bank,CUST-0028,Yudi Utami,Corporate,Surabaya,Jawa,PROD-005,Monitor 24 inch IPS 75Hz,Elektronik,Display,2,1800000.00,1350000.00,0.00,3600000.00,900000.00
ORD-00064,2025-01-24,Completed,Credit Card,CUST-0029,Andi Nugroho,Corporate,Bandung,Jawa,PROD-003,Headset Gaming Surround 7.1,Elektronik,Audio,1,350000.00,210000.00,0.00,350000.00,140000.00
ORD-00149,2025-01-24,Completed,Transfer Bank,CUST-0029,Andi Nugroho,Corporate,Bandung,Jawa,PROD-016,Tunik Batik Modern,Pakaian,Wanita,5,175000.00,95000.00,0.15,743750.00,268750.00
ORD-00149,2025-01-24,Completed,Transfer Bank,CUST-0029,Andi Nugroho,Corporate,Bandung,Jawa,PROD-018,Botol Minum Tumbler 500ml,Perlengkapan Rumah,Dapur & Makan,1,95000.00,48000.00,0.00,95000.00,47000.00
ORD-00388,2025-10-04,Completed,E-Wallet,CUST-0029,Andi Nugroho,Corporate,Bandung,Jawa,PROD-004,Stand Laptop Aluminium,Elektronik,Aksesoris Komputer,2,120000.00,70000.00,0.00,240000.00,100000.00
ORD-00582,2025-08-21,Completed,Credit Card,CUST-0029,Andi Nugroho,Corporate,Bandung,Jawa,PROD-020,Organizer Meja Acrylic,Perlengkapan Rumah,Storage,1,65000.00,32000.00,0.15,55250.00,23250.00
ORD-00649,2025-05-17,Completed,E-Wallet,CUST-0029,Andi Nugroho,Corporate,Bandung,Jawa,PROD-019,Lampu Meja LED Belajar,Perlengkapan Rumah,Dekorasi,1,110000.00,60000.00,0.15,93500.00,33500.00
ORD-00649,2025-05-17,Completed,E-Wallet,CUST-0029,Andi Nugroho,Corporate,Bandung,Jawa,PROD-010,USB Flashdrive 64GB,Elektronik,Storage,1,85000.00,45000.00,0.10,76500.00,31500.00
ORD-00243,2025-05-21,Completed,Transfer Bank,CUST-0030,Lestari Setiawan,Consumer,Semarang,Jawa,PROD-004,Stand Laptop Aluminium,Elektronik,Aksesoris Komputer,1,120000.00,70000.00,0.15,102000.00,32000.00
ORD-00398,2026-02-17,Completed,COD,CUST-0030,Lestari Setiawan,Consumer,Semarang,Jawa,PROD-023,Buku Catatan Hardcover A5,Alat Tulis & Kantor,Kertas & Buku,2,45000.00,20000.00,0.00,90000.00,50000.00
ORD-00280,2025-06-02,Completed,E-Wallet,CUST-0031,Agus Saputra,Corporate,Palembang,Sumatra,PROD-023,Buku Catatan Hardcover A5,Alat Tulis & Kantor,Kertas & Buku,1,45000.00,20000.00,0.00,45000.00,25000.00
ORD-00280,2025-06-02,Completed,E-Wallet,CUST-0031,Agus Saputra,Corporate,Palembang,Sumatra,PROD-012,Kemeja Flanel Lengan Panjang,Pakaian,Pria,1,165000.00,90000.00,0.00,165000.00,75000.00
ORD-00339,2025-06-14,Completed,Transfer Bank,CUST-0031,Agus Saputra,Corporate,Palembang,Sumatra,PROD-008,Webcam Full HD 1080p,Elektronik,Aksesoris Komputer,1,280000.00,175000.00,0.05,266000.00,91000.00
ORD-00421,2026-04-15,Completed,Transfer Bank,CUST-0031,Agus Saputra,Corporate,Palembang,Sumatra,PROD-020,Organizer Meja Acrylic,Perlengkapan Rumah,Storage,1,65000.00,32000.00,0.00,65000.00,33000.00
ORD-00421,2026-04-15,Completed,Transfer Bank,CUST-0031,Agus Saputra,Corporate,Palembang,Sumatra,PROD-003,Headset Gaming Surround 7.1,Elektronik,Audio,3,350000.00,210000.00,0.00,1050000.00,420000.00
ORD-00421,2026-04-15,Completed,Transfer Bank,CUST-0031,Agus Saputra,Corporate,Palembang,Sumatra,PROD-013,Jaket Hoodie Fleece,Pakaian,Pria,2,220000.00,125000.00,0.00,440000.00,190000.00
ORD-00809,2025-02-27,Completed,E-Wallet,CUST-0031,Agus Saputra,Corporate,Palembang,Sumatra,PROD-021,Bantal Leher Memory Foam,Perlengkapan Rumah,Kebutuhan Harian,1,85000.00,42000.00,0.10,76500.00,34500.00
ORD-00115,2025-08-23,Completed,COD,CUST-0032,Siti Hidayat,Consumer,Makassar,Sulawesi,PROD-002,Keyboard Mechanical RGB,Elektronik,Aksesoris Komputer,2,450000.00,280000.00,0.10,810000.00,250000.00
ORD-00115,2025-08-23,Completed,COD,CUST-0032,Siti Hidayat,Consumer,Makassar,Sulawesi,PROD-020,Organizer Meja Acrylic,Perlengkapan Rumah,Storage,2,65000.00,32000.00,0.00,130000.00,66000.00
ORD-00392,2025-07-31,Completed,E-Wallet,CUST-0032,Siti Hidayat,Consumer,Makassar,Sulawesi,PROD-014,Celana Chino Slim Fit,Pakaian,Pria,1,185000.00,100000.00,0.00,185000.00,85000.00
ORD-00392,2025-07-31,Completed,E-Wallet,CUST-0032,Siti Hidayat,Consumer,Makassar,Sulawesi,PROD-006,Kabel Data Type-C Fast Charge,Elektronik,Aksesoris Mobile,2,35000.00,15000.00,0.00,70000.00,40000.00
ORD-00392,2025-07-31,Completed,E-Wallet,CUST-0032,Siti Hidayat,Consumer,Makassar,Sulawesi,PROD-017,Topi Baseball Canvas,Pakaian,Aksesoris Fashion,1,50000.00,22000.00,0.10,45000.00,23000.00
ORD-00857,2025-12-16,Completed,Credit Card,CUST-0032,Siti Hidayat,Consumer,Makassar,Sulawesi,PROD-018,Botol Minum Tumbler 500ml,Perlengkapan Rumah,Dapur & Makan,1,95000.00,48000.00,0.05,90250.00,42250.00
ORD-00857,2025-12-16,Completed,Credit Card,CUST-0032,Siti Hidayat,Consumer,Makassar,Sulawesi,PROD-008,Webcam Full HD 1080p,Elektronik,Aksesoris Komputer,2,280000.00,175000.00,0.05,532000.00,182000.00
ORD-00857,2025-12-16,Completed,Credit Card,CUST-0032,Siti Hidayat,Consumer,Makassar,Sulawesi,PROD-007,Powerbank 10000mAh Dual Port,Elektronik,Aksesoris Mobile,2,200000.00,120000.00,0.00,400000.00,160000.00
ORD-01124,2025-08-28,Completed,Credit Card,CUST-0032,Siti Hidayat,Consumer,Makassar,Sulawesi,PROD-006,Kabel Data Type-C Fast Charge,Elektronik,Aksesoris Mobile,2,35000.00,15000.00,0.05,66500.00,36500.00
ORD-01189,2025-05-01,Completed,Credit Card,CUST-0032,Siti Hidayat,Consumer,Makassar,Sulawesi,PROD-005,Monitor 24 inch IPS 75Hz,Elektronik,Display,1,1800000.00,1350000.00,0.00,1800000.00,450000.00
ORD-00092,2026-04-14,Completed,COD,CUST-0033,Maya Kurniawan,Consumer,Yogyakarta,Jawa,PROD-005,Monitor 24 inch IPS 75Hz,Elektronik,Display,1,1800000.00,1350000.00,0.10,1620000.00,270000.00
ORD-00372,2025-01-24,Completed,Transfer Bank,CUST-0033,Maya Kurniawan,Consumer,Yogyakarta,Jawa,PROD-025,Desk Mat Deskpad Leather,Alat Tulis & Kantor,Aksesoris Meja,1,95000.00,50000.00,0.10,85500.00,35500.00
ORD-00372,2025-01-24,Completed,Transfer Bank,CUST-0033,Maya Kurniawan,Consumer,Yogyakarta,Jawa,PROD-024,Pulpen Gel Pack 12 Pcs,Alat Tulis & Kantor,Alat Tulis,1,36000.00,18000.00,0.00,36000.00,18000.00
ORD-00499,2025-04-16,Returned,Transfer Bank,CUST-0033,Maya Kurniawan,Consumer,Yogyakarta,Jawa,PROD-022,Rak Sepatu Susun Plastik,Perlengkapan Rumah,Storage,1,125000.00,68000.00,0.05,118750.00,50750.00
ORD-00745,2025-12-17,Completed,Credit Card,CUST-0033,Maya Kurniawan,Consumer,Yogyakarta,Jawa,PROD-021,Bantal Leher Memory Foam,Perlengkapan Rumah,Kebutuhan Harian,2,85000.00,42000.00,0.00,170000.00,86000.00
ORD-00895,2025-11-25,Completed,Transfer Bank,CUST-0033,Maya Kurniawan,Consumer,Yogyakarta,Jawa,PROD-010,USB Flashdrive 64GB,Elektronik,Storage,2,85000.00,45000.00,0.00,170000.00,80000.00
ORD-00895,2025-11-25,Completed,Transfer Bank,CUST-0033,Maya Kurniawan,Consumer,Yogyakarta,Jawa,PROD-007,Powerbank 10000mAh Dual Port,Elektronik,Aksesoris Mobile,1,200000.00,120000.00,0.00,200000.00,80000.00
ORD-00895,2025-11-25,Completed,Transfer Bank,CUST-0033,Maya Kurniawan,Consumer,Yogyakarta,Jawa,PROD-008,Webcam Full HD 1080p,Elektronik,Aksesoris Komputer,5,280000.00,175000.00,0.00,1400000.00,525000.00
ORD-00256,2025-12-08,Completed,Credit Card,CUST-0034,Dewi Hidayat,Home Office,Medan,Sumatra,PROD-007,Powerbank 10000mAh Dual Port,Elektronik,Aksesoris Mobile,1,200000.00,120000.00,0.00,200000.00,80000.00
ORD-00256,2025-12-08,Completed,Credit Card,CUST-0034,Dewi Hidayat,Home Office,Medan,Sumatra,PROD-016,Tunik Batik Modern,Pakaian,Wanita,1,175000.00,95000.00,0.00,175000.00,80000.00
ORD-00579,2025-07-20,Completed,Credit Card,CUST-0034,Dewi Hidayat,Home Office,Medan,Sumatra,PROD-014,Celana Chino Slim Fit,Pakaian,Pria,1,185000.00,100000.00,0.00,185000.00,85000.00
ORD-00579,2025-07-20,Completed,Credit Card,CUST-0034,Dewi Hidayat,Home Office,Medan,Sumatra,PROD-007,Powerbank 10000mAh Dual Port,Elektronik,Aksesoris Mobile,2,200000.00,120000.00,0.05,380000.00,140000.00
ORD-00579,2025-07-20,Completed,Credit Card,CUST-0034,Dewi Hidayat,Home Office,Medan,Sumatra,PROD-012,Kemeja Flanel Lengan Panjang,Pakaian,Pria,1,165000.00,90000.00,0.00,165000.00,75000.00
ORD-00726,2025-09-21,Completed,Credit Card,CUST-0034,Dewi Hidayat,Home Office,Medan,Sumatra,PROD-006,Kabel Data Type-C Fast Charge,Elektronik,Aksesoris Mobile,1,35000.00,15000.00,0.00,35000.00,20000.00
ORD-00708,2026-04-12,Cancelled,Transfer Bank,CUST-0035,Maya Hidayat,Home Office,Balikpapan,Kalimantan,PROD-008,Webcam Full HD 1080p,Elektronik,Aksesoris Komputer,1,280000.00,175000.00,0.00,280000.00,105000.00
ORD-00875,2026-05-05,Completed,E-Wallet,CUST-0035,Maya Hidayat,Home Office,Balikpapan,Kalimantan,PROD-023,Buku Catatan Hardcover A5,Alat Tulis & Kantor,Kertas & Buku,2,45000.00,20000.00,0.00,90000.00,50000.00
ORD-01117,2025-02-26,Completed,Transfer Bank,CUST-0035,Maya Hidayat,Home Office,Balikpapan,Kalimantan,PROD-024,Pulpen Gel Pack 12 Pcs,Alat Tulis & Kantor,Alat Tulis,2,36000.00,18000.00,0.10,64800.00,28800.00
ORD-01117,2025-02-26,Completed,Transfer Bank,CUST-0035,Maya Hidayat,Home Office,Balikpapan,Kalimantan,PROD-013,Jaket Hoodie Fleece,Pakaian,Pria,1,220000.00,125000.00,0.00,220000.00,95000.00
ORD-01180,2025-08-27,Completed,COD,CUST-0035,Maya Hidayat,Home Office,Balikpapan,Kalimantan,PROD-023,Buku Catatan Hardcover A5,Alat Tulis & Kantor,Kertas & Buku,1,45000.00,20000.00,0.00,45000.00,25000.00
ORD-01180,2025-08-27,Completed,COD,CUST-0035,Maya Hidayat,Home Office,Balikpapan,Kalimantan,PROD-013,Jaket Hoodie Fleece,Pakaian,Pria,1,220000.00,125000.00,0.00,220000.00,95000.00
ORD-00914,2025-02-21,Completed,E-Wallet,CUST-0036,Dian Setiawan,Home Office,Denpasar,Bali & Nusa Tenggara,PROD-004,Stand Laptop Aluminium,Elektronik,Aksesoris Komputer,1,120000.00,70000.00,0.00,120000.00,50000.00
ORD-00914,2025-02-21,Completed,E-Wallet,CUST-0036,Dian Setiawan,Home Office,Denpasar,Bali & Nusa Tenggara,PROD-002,Keyboard Mechanical RGB,Elektronik,Aksesoris Komputer,2,450000.00,280000.00,0.00,900000.00,340000.00
ORD-00555,2025-12-22,Completed,E-Wallet,CUST-0037,Eko Prasetyo,Consumer,Denpasar,Bali & Nusa Tenggara,PROD-019,Lampu Meja LED Belajar,Perlengkapan Rumah,Dekorasi,1,110000.00,60000.00,0.05,104500.00,44500.00
ORD-01086,2025-05-17,Completed,COD,CUST-0037,Eko Prasetyo,Consumer,Denpasar,Bali & Nusa Tenggara,PROD-002,Keyboard Mechanical RGB,Elektronik,Aksesoris Komputer,2,450000.00,280000.00,0.00,900000.00,340000.00
ORD-01122,2025-07-07,Completed,Transfer Bank,CUST-0037,Eko Prasetyo,Consumer,Denpasar,Bali & Nusa Tenggara,PROD-004,Stand Laptop Aluminium,Elektronik,Aksesoris Komputer,1,120000.00,70000.00,0.20,96000.00,26000.00
ORD-00254,2025-04-13,Completed,COD,CUST-0038,Agus Utami,Consumer,Surabaya,Jawa,PROD-001,Mouse Wireless M185,Elektronik,Aksesoris Komputer,1,150000.00,95000.00,0.20,120000.00,25000.00
ORD-00254,2025-04-13,Completed,COD,CUST-0038,Agus Utami,Consumer,Surabaya,Jawa,PROD-023,Buku Catatan Hardcover A5,Alat Tulis & Kantor,Kertas & Buku,1,45000.00,20000.00,0.00,45000.00,25000.00
ORD-00254,2025-04-13,Completed,COD,CUST-0038,Agus Utami,Consumer,Surabaya,Jawa,PROD-017,Topi Baseball Canvas,Pakaian,Aksesoris Fashion,1,50000.00,22000.00,0.05,47500.00,25500.00
ORD-00254,2025-04-13,Completed,COD,CUST-0038,Agus Utami,Consumer,Surabaya,Jawa,PROD-008,Webcam Full HD 1080p,Elektronik,Aksesoris Komputer,1,280000.00,175000.00,0.10,252000.00,77000.00
ORD-00264,2025-03-06,Completed,COD,CUST-0038,Agus Utami,Consumer,Surabaya,Jawa,PROD-013,Jaket Hoodie Fleece,Pakaian,Pria,3,220000.00,125000.00,0.00,660000.00,285000.00
ORD-00264,2025-03-06,Completed,COD,CUST-0038,Agus Utami,Consumer,Surabaya,Jawa,PROD-004,Stand Laptop Aluminium,Elektronik,Aksesoris Komputer,1,120000.00,70000.00,0.00,120000.00,50000.00
ORD-00264,2025-03-06,Completed,COD,CUST-0038,Agus Utami,Consumer,Surabaya,Jawa,PROD-009,Earphones TWS Bluetooth 5.3,Elektronik,Audio,3,250000.00,140000.00,0.00,750000.00,330000.00
ORD-00264,2025-03-06,Completed,COD,CUST-0038,Agus Utami,Consumer,Surabaya,Jawa,PROD-002,Keyboard Mechanical RGB,Elektronik,Aksesoris Komputer,1,450000.00,280000.00,0.10,405000.00,125000.00
ORD-00298,2025-07-05,Completed,COD,CUST-0038,Agus Utami,Consumer,Surabaya,Jawa,PROD-011,Kaos Polos Cotton Combed 30s,Pakaian,Pria,1,75000.00,35000.00,0.00,75000.00,40000.00
ORD-00298,2025-07-05,Completed,COD,CUST-0038,Agus Utami,Consumer,Surabaya,Jawa,PROD-007,Powerbank 10000mAh Dual Port,Elektronik,Aksesoris Mobile,2,200000.00,120000.00,0.15,340000.00,100000.00
ORD-00011,2025-05-03,Completed,E-Wallet,CUST-0039,Yudi Prasetyo,Corporate,Palembang,Sumatra,PROD-023,Buku Catatan Hardcover A5,Alat Tulis & Kantor,Kertas & Buku,1,45000.00,20000.00,0.00,45000.00,25000.00
ORD-00057,2026-03-22,Completed,COD,CUST-0039,Yudi Prasetyo,Corporate,Palembang,Sumatra,PROD-012,Kemeja Flanel Lengan Panjang,Pakaian,Pria,1,165000.00,90000.00,0.00,165000.00,75000.00
ORD-00057,2026-03-22,Completed,COD,CUST-0039,Yudi Prasetyo,Corporate,Palembang,Sumatra,PROD-014,Celana Chino Slim Fit,Pakaian,Pria,1,185000.00,100000.00,0.00,185000.00,85000.00
ORD-00166,2025-11-05,Completed,E-Wallet,CUST-0039,Yudi Prasetyo,Corporate,Palembang,Sumatra,PROD-021,Bantal Leher Memory Foam,Perlengkapan Rumah,Kebutuhan Harian,3,85000.00,42000.00,0.00,255000.00,129000.00
ORD-00166,2025-11-05,Completed,E-Wallet,CUST-0039,Yudi Prasetyo,Corporate,Palembang,Sumatra,PROD-003,Headset Gaming Surround 7.1,Elektronik,Audio,1,350000.00,210000.00,0.05,332500.00,122500.00
ORD-00166,2025-11-05,Completed,E-Wallet,CUST-0039,Yudi Prasetyo,Corporate,Palembang,Sumatra,PROD-011,Kaos Polos Cotton Combed 30s,Pakaian,Pria,1,75000.00,35000.00,0.00,75000.00,40000.00
ORD-00439,2025-05-19,Completed,Credit Card,CUST-0039,Yudi Prasetyo,Corporate,Palembang,Sumatra,PROD-019,Lampu Meja LED Belajar,Perlengkapan Rumah,Dekorasi,2,110000.00,60000.00,0.00,220000.00,100000.00
ORD-00439,2025-05-19,Completed,Credit Card,CUST-0039,Yudi Prasetyo,Corporate,Palembang,Sumatra,PROD-008,Webcam Full HD 1080p,Elektronik,Aksesoris Komputer,1,280000.00,175000.00,0.10,252000.00,77000.00
ORD-00439,2025-05-19,Completed,Credit Card,CUST-0039,Yudi Prasetyo,Corporate,Palembang,Sumatra,PROD-016,Tunik Batik Modern,Pakaian,Wanita,5,175000.00,95000.00,0.05,831250.00,356250.00
ORD-00439,2025-05-19,Completed,Credit Card,CUST-0039,Yudi Prasetyo,Corporate,Palembang,Sumatra,PROD-010,USB Flashdrive 64GB,Elektronik,Storage,5,85000.00,45000.00,0.05,403750.00,178750.00
ORD-00616,2025-08-20,Completed,E-Wallet,CUST-0039,Yudi Prasetyo,Corporate,Palembang,Sumatra,PROD-019,Lampu Meja LED Belajar,Perlengkapan Rumah,Dekorasi,1,110000.00,60000.00,0.00,110000.00,50000.00
ORD-00631,2025-10-26,Cancelled,Transfer Bank,CUST-0039,Yudi Prasetyo,Corporate,Palembang,Sumatra,PROD-012,Kemeja Flanel Lengan Panjang,Pakaian,Pria,1,165000.00,90000.00,0.00,165000.00,75000.00
ORD-00155,2025-01-10,Completed,Credit Card,CUST-0040,Fajar Setiawan,Consumer,Balikpapan,Kalimantan,PROD-021,Bantal Leher Memory Foam,Perlengkapan Rumah,Kebutuhan Harian,1,85000.00,42000.00,0.00,85000.00,43000.00
ORD-00162,2025-06-20,Completed,Transfer Bank,CUST-0040,Fajar Setiawan,Consumer,Balikpapan,Kalimantan,PROD-001,Mouse Wireless M185,Elektronik,Aksesoris Komputer,1,150000.00,95000.00,0.00,150000.00,55000.00
ORD-00363,2025-09-28,Completed,Transfer Bank,CUST-0040,Fajar Setiawan,Consumer,Balikpapan,Kalimantan,PROD-005,Monitor 24 inch IPS 75Hz,Elektronik,Display,1,1800000.00,1350000.00,0.00,1800000.00,450000.00
ORD-00924,2025-05-15,Completed,Transfer Bank,CUST-0040,Fajar Setiawan,Consumer,Balikpapan,Kalimantan,PROD-015,Blouse Wanita Casual,Pakaian,Wanita,3,135000.00,70000.00,0.00,405000.00,195000.00
ORD-00924,2025-05-15,Completed,Transfer Bank,CUST-0040,Fajar Setiawan,Consumer,Balikpapan,Kalimantan,PROD-009,Earphones TWS Bluetooth 5.3,Elektronik,Audio,3,250000.00,140000.00,0.00,750000.00,330000.00
ORD-00924,2025-05-15,Completed,Transfer Bank,CUST-0040,Fajar Setiawan,Consumer,Balikpapan,Kalimantan,PROD-019,Lampu Meja LED Belajar,Perlengkapan Rumah,Dekorasi,1,110000.00,60000.00,0.00,110000.00,50000.00
ORD-00944,2025-08-14,Completed,Credit Card,CUST-0040,Fajar Setiawan,Consumer,Balikpapan,Kalimantan,PROD-006,Kabel Data Type-C Fast Charge,Elektronik,Aksesoris Mobile,1,35000.00,15000.00,0.00,35000.00,20000.00
ORD-00329,2025-05-29,Completed,Credit Card,CUST-0041,Dian Wijaya,Consumer,Balikpapan,Kalimantan,PROD-014,Celana Chino Slim Fit,Pakaian,Pria,5,185000.00,100000.00,0.00,925000.00,425000.00
ORD-00329,2025-05-29,Completed,Credit Card,CUST-0041,Dian Wijaya,Consumer,Balikpapan,Kalimantan,PROD-012,Kemeja Flanel Lengan Panjang,Pakaian,Pria,1,165000.00,90000.00,0.00,165000.00,75000.00
ORD-00431,2025-05-17,Completed,Credit Card,CUST-0041,Dian Wijaya,Consumer,Balikpapan,Kalimantan,PROD-024,Pulpen Gel Pack 12 Pcs,Alat Tulis & Kantor,Alat Tulis,5,36000.00,18000.00,0.00,180000.00,90000.00
ORD-00445,2026-02-09,Completed,Credit Card,CUST-0041,Dian Wijaya,Consumer,Balikpapan,Kalimantan,PROD-023,Buku Catatan Hardcover A5,Alat Tulis & Kantor,Kertas & Buku,1,45000.00,20000.00,0.15,38250.00,18250.00
ORD-00577,2025-05-23,Completed,E-Wallet,CUST-0041,Dian Wijaya,Consumer,Balikpapan,Kalimantan,PROD-009,Earphones TWS Bluetooth 5.3,Elektronik,Audio,1,250000.00,140000.00,0.00,250000.00,110000.00
ORD-00577,2025-05-23,Completed,E-Wallet,CUST-0041,Dian Wijaya,Consumer,Balikpapan,Kalimantan,PROD-022,Rak Sepatu Susun Plastik,Perlengkapan Rumah,Storage,2,125000.00,68000.00,0.00,250000.00,114000.00
ORD-00577,2025-05-23,Completed,E-Wallet,CUST-0041,Dian Wijaya,Consumer,Balikpapan,Kalimantan,PROD-018,Botol Minum Tumbler 500ml,Perlengkapan Rumah,Dapur & Makan,1,95000.00,48000.00,0.15,80750.00,32750.00
ORD-01013,2026-02-03,Completed,COD,CUST-0041,Dian Wijaya,Consumer,Balikpapan,Kalimantan,PROD-014,Celana Chino Slim Fit,Pakaian,Pria,1,185000.00,100000.00,0.05,175750.00,75750.00
ORD-01013,2026-02-03,Completed,COD,CUST-0041,Dian Wijaya,Consumer,Balikpapan,Kalimantan,PROD-020,Organizer Meja Acrylic,Perlengkapan Rumah,Storage,1,65000.00,32000.00,0.00,65000.00,33000.00
ORD-01043,2026-02-01,Completed,COD,CUST-0041,Dian Wijaya,Consumer,Balikpapan,Kalimantan,PROD-006,Kabel Data Type-C Fast Charge,Elektronik,Aksesoris Mobile,1,35000.00,15000.00,0.05,33250.00,18250.00
ORD-00010,2025-11-17,Returned,E-Wallet,CUST-0042,Eko Suryani,Consumer,Bandung,Jawa,PROD-004,Stand Laptop Aluminium,Elektronik,Aksesoris Komputer,1,120000.00,70000.00,0.00,120000.00,50000.00
ORD-00117,2025-12-31,Completed,Credit Card,CUST-0042,Eko Suryani,Consumer,Bandung,Jawa,PROD-017,Topi Baseball Canvas,Pakaian,Aksesoris Fashion,1,50000.00,22000.00,0.05,47500.00,25500.00
ORD-00275,2026-02-27,Completed,Transfer Bank,CUST-0042,Eko Suryani,Consumer,Bandung,Jawa,PROD-005,Monitor 24 inch IPS 75Hz,Elektronik,Display,1,1800000.00,1350000.00,0.00,1800000.00,450000.00
ORD-00362,2025-12-15,Completed,COD,CUST-0042,Eko Suryani,Consumer,Bandung,Jawa,PROD-006,Kabel Data Type-C Fast Charge,Elektronik,Aksesoris Mobile,2,35000.00,15000.00,0.05,66500.00,36500.00
ORD-00362,2025-12-15,Completed,COD,CUST-0042,Eko Suryani,Consumer,Bandung,Jawa,PROD-021,Bantal Leher Memory Foam,Perlengkapan Rumah,Kebutuhan Harian,5,85000.00,42000.00,0.00,425000.00,215000.00
ORD-00433,2025-12-23,Returned,Transfer Bank,CUST-0042,Eko Suryani,Consumer,Bandung,Jawa,PROD-023,Buku Catatan Hardcover A5,Alat Tulis & Kantor,Kertas & Buku,1,45000.00,20000.00,0.10,40500.00,20500.00
ORD-00922,2025-03-31,Completed,Credit Card,CUST-0042,Eko Suryani,Consumer,Bandung,Jawa,PROD-016,Tunik Batik Modern,Pakaian,Wanita,2,175000.00,95000.00,0.00,350000.00,160000.00
ORD-00548,2025-12-02,Completed,Credit Card,CUST-0043,Dewi Pertiwi,Consumer,Denpasar,Bali & Nusa Tenggara,PROD-006,Kabel Data Type-C Fast Charge,Elektronik,Aksesoris Mobile,1,35000.00,15000.00,0.15,29750.00,14750.00
ORD-00548,2025-12-02,Completed,Credit Card,CUST-0043,Dewi Pertiwi,Consumer,Denpasar,Bali & Nusa Tenggara,PROD-023,Buku Catatan Hardcover A5,Alat Tulis & Kantor,Kertas & Buku,5,45000.00,20000.00,0.00,225000.00,125000.00
ORD-01054,2026-01-30,Completed,Transfer Bank,CUST-0043,Dewi Pertiwi,Consumer,Denpasar,Bali & Nusa Tenggara,PROD-005,Monitor 24 inch IPS 75Hz,Elektronik,Display,1,1800000.00,1350000.00,0.10,1620000.00,270000.00
ORD-01054,2026-01-30,Completed,Transfer Bank,CUST-0043,Dewi Pertiwi,Consumer,Denpasar,Bali & Nusa Tenggara,PROD-013,Jaket Hoodie Fleece,Pakaian,Pria,1,220000.00,125000.00,0.05,209000.00,84000.00
ORD-00127,2025-02-04,Completed,Transfer Bank,CUST-0044,Rian Lestari,Home Office,Yogyakarta,Jawa,PROD-024,Pulpen Gel Pack 12 Pcs,Alat Tulis & Kantor,Alat Tulis,1,36000.00,18000.00,0.00,36000.00,18000.00
ORD-00127,2025-02-04,Completed,Transfer Bank,CUST-0044,Rian Lestari,Home Office,Yogyakarta,Jawa,PROD-002,Keyboard Mechanical RGB,Elektronik,Aksesoris Komputer,1,450000.00,280000.00,0.10,405000.00,125000.00
ORD-00127,2025-02-04,Completed,Transfer Bank,CUST-0044,Rian Lestari,Home Office,Yogyakarta,Jawa,PROD-025,Desk Mat Deskpad Leather,Alat Tulis & Kantor,Aksesoris Meja,2,95000.00,50000.00,0.10,171000.00,71000.00
ORD-00220,2025-10-20,Completed,Credit Card,CUST-0044,Rian Lestari,Home Office,Yogyakarta,Jawa,PROD-011,Kaos Polos Cotton Combed 30s,Pakaian,Pria,1,75000.00,35000.00,0.10,67500.00,32500.00
ORD-00220,2025-10-20,Completed,Credit Card,CUST-0044,Rian Lestari,Home Office,Yogyakarta,Jawa,PROD-023,Buku Catatan Hardcover A5,Alat Tulis & Kantor,Kertas & Buku,2,45000.00,20000.00,0.00,90000.00,50000.00
ORD-00220,2025-10-20,Completed,Credit Card,CUST-0044,Rian Lestari,Home Office,Yogyakarta,Jawa,PROD-010,USB Flashdrive 64GB,Elektronik,Storage,3,85000.00,45000.00,0.00,255000.00,120000.00
ORD-00220,2025-10-20,Completed,Credit Card,CUST-0044,Rian Lestari,Home Office,Yogyakarta,Jawa,PROD-001,Mouse Wireless M185,Elektronik,Aksesoris Komputer,1,150000.00,95000.00,0.00,150000.00,55000.00
ORD-00611,2025-12-25,Completed,Transfer Bank,CUST-0044,Rian Lestari,Home Office,Yogyakarta,Jawa,PROD-009,Earphones TWS Bluetooth 5.3,Elektronik,Audio,5,250000.00,140000.00,0.00,1250000.00,550000.00
ORD-00611,2025-12-25,Completed,Transfer Bank,CUST-0044,Rian Lestari,Home Office,Yogyakarta,Jawa,PROD-023,Buku Catatan Hardcover A5,Alat Tulis & Kantor,Kertas & Buku,3,45000.00,20000.00,0.10,121500.00,61500.00
ORD-00611,2025-12-25,Completed,Transfer Bank,CUST-0044,Rian Lestari,Home Office,Yogyakarta,Jawa,PROD-018,Botol Minum Tumbler 500ml,Perlengkapan Rumah,Dapur & Makan,5,95000.00,48000.00,0.05,451250.00,211250.00
ORD-00611,2025-12-25,Completed,Transfer Bank,CUST-0044,Rian Lestari,Home Office,Yogyakarta,Jawa,PROD-005,Monitor 24 inch IPS 75Hz,Elektronik,Display,2,1800000.00,1350000.00,0.10,3240000.00,540000.00
ORD-01055,2025-05-15,Completed,COD,CUST-0044,Rian Lestari,Home Office,Yogyakarta,Jawa,PROD-024,Pulpen Gel Pack 12 Pcs,Alat Tulis & Kantor,Alat Tulis,3,36000.00,18000.00,0.00,108000.00,54000.00
ORD-01161,2025-10-08,Completed,COD,CUST-0044,Rian Lestari,Home Office,Yogyakarta,Jawa,PROD-012,Kemeja Flanel Lengan Panjang,Pakaian,Pria,1,165000.00,90000.00,0.05,156750.00,66750.00
ORD-01171,2025-12-17,Completed,Transfer Bank,CUST-0044,Rian Lestari,Home Office,Yogyakarta,Jawa,PROD-015,Blouse Wanita Casual,Pakaian,Wanita,1,135000.00,70000.00,0.00,135000.00,65000.00
ORD-01171,2025-12-17,Completed,Transfer Bank,CUST-0044,Rian Lestari,Home Office,Yogyakarta,Jawa,PROD-021,Bantal Leher Memory Foam,Perlengkapan Rumah,Kebutuhan Harian,1,85000.00,42000.00,0.15,72250.00,30250.00
ORD-01171,2025-12-17,Completed,Transfer Bank,CUST-0044,Rian Lestari,Home Office,Yogyakarta,Jawa,PROD-022,Rak Sepatu Susun Plastik,Perlengkapan Rumah,Storage,1,125000.00,68000.00,0.00,125000.00,57000.00
ORD-00255,2025-03-30,Completed,Credit Card,CUST-0045,Fajar Wibowo,Consumer,Surabaya,Jawa,PROD-018,Botol Minum Tumbler 500ml,Perlengkapan Rumah,Dapur & Makan,2,95000.00,48000.00,0.00,190000.00,94000.00
ORD-00255,2025-03-30,Completed,Credit Card,CUST-0045,Fajar Wibowo,Consumer,Surabaya,Jawa,PROD-020,Organizer Meja Acrylic,Perlengkapan Rumah,Storage,1,65000.00,32000.00,0.10,58500.00,26500.00
ORD-00523,2025-06-28,Completed,COD,CUST-0045,Fajar Wibowo,Consumer,Surabaya,Jawa,PROD-006,Kabel Data Type-C Fast Charge,Elektronik,Aksesoris Mobile,1,35000.00,15000.00,0.00,35000.00,20000.00
ORD-00723,2025-05-18,Completed,E-Wallet,CUST-0046,Dian Kurniawan,Corporate,Jakarta Selatan,Jawa,PROD-005,Monitor 24 inch IPS 75Hz,Elektronik,Display,1,1800000.00,1350000.00,0.00,1800000.00,450000.00
ORD-00723,2025-05-18,Completed,E-Wallet,CUST-0046,Dian Kurniawan,Corporate,Jakarta Selatan,Jawa,PROD-009,Earphones TWS Bluetooth 5.3,Elektronik,Audio,1,250000.00,140000.00,0.00,250000.00,110000.00
ORD-00769,2025-09-08,Completed,E-Wallet,CUST-0046,Dian Kurniawan,Corporate,Jakarta Selatan,Jawa,PROD-013,Jaket Hoodie Fleece,Pakaian,Pria,2,220000.00,125000.00,0.00,440000.00,190000.00
ORD-00026,2025-11-22,Completed,COD,CUST-0047,Indah Suryani,Consumer,Balikpapan,Kalimantan,PROD-009,Earphones TWS Bluetooth 5.3,Elektronik,Audio,2,250000.00,140000.00,0.10,450000.00,170000.00
ORD-00174,2025-02-09,Completed,COD,CUST-0047,Indah Suryani,Consumer,Balikpapan,Kalimantan,PROD-013,Jaket Hoodie Fleece,Pakaian,Pria,1,220000.00,125000.00,0.05,209000.00,84000.00
ORD-00174,2025-02-09,Completed,COD,CUST-0047,Indah Suryani,Consumer,Balikpapan,Kalimantan,PROD-017,Topi Baseball Canvas,Pakaian,Aksesoris Fashion,3,50000.00,22000.00,0.00,150000.00,84000.00
ORD-00367,2026-01-03,Completed,COD,CUST-0047,Indah Suryani,Consumer,Balikpapan,Kalimantan,PROD-024,Pulpen Gel Pack 12 Pcs,Alat Tulis & Kantor,Alat Tulis,1,36000.00,18000.00,0.20,28800.00,10800.00
ORD-00655,2025-03-31,Completed,Transfer Bank,CUST-0047,Indah Suryani,Consumer,Balikpapan,Kalimantan,PROD-017,Topi Baseball Canvas,Pakaian,Aksesoris Fashion,1,50000.00,22000.00,0.05,47500.00,25500.00
ORD-00930,2025-08-26,Completed,COD,CUST-0047,Indah Suryani,Consumer,Balikpapan,Kalimantan,PROD-022,Rak Sepatu Susun Plastik,Perlengkapan Rumah,Storage,2,125000.00,68000.00,0.00,250000.00,114000.00
ORD-00930,2025-08-26,Completed,COD,CUST-0047,Indah Suryani,Consumer,Balikpapan,Kalimantan,PROD-018,Botol Minum Tumbler 500ml,Perlengkapan Rumah,Dapur & Makan,2,95000.00,48000.00,0.10,171000.00,75000.00
ORD-00930,2025-08-26,Completed,COD,CUST-0047,Indah Suryani,Consumer,Balikpapan,Kalimantan,PROD-005,Monitor 24 inch IPS 75Hz,Elektronik,Display,2,1800000.00,1350000.00,0.00,3600000.00,900000.00
ORD-00993,2026-01-13,Completed,Credit Card,CUST-0047,Indah Suryani,Consumer,Balikpapan,Kalimantan,PROD-018,Botol Minum Tumbler 500ml,Perlengkapan Rumah,Dapur & Makan,1,95000.00,48000.00,0.00,95000.00,47000.00
ORD-00535,2025-07-12,Completed,COD,CUST-0048,Yudi Hadi,Corporate,Medan,Sumatra,PROD-020,Organizer Meja Acrylic,Perlengkapan Rumah,Storage,1,65000.00,32000.00,0.15,55250.00,23250.00
ORD-00538,2026-03-21,Completed,COD,CUST-0048,Yudi Hadi,Corporate,Medan,Sumatra,PROD-009,Earphones TWS Bluetooth 5.3,Elektronik,Audio,2,250000.00,140000.00,0.00,500000.00,220000.00
ORD-00681,2026-01-10,Completed,Credit Card,CUST-0048,Yudi Hadi,Corporate,Medan,Sumatra,PROD-014,Celana Chino Slim Fit,Pakaian,Pria,3,185000.00,100000.00,0.00,555000.00,255000.00
ORD-00681,2026-01-10,Completed,Credit Card,CUST-0048,Yudi Hadi,Corporate,Medan,Sumatra,PROD-015,Blouse Wanita Casual,Pakaian,Wanita,1,135000.00,70000.00,0.00,135000.00,65000.00
ORD-00681,2026-01-10,Completed,Credit Card,CUST-0048,Yudi Hadi,Corporate,Medan,Sumatra,PROD-007,Powerbank 10000mAh Dual Port,Elektronik,Aksesoris Mobile,1,200000.00,120000.00,0.10,180000.00,60000.00
ORD-00551,2025-12-02,Completed,Transfer Bank,CUST-0049,Rian Saputra,Corporate,Yogyakarta,Jawa,PROD-011,Kaos Polos Cotton Combed 30s,Pakaian,Pria,1,75000.00,35000.00,0.15,63750.00,28750.00
ORD-01090,2025-08-24,Returned,E-Wallet,CUST-0049,Rian Saputra,Corporate,Yogyakarta,Jawa,PROD-001,Mouse Wireless M185,Elektronik,Aksesoris Komputer,1,150000.00,95000.00,0.00,150000.00,55000.00
ORD-01090,2025-08-24,Returned,E-Wallet,CUST-0049,Rian Saputra,Corporate,Yogyakarta,Jawa,PROD-009,Earphones TWS Bluetooth 5.3,Elektronik,Audio,1,250000.00,140000.00,0.15,212500.00,72500.00
ORD-01090,2025-08-24,Returned,E-Wallet,CUST-0049,Rian Saputra,Corporate,Yogyakarta,Jawa,PROD-016,Tunik Batik Modern,Pakaian,Wanita,1,175000.00,95000.00,0.00,175000.00,80000.00
ORD-00286,2025-08-19,Completed,Transfer Bank,CUST-0050,Lestari Pertiwi,Consumer,Palembang,Sumatra,PROD-021,Bantal Leher Memory Foam,Perlengkapan Rumah,Kebutuhan Harian,3,85000.00,42000.00,0.00,255000.00,129000.00
ORD-00286,2025-08-19,Completed,Transfer Bank,CUST-0050,Lestari Pertiwi,Consumer,Palembang,Sumatra,PROD-022,Rak Sepatu Susun Plastik,Perlengkapan Rumah,Storage,1,125000.00,68000.00,0.20,100000.00,32000.00
ORD-00697,2025-03-19,Completed,Transfer Bank,CUST-0050,Lestari Pertiwi,Consumer,Palembang,Sumatra,PROD-024,Pulpen Gel Pack 12 Pcs,Alat Tulis & Kantor,Alat Tulis,3,36000.00,18000.00,0.00,108000.00,54000.00
ORD-00832,2026-01-02,Completed,E-Wallet,CUST-0050,Lestari Pertiwi,Consumer,Palembang,Sumatra,PROD-015,Blouse Wanita Casual,Pakaian,Wanita,3,135000.00,70000.00,0.00,405000.00,195000.00
ORD-00961,2026-02-28,Completed,E-Wallet,CUST-0050,Lestari Pertiwi,Consumer,Palembang,Sumatra,PROD-014,Celana Chino Slim Fit,Pakaian,Pria,5,185000.00,100000.00,0.00,925000.00,425000.00
ORD-00961,2026-02-28,Completed,E-Wallet,CUST-0050,Lestari Pertiwi,Consumer,Palembang,Sumatra,PROD-018,Botol Minum Tumbler 500ml,Perlengkapan Rumah,Dapur & Makan,5,95000.00,48000.00,0.10,427500.00,187500.00
ORD-01128,2026-04-29,Completed,Transfer Bank,CUST-0050,Lestari Pertiwi,Consumer,Palembang,Sumatra,PROD-009,Earphones TWS Bluetooth 5.3,Elektronik,Audio,1,250000.00,140000.00,0.10,225000.00,85000.00
ORD-01128,2026-04-29,Completed,Transfer Bank,CUST-0050,Lestari Pertiwi,Consumer,Palembang,Sumatra,PROD-022,Rak Sepatu Susun Plastik,Perlengkapan Rumah,Storage,1,125000.00,68000.00,0.00,125000.00,57000.00
ORD-00009,2025-10-19,Completed,E-Wallet,CUST-0051,Rian Prasetyo,Home Office,Makassar,Sulawesi,PROD-010,USB Flashdrive 64GB,Elektronik,Storage,1,85000.00,45000.00,0.00,85000.00,40000.00
ORD-00009,2025-10-19,Completed,E-Wallet,CUST-0051,Rian Prasetyo,Home Office,Makassar,Sulawesi,PROD-023,Buku Catatan Hardcover A5,Alat Tulis & Kantor,Kertas & Buku,1,45000.00,20000.00,0.05,42750.00,22750.00
ORD-00062,2026-01-18,Completed,Transfer Bank,CUST-0051,Rian Prasetyo,Home Office,Makassar,Sulawesi,PROD-007,Powerbank 10000mAh Dual Port,Elektronik,Aksesoris Mobile,1,200000.00,120000.00,0.00,200000.00,80000.00
ORD-00062,2026-01-18,Completed,Transfer Bank,CUST-0051,Rian Prasetyo,Home Office,Makassar,Sulawesi,PROD-001,Mouse Wireless M185,Elektronik,Aksesoris Komputer,1,150000.00,95000.00,0.00,150000.00,55000.00
ORD-00062,2026-01-18,Completed,Transfer Bank,CUST-0051,Rian Prasetyo,Home Office,Makassar,Sulawesi,PROD-019,Lampu Meja LED Belajar,Perlengkapan Rumah,Dekorasi,1,110000.00,60000.00,0.05,104500.00,44500.00
ORD-00121,2025-09-16,Completed,Transfer Bank,CUST-0051,Rian Prasetyo,Home Office,Makassar,Sulawesi,PROD-023,Buku Catatan Hardcover A5,Alat Tulis & Kantor,Kertas & Buku,1,45000.00,20000.00,0.15,38250.00,18250.00
ORD-00121,2025-09-16,Completed,Transfer Bank,CUST-0051,Rian Prasetyo,Home Office,Makassar,Sulawesi,PROD-001,Mouse Wireless M185,Elektronik,Aksesoris Komputer,1,150000.00,95000.00,0.00,150000.00,55000.00
ORD-00121,2025-09-16,Completed,Transfer Bank,CUST-0051,Rian Prasetyo,Home Office,Makassar,Sulawesi,PROD-008,Webcam Full HD 1080p,Elektronik,Aksesoris Komputer,2,280000.00,175000.00,0.00,560000.00,210000.00
ORD-00121,2025-09-16,Completed,Transfer Bank,CUST-0051,Rian Prasetyo,Home Office,Makassar,Sulawesi,PROD-013,Jaket Hoodie Fleece,Pakaian,Pria,1,220000.00,125000.00,0.00,220000.00,95000.00
ORD-00721,2025-05-24,Completed,E-Wallet,CUST-0051,Rian Prasetyo,Home Office,Makassar,Sulawesi,PROD-008,Webcam Full HD 1080p,Elektronik,Aksesoris Komputer,2,280000.00,175000.00,0.00,560000.00,210000.00
ORD-01119,2025-02-24,Completed,Transfer Bank,CUST-0051,Rian Prasetyo,Home Office,Makassar,Sulawesi,PROD-025,Desk Mat Deskpad Leather,Alat Tulis & Kantor,Aksesoris Meja,1,95000.00,50000.00,0.00,95000.00,45000.00
ORD-01183,2025-07-14,Completed,Credit Card,CUST-0051,Rian Prasetyo,Home Office,Makassar,Sulawesi,PROD-006,Kabel Data Type-C Fast Charge,Elektronik,Aksesoris Mobile,1,35000.00,15000.00,0.05,33250.00,18250.00
ORD-00335,2025-11-23,Completed,COD,CUST-0052,Andi Nugroho,Corporate,Semarang,Jawa,PROD-016,Tunik Batik Modern,Pakaian,Wanita,2,175000.00,95000.00,0.00,350000.00,160000.00
ORD-00335,2025-11-23,Completed,COD,CUST-0052,Andi Nugroho,Corporate,Semarang,Jawa,PROD-005,Monitor 24 inch IPS 75Hz,Elektronik,Display,3,1800000.00,1350000.00,0.00,5400000.00,1350000.00
ORD-00336,2025-06-19,Completed,E-Wallet,CUST-0052,Andi Nugroho,Corporate,Semarang,Jawa,PROD-021,Bantal Leher Memory Foam,Perlengkapan Rumah,Kebutuhan Harian,1,85000.00,42000.00,0.00,85000.00,43000.00
ORD-00336,2025-06-19,Completed,E-Wallet,CUST-0052,Andi Nugroho,Corporate,Semarang,Jawa,PROD-016,Tunik Batik Modern,Pakaian,Wanita,1,175000.00,95000.00,0.05,166250.00,71250.00
ORD-00336,2025-06-19,Completed,E-Wallet,CUST-0052,Andi Nugroho,Corporate,Semarang,Jawa,PROD-010,USB Flashdrive 64GB,Elektronik,Storage,2,85000.00,45000.00,0.10,153000.00,63000.00
ORD-00336,2025-06-19,Completed,E-Wallet,CUST-0052,Andi Nugroho,Corporate,Semarang,Jawa,PROD-024,Pulpen Gel Pack 12 Pcs,Alat Tulis & Kantor,Alat Tulis,1,36000.00,18000.00,0.05,34200.00,16200.00
ORD-00713,2026-04-19,Completed,Credit Card,CUST-0052,Andi Nugroho,Corporate,Semarang,Jawa,PROD-022,Rak Sepatu Susun Plastik,Perlengkapan Rumah,Storage,1,125000.00,68000.00,0.00,125000.00,57000.00
ORD-01030,2025-10-22,Completed,Credit Card,CUST-0052,Andi Nugroho,Corporate,Semarang,Jawa,PROD-024,Pulpen Gel Pack 12 Pcs,Alat Tulis & Kantor,Alat Tulis,1,36000.00,18000.00,0.05,34200.00,16200.00
ORD-01030,2025-10-22,Completed,Credit Card,CUST-0052,Andi Nugroho,Corporate,Semarang,Jawa,PROD-002,Keyboard Mechanical RGB,Elektronik,Aksesoris Komputer,1,450000.00,280000.00,0.20,360000.00,80000.00
ORD-01030,2025-10-22,Completed,Credit Card,CUST-0052,Andi Nugroho,Corporate,Semarang,Jawa,PROD-020,Organizer Meja Acrylic,Perlengkapan Rumah,Storage,1,65000.00,32000.00,0.00,65000.00,33000.00
ORD-00239,2025-10-07,Returned,Transfer Bank,CUST-0053,Lestari Suryani,Home Office,Yogyakarta,Jawa,PROD-006,Kabel Data Type-C Fast Charge,Elektronik,Aksesoris Mobile,2,35000.00,15000.00,0.00,70000.00,40000.00
ORD-00521,2025-10-07,Completed,E-Wallet,CUST-0053,Lestari Suryani,Home Office,Yogyakarta,Jawa,PROD-016,Tunik Batik Modern,Pakaian,Wanita,1,175000.00,95000.00,0.00,175000.00,80000.00
ORD-00556,2025-07-16,Completed,Transfer Bank,CUST-0053,Lestari Suryani,Home Office,Yogyakarta,Jawa,PROD-012,Kemeja Flanel Lengan Panjang,Pakaian,Pria,5,165000.00,90000.00,0.10,742500.00,292500.00
ORD-00556,2025-07-16,Completed,Transfer Bank,CUST-0053,Lestari Suryani,Home Office,Yogyakarta,Jawa,PROD-006,Kabel Data Type-C Fast Charge,Elektronik,Aksesoris Mobile,2,35000.00,15000.00,0.00,70000.00,40000.00
ORD-00591,2025-03-22,Completed,Transfer Bank,CUST-0053,Lestari Suryani,Home Office,Yogyakarta,Jawa,PROD-020,Organizer Meja Acrylic,Perlengkapan Rumah,Storage,1,65000.00,32000.00,0.05,61750.00,29750.00
ORD-00938,2025-01-21,Completed,Credit Card,CUST-0053,Lestari Suryani,Home Office,Yogyakarta,Jawa,PROD-019,Lampu Meja LED Belajar,Perlengkapan Rumah,Dekorasi,2,110000.00,60000.00,0.00,220000.00,100000.00
ORD-01052,2025-04-18,Completed,Transfer Bank,CUST-0053,Lestari Suryani,Home Office,Yogyakarta,Jawa,PROD-007,Powerbank 10000mAh Dual Port,Elektronik,Aksesoris Mobile,1,200000.00,120000.00,0.00,200000.00,80000.00
ORD-00487,2025-06-26,Completed,Credit Card,CUST-0054,Titi Setiawan,Home Office,Surabaya,Jawa,PROD-003,Headset Gaming Surround 7.1,Elektronik,Audio,1,350000.00,210000.00,0.15,297500.00,87500.00
ORD-00679,2025-01-11,Completed,Transfer Bank,CUST-0054,Titi Setiawan,Home Office,Surabaya,Jawa,PROD-021,Bantal Leher Memory Foam,Perlengkapan Rumah,Kebutuhan Harian,1,85000.00,42000.00,0.00,85000.00,43000.00
ORD-00844,2026-01-10,Completed,COD,CUST-0054,Titi Setiawan,Home Office,Surabaya,Jawa,PROD-010,USB Flashdrive 64GB,Elektronik,Storage,1,85000.00,45000.00,0.00,85000.00,40000.00
ORD-01133,2025-12-26,Completed,E-Wallet,CUST-0054,Titi Setiawan,Home Office,Surabaya,Jawa,PROD-019,Lampu Meja LED Belajar,Perlengkapan Rumah,Dekorasi,1,110000.00,60000.00,0.05,104500.00,44500.00
ORD-00073,2025-07-16,Completed,E-Wallet,CUST-0055,Hendra Hadi,Corporate,Jakarta Selatan,Jawa,PROD-008,Webcam Full HD 1080p,Elektronik,Aksesoris Komputer,2,280000.00,175000.00,0.00,560000.00,210000.00
ORD-00073,2025-07-16,Completed,E-Wallet,CUST-0055,Hendra Hadi,Corporate,Jakarta Selatan,Jawa,PROD-015,Blouse Wanita Casual,Pakaian,Wanita,1,135000.00,70000.00,0.00,135000.00,65000.00
ORD-00159,2025-02-15,Completed,E-Wallet,CUST-0055,Hendra Hadi,Corporate,Jakarta Selatan,Jawa,PROD-007,Powerbank 10000mAh Dual Port,Elektronik,Aksesoris Mobile,1,200000.00,120000.00,0.00,200000.00,80000.00
ORD-00344,2025-01-05,Completed,Credit Card,CUST-0055,Hendra Hadi,Corporate,Jakarta Selatan,Jawa,PROD-001,Mouse Wireless M185,Elektronik,Aksesoris Komputer,1,150000.00,95000.00,0.00,150000.00,55000.00
ORD-00344,2025-01-05,Completed,Credit Card,CUST-0055,Hendra Hadi,Corporate,Jakarta Selatan,Jawa,PROD-009,Earphones TWS Bluetooth 5.3,Elektronik,Audio,5,250000.00,140000.00,0.00,1250000.00,550000.00
ORD-00997,2025-03-31,Completed,Transfer Bank,CUST-0055,Hendra Hadi,Corporate,Jakarta Selatan,Jawa,PROD-021,Bantal Leher Memory Foam,Perlengkapan Rumah,Kebutuhan Harian,2,85000.00,42000.00,0.00,170000.00,86000.00
ORD-00997,2025-03-31,Completed,Transfer Bank,CUST-0055,Hendra Hadi,Corporate,Jakarta Selatan,Jawa,PROD-020,Organizer Meja Acrylic,Perlengkapan Rumah,Storage,1,65000.00,32000.00,0.00,65000.00,33000.00
ORD-00997,2025-03-31,Completed,Transfer Bank,CUST-0055,Hendra Hadi,Corporate,Jakarta Selatan,Jawa,PROD-015,Blouse Wanita Casual,Pakaian,Wanita,1,135000.00,70000.00,0.00,135000.00,65000.00
ORD-00116,2026-03-10,Completed,COD,CUST-0056,Ahmad Hidayat,Home Office,Palembang,Sumatra,PROD-014,Celana Chino Slim Fit,Pakaian,Pria,2,185000.00,100000.00,0.00,370000.00,170000.00
ORD-00295,2025-10-02,Completed,COD,CUST-0056,Ahmad Hidayat,Home Office,Palembang,Sumatra,PROD-020,Organizer Meja Acrylic,Perlengkapan Rumah,Storage,1,65000.00,32000.00,0.00,65000.00,33000.00
ORD-00295,2025-10-02,Completed,COD,CUST-0056,Ahmad Hidayat,Home Office,Palembang,Sumatra,PROD-016,Tunik Batik Modern,Pakaian,Wanita,1,175000.00,95000.00,0.05,166250.00,71250.00
ORD-00492,2025-01-12,Completed,E-Wallet,CUST-0056,Ahmad Hidayat,Home Office,Palembang,Sumatra,PROD-009,Earphones TWS Bluetooth 5.3,Elektronik,Audio,2,250000.00,140000.00,0.05,475000.00,195000.00
ORD-00674,2025-06-29,Completed,Transfer Bank,CUST-0056,Ahmad Hidayat,Home Office,Palembang,Sumatra,PROD-022,Rak Sepatu Susun Plastik,Perlengkapan Rumah,Storage,1,125000.00,68000.00,0.00,125000.00,57000.00
ORD-00785,2025-11-01,Cancelled,Transfer Bank,CUST-0056,Ahmad Hidayat,Home Office,Palembang,Sumatra,PROD-017,Topi Baseball Canvas,Pakaian,Aksesoris Fashion,2,50000.00,22000.00,0.05,95000.00,51000.00
ORD-00310,2025-07-08,Completed,COD,CUST-0057,Rizky Pertiwi,Consumer,Surabaya,Jawa,PROD-002,Keyboard Mechanical RGB,Elektronik,Aksesoris Komputer,1,450000.00,280000.00,0.10,405000.00,125000.00
ORD-01173,2025-01-08,Completed,Credit Card,CUST-0057,Rizky Pertiwi,Consumer,Surabaya,Jawa,PROD-019,Lampu Meja LED Belajar,Perlengkapan Rumah,Dekorasi,1,110000.00,60000.00,0.05,104500.00,44500.00
ORD-01173,2025-01-08,Completed,Credit Card,CUST-0057,Rizky Pertiwi,Consumer,Surabaya,Jawa,PROD-016,Tunik Batik Modern,Pakaian,Wanita,1,175000.00,95000.00,0.00,175000.00,80000.00
ORD-01173,2025-01-08,Completed,Credit Card,CUST-0057,Rizky Pertiwi,Consumer,Surabaya,Jawa,PROD-020,Organizer Meja Acrylic,Perlengkapan Rumah,Storage,1,65000.00,32000.00,0.00,65000.00,33000.00
ORD-00347,2025-05-20,Completed,Credit Card,CUST-0058,Yudi Pertiwi,Consumer,Surabaya,Jawa,PROD-018,Botol Minum Tumbler 500ml,Perlengkapan Rumah,Dapur & Makan,1,95000.00,48000.00,0.10,85500.00,37500.00
ORD-00347,2025-05-20,Completed,Credit Card,CUST-0058,Yudi Pertiwi,Consumer,Surabaya,Jawa,PROD-004,Stand Laptop Aluminium,Elektronik,Aksesoris Komputer,2,120000.00,70000.00,0.10,216000.00,76000.00
ORD-00347,2025-05-20,Completed,Credit Card,CUST-0058,Yudi Pertiwi,Consumer,Surabaya,Jawa,PROD-024,Pulpen Gel Pack 12 Pcs,Alat Tulis & Kantor,Alat Tulis,1,36000.00,18000.00,0.00,36000.00,18000.00
ORD-00383,2026-04-25,Completed,Transfer Bank,CUST-0058,Yudi Pertiwi,Consumer,Surabaya,Jawa,PROD-017,Topi Baseball Canvas,Pakaian,Aksesoris Fashion,1,50000.00,22000.00,0.00,50000.00,28000.00
ORD-01166,2025-12-17,Cancelled,COD,CUST-0058,Yudi Pertiwi,Consumer,Surabaya,Jawa,PROD-025,Desk Mat Deskpad Leather,Alat Tulis & Kantor,Aksesoris Meja,1,95000.00,50000.00,0.05,90250.00,40250.00
ORD-01166,2025-12-17,Cancelled,COD,CUST-0058,Yudi Pertiwi,Consumer,Surabaya,Jawa,PROD-003,Headset Gaming Surround 7.1,Elektronik,Audio,2,350000.00,210000.00,0.00,700000.00,280000.00
ORD-01166,2025-12-17,Cancelled,COD,CUST-0058,Yudi Pertiwi,Consumer,Surabaya,Jawa,PROD-020,Organizer Meja Acrylic,Perlengkapan Rumah,Storage,3,65000.00,32000.00,0.20,156000.00,60000.00
ORD-00039,2025-02-17,Completed,COD,CUST-0059,Budi Wibowo,Consumer,Palembang,Sumatra,PROD-021,Bantal Leher Memory Foam,Perlengkapan Rumah,Kebutuhan Harian,1,85000.00,42000.00,0.00,85000.00,43000.00
ORD-00039,2025-02-17,Completed,COD,CUST-0059,Budi Wibowo,Consumer,Palembang,Sumatra,PROD-017,Topi Baseball Canvas,Pakaian,Aksesoris Fashion,1,50000.00,22000.00,0.10,45000.00,23000.00
ORD-00085,2026-01-18,Completed,COD,CUST-0059,Budi Wibowo,Consumer,Palembang,Sumatra,PROD-010,USB Flashdrive 64GB,Elektronik,Storage,1,85000.00,45000.00,0.20,68000.00,23000.00
ORD-00112,2026-01-15,Completed,Transfer Bank,CUST-0059,Budi Wibowo,Consumer,Palembang,Sumatra,PROD-010,USB Flashdrive 64GB,Elektronik,Storage,2,85000.00,45000.00,0.05,161500.00,71500.00
ORD-00147,2025-04-21,Completed,Credit Card,CUST-0059,Budi Wibowo,Consumer,Palembang,Sumatra,PROD-011,Kaos Polos Cotton Combed 30s,Pakaian,Pria,2,75000.00,35000.00,0.00,150000.00,80000.00
ORD-00501,2025-06-16,Completed,Credit Card,CUST-0059,Budi Wibowo,Consumer,Palembang,Sumatra,PROD-004,Stand Laptop Aluminium,Elektronik,Aksesoris Komputer,2,120000.00,70000.00,0.00,240000.00,100000.00
ORD-00501,2025-06-16,Completed,Credit Card,CUST-0059,Budi Wibowo,Consumer,Palembang,Sumatra,PROD-024,Pulpen Gel Pack 12 Pcs,Alat Tulis & Kantor,Alat Tulis,1,36000.00,18000.00,0.00,36000.00,18000.00
ORD-00947,2025-08-01,Completed,COD,CUST-0059,Budi Wibowo,Consumer,Palembang,Sumatra,PROD-025,Desk Mat Deskpad Leather,Alat Tulis & Kantor,Aksesoris Meja,2,95000.00,50000.00,0.00,190000.00,90000.00
ORD-00947,2025-08-01,Completed,COD,CUST-0059,Budi Wibowo,Consumer,Palembang,Sumatra,PROD-003,Headset Gaming Surround 7.1,Elektronik,Audio,3,350000.00,210000.00,0.00,1050000.00,420000.00
ORD-00366,2026-03-14,Cancelled,E-Wallet,CUST-0060,Bambang Santoso,Consumer,Makassar,Sulawesi,PROD-025,Desk Mat Deskpad Leather,Alat Tulis & Kantor,Aksesoris Meja,1,95000.00,50000.00,0.00,95000.00,45000.00
ORD-00366,2026-03-14,Cancelled,E-Wallet,CUST-0060,Bambang Santoso,Consumer,Makassar,Sulawesi,PROD-022,Rak Sepatu Susun Plastik,Perlengkapan Rumah,Storage,1,125000.00,68000.00,0.00,125000.00,57000.00
ORD-00366,2026-03-14,Cancelled,E-Wallet,CUST-0060,Bambang Santoso,Consumer,Makassar,Sulawesi,PROD-006,Kabel Data Type-C Fast Charge,Elektronik,Aksesoris Mobile,1,35000.00,15000.00,0.05,33250.00,18250.00
ORD-00691,2026-05-16,Cancelled,Credit Card,CUST-0060,Bambang Santoso,Consumer,Makassar,Sulawesi,PROD-010,USB Flashdrive 64GB,Elektronik,Storage,1,85000.00,45000.00,0.20,68000.00,23000.00
ORD-00691,2026-05-16,Cancelled,Credit Card,CUST-0060,Bambang Santoso,Consumer,Makassar,Sulawesi,PROD-014,Celana Chino Slim Fit,Pakaian,Pria,2,185000.00,100000.00,0.15,314500.00,114500.00
ORD-00691,2026-05-16,Cancelled,Credit Card,CUST-0060,Bambang Santoso,Consumer,Makassar,Sulawesi,PROD-024,Pulpen Gel Pack 12 Pcs,Alat Tulis & Kantor,Alat Tulis,2,36000.00,18000.00,0.00,72000.00,36000.00
ORD-00691,2026-05-16,Cancelled,Credit Card,CUST-0060,Bambang Santoso,Consumer,Makassar,Sulawesi,PROD-013,Jaket Hoodie Fleece,Pakaian,Pria,1,220000.00,125000.00,0.00,220000.00,95000.00
ORD-00998,2025-09-15,Completed,Credit Card,CUST-0060,Bambang Santoso,Consumer,Makassar,Sulawesi,PROD-019,Lampu Meja LED Belajar,Perlengkapan Rumah,Dekorasi,1,110000.00,60000.00,0.00,110000.00,50000.00
ORD-00300,2026-02-27,Completed,E-Wallet,CUST-0061,Rizky Setiawan,Consumer,Jakarta Selatan,Jawa,PROD-021,Bantal Leher Memory Foam,Perlengkapan Rumah,Kebutuhan Harian,2,85000.00,42000.00,0.15,144500.00,60500.00
ORD-00300,2026-02-27,Completed,E-Wallet,CUST-0061,Rizky Setiawan,Consumer,Jakarta Selatan,Jawa,PROD-005,Monitor 24 inch IPS 75Hz,Elektronik,Display,1,1800000.00,1350000.00,0.00,1800000.00,450000.00
ORD-00377,2025-12-01,Completed,E-Wallet,CUST-0061,Rizky Setiawan,Consumer,Jakarta Selatan,Jawa,PROD-007,Powerbank 10000mAh Dual Port,Elektronik,Aksesoris Mobile,1,200000.00,120000.00,0.00,200000.00,80000.00
ORD-00506,2025-12-11,Completed,E-Wallet,CUST-0061,Rizky Setiawan,Consumer,Jakarta Selatan,Jawa,PROD-014,Celana Chino Slim Fit,Pakaian,Pria,2,185000.00,100000.00,0.00,370000.00,170000.00
ORD-00506,2025-12-11,Completed,E-Wallet,CUST-0061,Rizky Setiawan,Consumer,Jakarta Selatan,Jawa,PROD-022,Rak Sepatu Susun Plastik,Perlengkapan Rumah,Storage,1,125000.00,68000.00,0.00,125000.00,57000.00
ORD-00506,2025-12-11,Completed,E-Wallet,CUST-0061,Rizky Setiawan,Consumer,Jakarta Selatan,Jawa,PROD-008,Webcam Full HD 1080p,Elektronik,Aksesoris Komputer,1,280000.00,175000.00,0.00,280000.00,105000.00
ORD-00791,2026-03-02,Completed,Credit Card,CUST-0061,Rizky Setiawan,Consumer,Jakarta Selatan,Jawa,PROD-011,Kaos Polos Cotton Combed 30s,Pakaian,Pria,2,75000.00,35000.00,0.00,150000.00,80000.00
ORD-00894,2025-06-11,Completed,Transfer Bank,CUST-0061,Rizky Setiawan,Consumer,Jakarta Selatan,Jawa,PROD-021,Bantal Leher Memory Foam,Perlengkapan Rumah,Kebutuhan Harian,1,85000.00,42000.00,0.00,85000.00,43000.00
ORD-00894,2025-06-11,Completed,Transfer Bank,CUST-0061,Rizky Setiawan,Consumer,Jakarta Selatan,Jawa,PROD-019,Lampu Meja LED Belajar,Perlengkapan Rumah,Dekorasi,1,110000.00,60000.00,0.05,104500.00,44500.00
ORD-00946,2025-11-05,Completed,E-Wallet,CUST-0061,Rizky Setiawan,Consumer,Jakarta Selatan,Jawa,PROD-013,Jaket Hoodie Fleece,Pakaian,Pria,3,220000.00,125000.00,0.05,627000.00,252000.00
ORD-00946,2025-11-05,Completed,E-Wallet,CUST-0061,Rizky Setiawan,Consumer,Jakarta Selatan,Jawa,PROD-019,Lampu Meja LED Belajar,Perlengkapan Rumah,Dekorasi,1,110000.00,60000.00,0.00,110000.00,50000.00
ORD-00978,2026-01-12,Completed,E-Wallet,CUST-0061,Rizky Setiawan,Consumer,Jakarta Selatan,Jawa,PROD-001,Mouse Wireless M185,Elektronik,Aksesoris Komputer,3,150000.00,95000.00,0.00,450000.00,165000.00
ORD-00978,2026-01-12,Completed,E-Wallet,CUST-0061,Rizky Setiawan,Consumer,Jakarta Selatan,Jawa,PROD-007,Powerbank 10000mAh Dual Port,Elektronik,Aksesoris Mobile,1,200000.00,120000.00,0.05,190000.00,70000.00
ORD-00554,2025-12-23,Completed,COD,CUST-0062,Agus Santoso,Consumer,Medan,Sumatra,PROD-019,Lampu Meja LED Belajar,Perlengkapan Rumah,Dekorasi,5,110000.00,60000.00,0.00,550000.00,250000.00
ORD-00621,2025-08-26,Completed,Transfer Bank,CUST-0062,Agus Santoso,Consumer,Medan,Sumatra,PROD-005,Monitor 24 inch IPS 75Hz,Elektronik,Display,1,1800000.00,1350000.00,0.00,1800000.00,450000.00
ORD-00762,2025-08-30,Completed,COD,CUST-0062,Agus Santoso,Consumer,Medan,Sumatra,PROD-020,Organizer Meja Acrylic,Perlengkapan Rumah,Storage,3,65000.00,32000.00,0.00,195000.00,99000.00
ORD-00762,2025-08-30,Completed,COD,CUST-0062,Agus Santoso,Consumer,Medan,Sumatra,PROD-021,Bantal Leher Memory Foam,Perlengkapan Rumah,Kebutuhan Harian,5,85000.00,42000.00,0.00,425000.00,215000.00
ORD-00036,2026-03-27,Completed,Transfer Bank,CUST-0063,Nani Aminah,Home Office,Bandung,Jawa,PROD-007,Powerbank 10000mAh Dual Port,Elektronik,Aksesoris Mobile,3,200000.00,120000.00,0.10,540000.00,180000.00
ORD-00102,2025-07-23,Completed,COD,CUST-0063,Nani Aminah,Home Office,Bandung,Jawa,PROD-024,Pulpen Gel Pack 12 Pcs,Alat Tulis & Kantor,Alat Tulis,3,36000.00,18000.00,0.00,108000.00,54000.00
ORD-00285,2025-06-13,Completed,Credit Card,CUST-0063,Nani Aminah,Home Office,Bandung,Jawa,PROD-011,Kaos Polos Cotton Combed 30s,Pakaian,Pria,3,75000.00,35000.00,0.00,225000.00,120000.00
ORD-00562,2025-02-14,Completed,COD,CUST-0064,Bambang Hadi,Consumer,Jakarta Selatan,Jawa,PROD-014,Celana Chino Slim Fit,Pakaian,Pria,2,185000.00,100000.00,0.15,314500.00,114500.00
ORD-00731,2025-09-16,Completed,Transfer Bank,CUST-0064,Bambang Hadi,Consumer,Jakarta Selatan,Jawa,PROD-006,Kabel Data Type-C Fast Charge,Elektronik,Aksesoris Mobile,2,35000.00,15000.00,0.00,70000.00,40000.00
ORD-00731,2025-09-16,Completed,Transfer Bank,CUST-0064,Bambang Hadi,Consumer,Jakarta Selatan,Jawa,PROD-008,Webcam Full HD 1080p,Elektronik,Aksesoris Komputer,1,280000.00,175000.00,0.00,280000.00,105000.00
ORD-00839,2026-01-23,Completed,COD,CUST-0064,Bambang Hadi,Consumer,Jakarta Selatan,Jawa,PROD-001,Mouse Wireless M185,Elektronik,Aksesoris Komputer,3,150000.00,95000.00,0.00,450000.00,165000.00
ORD-00104,2026-02-07,Completed,E-Wallet,CUST-0065,Yudi Pertiwi,Consumer,Jakarta Selatan,Jawa,PROD-016,Tunik Batik Modern,Pakaian,Wanita,1,175000.00,95000.00,0.00,175000.00,80000.00
ORD-00118,2025-11-08,Completed,Credit Card,CUST-0065,Yudi Pertiwi,Consumer,Jakarta Selatan,Jawa,PROD-006,Kabel Data Type-C Fast Charge,Elektronik,Aksesoris Mobile,1,35000.00,15000.00,0.00,35000.00,20000.00
ORD-00118,2025-11-08,Completed,Credit Card,CUST-0065,Yudi Pertiwi,Consumer,Jakarta Selatan,Jawa,PROD-012,Kemeja Flanel Lengan Panjang,Pakaian,Pria,2,165000.00,90000.00,0.10,297000.00,117000.00
ORD-00531,2025-05-22,Completed,E-Wallet,CUST-0065,Yudi Pertiwi,Consumer,Jakarta Selatan,Jawa,PROD-022,Rak Sepatu Susun Plastik,Perlengkapan Rumah,Storage,1,125000.00,68000.00,0.00,125000.00,57000.00
ORD-00531,2025-05-22,Completed,E-Wallet,CUST-0065,Yudi Pertiwi,Consumer,Jakarta Selatan,Jawa,PROD-017,Topi Baseball Canvas,Pakaian,Aksesoris Fashion,1,50000.00,22000.00,0.00,50000.00,28000.00
ORD-00188,2025-11-26,Completed,Transfer Bank,CUST-0066,Eko Saputra,Corporate,Surabaya,Jawa,PROD-011,Kaos Polos Cotton Combed 30s,Pakaian,Pria,1,75000.00,35000.00,0.15,63750.00,28750.00
ORD-00378,2025-10-03,Completed,E-Wallet,CUST-0066,Eko Saputra,Corporate,Surabaya,Jawa,PROD-015,Blouse Wanita Casual,Pakaian,Wanita,1,135000.00,70000.00,0.00,135000.00,65000.00
ORD-00756,2025-05-31,Completed,Credit Card,CUST-0066,Eko Saputra,Corporate,Surabaya,Jawa,PROD-009,Earphones TWS Bluetooth 5.3,Elektronik,Audio,1,250000.00,140000.00,0.00,250000.00,110000.00
ORD-00756,2025-05-31,Completed,Credit Card,CUST-0066,Eko Saputra,Corporate,Surabaya,Jawa,PROD-012,Kemeja Flanel Lengan Panjang,Pakaian,Pria,1,165000.00,90000.00,0.00,165000.00,75000.00
ORD-00913,2026-05-03,Completed,E-Wallet,CUST-0066,Eko Saputra,Corporate,Surabaya,Jawa,PROD-010,USB Flashdrive 64GB,Elektronik,Storage,1,85000.00,45000.00,0.00,85000.00,40000.00
ORD-00913,2026-05-03,Completed,E-Wallet,CUST-0066,Eko Saputra,Corporate,Surabaya,Jawa,PROD-019,Lampu Meja LED Belajar,Perlengkapan Rumah,Dekorasi,1,110000.00,60000.00,0.00,110000.00,50000.00
ORD-00152,2026-01-18,Completed,COD,CUST-0067,Yudi Lestari,Consumer,Denpasar,Bali & Nusa Tenggara,PROD-009,Earphones TWS Bluetooth 5.3,Elektronik,Audio,3,250000.00,140000.00,0.00,750000.00,330000.00
ORD-00152,2026-01-18,Completed,COD,CUST-0067,Yudi Lestari,Consumer,Denpasar,Bali & Nusa Tenggara,PROD-016,Tunik Batik Modern,Pakaian,Wanita,3,175000.00,95000.00,0.05,498750.00,213750.00
ORD-00261,2025-08-28,Completed,Transfer Bank,CUST-0067,Yudi Lestari,Consumer,Denpasar,Bali & Nusa Tenggara,PROD-020,Organizer Meja Acrylic,Perlengkapan Rumah,Storage,5,65000.00,32000.00,0.00,325000.00,165000.00
ORD-00261,2025-08-28,Completed,Transfer Bank,CUST-0067,Yudi Lestari,Consumer,Denpasar,Bali & Nusa Tenggara,PROD-007,Powerbank 10000mAh Dual Port,Elektronik,Aksesoris Mobile,1,200000.00,120000.00,0.00,200000.00,80000.00
ORD-00775,2025-12-22,Completed,Transfer Bank,CUST-0067,Yudi Lestari,Consumer,Denpasar,Bali & Nusa Tenggara,PROD-023,Buku Catatan Hardcover A5,Alat Tulis & Kantor,Kertas & Buku,1,45000.00,20000.00,0.00,45000.00,25000.00
ORD-00775,2025-12-22,Completed,Transfer Bank,CUST-0067,Yudi Lestari,Consumer,Denpasar,Bali & Nusa Tenggara,PROD-025,Desk Mat Deskpad Leather,Alat Tulis & Kantor,Aksesoris Meja,1,95000.00,50000.00,0.10,85500.00,35500.00
ORD-00775,2025-12-22,Completed,Transfer Bank,CUST-0067,Yudi Lestari,Consumer,Denpasar,Bali & Nusa Tenggara,PROD-020,Organizer Meja Acrylic,Perlengkapan Rumah,Storage,1,65000.00,32000.00,0.05,61750.00,29750.00
ORD-00812,2026-03-18,Completed,COD,CUST-0067,Yudi Lestari,Consumer,Denpasar,Bali & Nusa Tenggara,PROD-025,Desk Mat Deskpad Leather,Alat Tulis & Kantor,Aksesoris Meja,1,95000.00,50000.00,0.00,95000.00,45000.00
ORD-00812,2026-03-18,Completed,COD,CUST-0067,Yudi Lestari,Consumer,Denpasar,Bali & Nusa Tenggara,PROD-004,Stand Laptop Aluminium,Elektronik,Aksesoris Komputer,1,120000.00,70000.00,0.00,120000.00,50000.00
ORD-00812,2026-03-18,Completed,COD,CUST-0067,Yudi Lestari,Consumer,Denpasar,Bali & Nusa Tenggara,PROD-003,Headset Gaming Surround 7.1,Elektronik,Audio,2,350000.00,210000.00,0.05,665000.00,245000.00
ORD-00963,2025-02-17,Completed,Transfer Bank,CUST-0067,Yudi Lestari,Consumer,Denpasar,Bali & Nusa Tenggara,PROD-013,Jaket Hoodie Fleece,Pakaian,Pria,1,220000.00,125000.00,0.00,220000.00,95000.00
ORD-00963,2025-02-17,Completed,Transfer Bank,CUST-0067,Yudi Lestari,Consumer,Denpasar,Bali & Nusa Tenggara,PROD-008,Webcam Full HD 1080p,Elektronik,Aksesoris Komputer,1,280000.00,175000.00,0.05,266000.00,91000.00
ORD-01162,2025-09-14,Completed,E-Wallet,CUST-0067,Yudi Lestari,Consumer,Denpasar,Bali & Nusa Tenggara,PROD-025,Desk Mat Deskpad Leather,Alat Tulis & Kantor,Aksesoris Meja,3,95000.00,50000.00,0.15,242250.00,92250.00
ORD-00194,2025-12-05,Completed,COD,CUST-0068,Titi Hadi,Home Office,Medan,Sumatra,PROD-015,Blouse Wanita Casual,Pakaian,Wanita,1,135000.00,70000.00,0.10,121500.00,51500.00
ORD-00368,2026-02-19,Completed,COD,CUST-0068,Titi Hadi,Home Office,Medan,Sumatra,PROD-012,Kemeja Flanel Lengan Panjang,Pakaian,Pria,1,165000.00,90000.00,0.00,165000.00,75000.00
ORD-00455,2026-01-25,Completed,Transfer Bank,CUST-0068,Titi Hadi,Home Office,Medan,Sumatra,PROD-012,Kemeja Flanel Lengan Panjang,Pakaian,Pria,1,165000.00,90000.00,0.05,156750.00,66750.00
ORD-00455,2026-01-25,Completed,Transfer Bank,CUST-0068,Titi Hadi,Home Office,Medan,Sumatra,PROD-015,Blouse Wanita Casual,Pakaian,Wanita,2,135000.00,70000.00,0.00,270000.00,130000.00
ORD-00546,2025-01-01,Completed,Credit Card,CUST-0068,Titi Hadi,Home Office,Medan,Sumatra,PROD-020,Organizer Meja Acrylic,Perlengkapan Rumah,Storage,2,65000.00,32000.00,0.00,130000.00,66000.00
ORD-00552,2025-04-20,Completed,E-Wallet,CUST-0068,Titi Hadi,Home Office,Medan,Sumatra,PROD-005,Monitor 24 inch IPS 75Hz,Elektronik,Display,2,1800000.00,1350000.00,0.00,3600000.00,900000.00
ORD-00552,2025-04-20,Completed,E-Wallet,CUST-0068,Titi Hadi,Home Office,Medan,Sumatra,PROD-023,Buku Catatan Hardcover A5,Alat Tulis & Kantor,Kertas & Buku,3,45000.00,20000.00,0.15,114750.00,54750.00
ORD-00552,2025-04-20,Completed,E-Wallet,CUST-0068,Titi Hadi,Home Office,Medan,Sumatra,PROD-016,Tunik Batik Modern,Pakaian,Wanita,1,175000.00,95000.00,0.00,175000.00,80000.00
ORD-00552,2025-04-20,Completed,E-Wallet,CUST-0068,Titi Hadi,Home Office,Medan,Sumatra,PROD-011,Kaos Polos Cotton Combed 30s,Pakaian,Pria,5,75000.00,35000.00,0.00,375000.00,200000.00
ORD-00781,2025-01-10,Completed,E-Wallet,CUST-0068,Titi Hadi,Home Office,Medan,Sumatra,PROD-016,Tunik Batik Modern,Pakaian,Wanita,1,175000.00,95000.00,0.05,166250.00,71250.00
ORD-00781,2025-01-10,Completed,E-Wallet,CUST-0068,Titi Hadi,Home Office,Medan,Sumatra,PROD-012,Kemeja Flanel Lengan Panjang,Pakaian,Pria,5,165000.00,90000.00,0.00,825000.00,375000.00
ORD-00781,2025-01-10,Completed,E-Wallet,CUST-0068,Titi Hadi,Home Office,Medan,Sumatra,PROD-004,Stand Laptop Aluminium,Elektronik,Aksesoris Komputer,1,120000.00,70000.00,0.00,120000.00,50000.00
ORD-00959,2025-04-28,Completed,Transfer Bank,CUST-0068,Titi Hadi,Home Office,Medan,Sumatra,PROD-024,Pulpen Gel Pack 12 Pcs,Alat Tulis & Kantor,Alat Tulis,2,36000.00,18000.00,0.00,72000.00,36000.00
ORD-00959,2025-04-28,Completed,Transfer Bank,CUST-0068,Titi Hadi,Home Office,Medan,Sumatra,PROD-002,Keyboard Mechanical RGB,Elektronik,Aksesoris Komputer,1,450000.00,280000.00,0.05,427500.00,147500.00
ORD-00959,2025-04-28,Completed,Transfer Bank,CUST-0068,Titi Hadi,Home Office,Medan,Sumatra,PROD-014,Celana Chino Slim Fit,Pakaian,Pria,5,185000.00,100000.00,0.15,786250.00,286250.00
ORD-00959,2025-04-28,Completed,Transfer Bank,CUST-0068,Titi Hadi,Home Office,Medan,Sumatra,PROD-025,Desk Mat Deskpad Leather,Alat Tulis & Kantor,Aksesoris Meja,3,95000.00,50000.00,0.00,285000.00,135000.00
ORD-00558,2025-07-15,Completed,E-Wallet,CUST-0069,Fajar Hidayat,Consumer,Balikpapan,Kalimantan,PROD-021,Bantal Leher Memory Foam,Perlengkapan Rumah,Kebutuhan Harian,3,85000.00,42000.00,0.05,242250.00,116250.00
ORD-00919,2025-05-22,Completed,Credit Card,CUST-0069,Fajar Hidayat,Consumer,Balikpapan,Kalimantan,PROD-024,Pulpen Gel Pack 12 Pcs,Alat Tulis & Kantor,Alat Tulis,2,36000.00,18000.00,0.00,72000.00,36000.00
ORD-00919,2025-05-22,Completed,Credit Card,CUST-0069,Fajar Hidayat,Consumer,Balikpapan,Kalimantan,PROD-009,Earphones TWS Bluetooth 5.3,Elektronik,Audio,1,250000.00,140000.00,0.00,250000.00,110000.00
ORD-01104,2025-12-19,Completed,Credit Card,CUST-0069,Fajar Hidayat,Consumer,Balikpapan,Kalimantan,PROD-015,Blouse Wanita Casual,Pakaian,Wanita,1,135000.00,70000.00,0.00,135000.00,65000.00
ORD-01104,2025-12-19,Completed,Credit Card,CUST-0069,Fajar Hidayat,Consumer,Balikpapan,Kalimantan,PROD-006,Kabel Data Type-C Fast Charge,Elektronik,Aksesoris Mobile,2,35000.00,15000.00,0.00,70000.00,40000.00
ORD-00044,2026-04-17,Completed,Transfer Bank,CUST-0070,Rina Utami,Home Office,Palembang,Sumatra,PROD-011,Kaos Polos Cotton Combed 30s,Pakaian,Pria,2,75000.00,35000.00,0.00,150000.00,80000.00
ORD-00044,2026-04-17,Completed,Transfer Bank,CUST-0070,Rina Utami,Home Office,Palembang,Sumatra,PROD-005,Monitor 24 inch IPS 75Hz,Elektronik,Display,3,1800000.00,1350000.00,0.00,5400000.00,1350000.00
ORD-00228,2025-11-20,Completed,Transfer Bank,CUST-0070,Rina Utami,Home Office,Palembang,Sumatra,PROD-017,Topi Baseball Canvas,Pakaian,Aksesoris Fashion,1,50000.00,22000.00,0.00,50000.00,28000.00
ORD-00228,2025-11-20,Completed,Transfer Bank,CUST-0070,Rina Utami,Home Office,Palembang,Sumatra,PROD-010,USB Flashdrive 64GB,Elektronik,Storage,1,85000.00,45000.00,0.00,85000.00,40000.00
ORD-00374,2025-05-27,Completed,COD,CUST-0070,Rina Utami,Home Office,Palembang,Sumatra,PROD-018,Botol Minum Tumbler 500ml,Perlengkapan Rumah,Dapur & Makan,1,95000.00,48000.00,0.10,85500.00,37500.00
ORD-00374,2025-05-27,Completed,COD,CUST-0070,Rina Utami,Home Office,Palembang,Sumatra,PROD-009,Earphones TWS Bluetooth 5.3,Elektronik,Audio,1,250000.00,140000.00,0.00,250000.00,110000.00
ORD-00468,2025-08-14,Completed,Credit Card,CUST-0070,Rina Utami,Home Office,Palembang,Sumatra,PROD-024,Pulpen Gel Pack 12 Pcs,Alat Tulis & Kantor,Alat Tulis,1,36000.00,18000.00,0.05,34200.00,16200.00
ORD-00468,2025-08-14,Completed,Credit Card,CUST-0070,Rina Utami,Home Office,Palembang,Sumatra,PROD-001,Mouse Wireless M185,Elektronik,Aksesoris Komputer,1,150000.00,95000.00,0.05,142500.00,47500.00
ORD-00468,2025-08-14,Completed,Credit Card,CUST-0070,Rina Utami,Home Office,Palembang,Sumatra,PROD-018,Botol Minum Tumbler 500ml,Perlengkapan Rumah,Dapur & Makan,1,95000.00,48000.00,0.00,95000.00,47000.00
ORD-00662,2025-06-22,Completed,E-Wallet,CUST-0070,Rina Utami,Home Office,Palembang,Sumatra,PROD-025,Desk Mat Deskpad Leather,Alat Tulis & Kantor,Aksesoris Meja,1,95000.00,50000.00,0.00,95000.00,45000.00
ORD-00662,2025-06-22,Completed,E-Wallet,CUST-0070,Rina Utami,Home Office,Palembang,Sumatra,PROD-005,Monitor 24 inch IPS 75Hz,Elektronik,Display,2,1800000.00,1350000.00,0.00,3600000.00,900000.00
ORD-00727,2025-12-30,Completed,Transfer Bank,CUST-0070,Rina Utami,Home Office,Palembang,Sumatra,PROD-015,Blouse Wanita Casual,Pakaian,Wanita,1,135000.00,70000.00,0.05,128250.00,58250.00
ORD-00727,2025-12-30,Completed,Transfer Bank,CUST-0070,Rina Utami,Home Office,Palembang,Sumatra,PROD-009,Earphones TWS Bluetooth 5.3,Elektronik,Audio,1,250000.00,140000.00,0.10,225000.00,85000.00
ORD-00727,2025-12-30,Completed,Transfer Bank,CUST-0070,Rina Utami,Home Office,Palembang,Sumatra,PROD-002,Keyboard Mechanical RGB,Elektronik,Aksesoris Komputer,2,450000.00,280000.00,0.05,855000.00,295000.00
ORD-00900,2025-03-22,Completed,COD,CUST-0070,Rina Utami,Home Office,Palembang,Sumatra,PROD-025,Desk Mat Deskpad Leather,Alat Tulis & Kantor,Aksesoris Meja,1,95000.00,50000.00,0.00,95000.00,45000.00
ORD-01066,2025-01-01,Completed,Credit Card,CUST-0070,Rina Utami,Home Office,Palembang,Sumatra,PROD-018,Botol Minum Tumbler 500ml,Perlengkapan Rumah,Dapur & Makan,2,95000.00,48000.00,0.00,190000.00,94000.00
ORD-00150,2025-04-15,Completed,Credit Card,CUST-0071,Dian Saputra,Corporate,Medan,Sumatra,PROD-022,Rak Sepatu Susun Plastik,Perlengkapan Rumah,Storage,1,125000.00,68000.00,0.10,112500.00,44500.00
ORD-00150,2025-04-15,Completed,Credit Card,CUST-0071,Dian Saputra,Corporate,Medan,Sumatra,PROD-006,Kabel Data Type-C Fast Charge,Elektronik,Aksesoris Mobile,3,35000.00,15000.00,0.15,89250.00,44250.00
ORD-00508,2025-09-19,Completed,COD,CUST-0071,Dian Saputra,Corporate,Medan,Sumatra,PROD-017,Topi Baseball Canvas,Pakaian,Aksesoris Fashion,1,50000.00,22000.00,0.05,47500.00,25500.00
ORD-00790,2025-11-15,Cancelled,COD,CUST-0071,Dian Saputra,Corporate,Medan,Sumatra,PROD-008,Webcam Full HD 1080p,Elektronik,Aksesoris Komputer,2,280000.00,175000.00,0.00,560000.00,210000.00
ORD-01195,2025-10-05,Completed,E-Wallet,CUST-0071,Dian Saputra,Corporate,Medan,Sumatra,PROD-007,Powerbank 10000mAh Dual Port,Elektronik,Aksesoris Mobile,1,200000.00,120000.00,0.15,170000.00,50000.00
ORD-01195,2025-10-05,Completed,E-Wallet,CUST-0071,Dian Saputra,Corporate,Medan,Sumatra,PROD-016,Tunik Batik Modern,Pakaian,Wanita,2,175000.00,95000.00,0.00,350000.00,160000.00
ORD-00461,2025-12-17,Completed,Credit Card,CUST-0072,Indah Setiawan,Consumer,Makassar,Sulawesi,PROD-019,Lampu Meja LED Belajar,Perlengkapan Rumah,Dekorasi,1,110000.00,60000.00,0.05,104500.00,44500.00
ORD-00563,2025-06-29,Completed,E-Wallet,CUST-0072,Indah Setiawan,Consumer,Makassar,Sulawesi,PROD-012,Kemeja Flanel Lengan Panjang,Pakaian,Pria,2,165000.00,90000.00,0.00,330000.00,150000.00
ORD-00563,2025-06-29,Completed,E-Wallet,CUST-0072,Indah Setiawan,Consumer,Makassar,Sulawesi,PROD-016,Tunik Batik Modern,Pakaian,Wanita,3,175000.00,95000.00,0.00,525000.00,240000.00
ORD-00563,2025-06-29,Completed,E-Wallet,CUST-0072,Indah Setiawan,Consumer,Makassar,Sulawesi,PROD-024,Pulpen Gel Pack 12 Pcs,Alat Tulis & Kantor,Alat Tulis,1,36000.00,18000.00,0.00,36000.00,18000.00
ORD-00563,2025-06-29,Completed,E-Wallet,CUST-0072,Indah Setiawan,Consumer,Makassar,Sulawesi,PROD-020,Organizer Meja Acrylic,Perlengkapan Rumah,Storage,1,65000.00,32000.00,0.00,65000.00,33000.00
ORD-00628,2025-08-25,Completed,Transfer Bank,CUST-0072,Indah Setiawan,Consumer,Makassar,Sulawesi,PROD-007,Powerbank 10000mAh Dual Port,Elektronik,Aksesoris Mobile,1,200000.00,120000.00,0.00,200000.00,80000.00
ORD-00016,2026-04-11,Completed,Transfer Bank,CUST-0073,Indah Aminah,Consumer,Palembang,Sumatra,PROD-021,Bantal Leher Memory Foam,Perlengkapan Rumah,Kebutuhan Harian,1,85000.00,42000.00,0.15,72250.00,30250.00
ORD-00016,2026-04-11,Completed,Transfer Bank,CUST-0073,Indah Aminah,Consumer,Palembang,Sumatra,PROD-002,Keyboard Mechanical RGB,Elektronik,Aksesoris Komputer,3,450000.00,280000.00,0.10,1215000.00,375000.00
ORD-00185,2025-02-11,Completed,Credit Card,CUST-0073,Indah Aminah,Consumer,Palembang,Sumatra,PROD-018,Botol Minum Tumbler 500ml,Perlengkapan Rumah,Dapur & Makan,5,95000.00,48000.00,0.05,451250.00,211250.00
ORD-00185,2025-02-11,Completed,Credit Card,CUST-0073,Indah Aminah,Consumer,Palembang,Sumatra,PROD-025,Desk Mat Deskpad Leather,Alat Tulis & Kantor,Aksesoris Meja,1,95000.00,50000.00,0.10,85500.00,35500.00
ORD-00488,2025-08-01,Cancelled,Credit Card,CUST-0073,Indah Aminah,Consumer,Palembang,Sumatra,PROD-025,Desk Mat Deskpad Leather,Alat Tulis & Kantor,Aksesoris Meja,1,95000.00,50000.00,0.00,95000.00,45000.00
ORD-00659,2025-01-12,Completed,Transfer Bank,CUST-0073,Indah Aminah,Consumer,Palembang,Sumatra,PROD-012,Kemeja Flanel Lengan Panjang,Pakaian,Pria,3,165000.00,90000.00,0.00,495000.00,225000.00
ORD-00659,2025-01-12,Completed,Transfer Bank,CUST-0073,Indah Aminah,Consumer,Palembang,Sumatra,PROD-002,Keyboard Mechanical RGB,Elektronik,Aksesoris Komputer,1,450000.00,280000.00,0.00,450000.00,170000.00
ORD-01176,2025-10-08,Completed,Transfer Bank,CUST-0073,Indah Aminah,Consumer,Palembang,Sumatra,PROD-024,Pulpen Gel Pack 12 Pcs,Alat Tulis & Kantor,Alat Tulis,1,36000.00,18000.00,0.05,34200.00,16200.00
ORD-01176,2025-10-08,Completed,Transfer Bank,CUST-0073,Indah Aminah,Consumer,Palembang,Sumatra,PROD-018,Botol Minum Tumbler 500ml,Perlengkapan Rumah,Dapur & Makan,2,95000.00,48000.00,0.00,190000.00,94000.00
ORD-01176,2025-10-08,Completed,Transfer Bank,CUST-0073,Indah Aminah,Consumer,Palembang,Sumatra,PROD-015,Blouse Wanita Casual,Pakaian,Wanita,2,135000.00,70000.00,0.05,256500.00,116500.00
ORD-00056,2025-09-27,Completed,COD,CUST-0074,Agus Aminah,Home Office,Bandung,Jawa,PROD-017,Topi Baseball Canvas,Pakaian,Aksesoris Fashion,1,50000.00,22000.00,0.00,50000.00,28000.00
ORD-00139,2025-06-29,Completed,COD,CUST-0074,Agus Aminah,Home Office,Bandung,Jawa,PROD-007,Powerbank 10000mAh Dual Port,Elektronik,Aksesoris Mobile,2,200000.00,120000.00,0.00,400000.00,160000.00
ORD-00302,2025-10-13,Completed,E-Wallet,CUST-0074,Agus Aminah,Home Office,Bandung,Jawa,PROD-024,Pulpen Gel Pack 12 Pcs,Alat Tulis & Kantor,Alat Tulis,1,36000.00,18000.00,0.00,36000.00,18000.00
ORD-00302,2025-10-13,Completed,E-Wallet,CUST-0074,Agus Aminah,Home Office,Bandung,Jawa,PROD-003,Headset Gaming Surround 7.1,Elektronik,Audio,5,350000.00,210000.00,0.00,1750000.00,700000.00
ORD-00302,2025-10-13,Completed,E-Wallet,CUST-0074,Agus Aminah,Home Office,Bandung,Jawa,PROD-025,Desk Mat Deskpad Leather,Alat Tulis & Kantor,Aksesoris Meja,1,95000.00,50000.00,0.05,90250.00,40250.00
ORD-00065,2025-07-03,Completed,E-Wallet,CUST-0075,Budi Wibowo,Corporate,Makassar,Sulawesi,PROD-014,Celana Chino Slim Fit,Pakaian,Pria,1,185000.00,100000.00,0.00,185000.00,85000.00
ORD-00065,2025-07-03,Completed,E-Wallet,CUST-0075,Budi Wibowo,Corporate,Makassar,Sulawesi,PROD-017,Topi Baseball Canvas,Pakaian,Aksesoris Fashion,3,50000.00,22000.00,0.00,150000.00,84000.00
ORD-00065,2025-07-03,Completed,E-Wallet,CUST-0075,Budi Wibowo,Corporate,Makassar,Sulawesi,PROD-022,Rak Sepatu Susun Plastik,Perlengkapan Rumah,Storage,2,125000.00,68000.00,0.10,225000.00,89000.00
ORD-00462,2025-06-04,Completed,Transfer Bank,CUST-0075,Budi Wibowo,Corporate,Makassar,Sulawesi,PROD-007,Powerbank 10000mAh Dual Port,Elektronik,Aksesoris Mobile,2,200000.00,120000.00,0.05,380000.00,140000.00
ORD-00933,2025-04-02,Completed,COD,CUST-0075,Budi Wibowo,Corporate,Makassar,Sulawesi,PROD-020,Organizer Meja Acrylic,Perlengkapan Rumah,Storage,3,65000.00,32000.00,0.00,195000.00,99000.00
ORD-01044,2025-11-11,Completed,E-Wallet,CUST-0075,Budi Wibowo,Corporate,Makassar,Sulawesi,PROD-009,Earphones TWS Bluetooth 5.3,Elektronik,Audio,3,250000.00,140000.00,0.10,675000.00,255000.00
ORD-01044,2025-11-11,Completed,E-Wallet,CUST-0075,Budi Wibowo,Corporate,Makassar,Sulawesi,PROD-021,Bantal Leher Memory Foam,Perlengkapan Rumah,Kebutuhan Harian,1,85000.00,42000.00,0.10,76500.00,34500.00
ORD-01085,2025-02-11,Completed,Transfer Bank,CUST-0075,Budi Wibowo,Corporate,Makassar,Sulawesi,PROD-006,Kabel Data Type-C Fast Charge,Elektronik,Aksesoris Mobile,1,35000.00,15000.00,0.00,35000.00,20000.00
ORD-01085,2025-02-11,Completed,Transfer Bank,CUST-0075,Budi Wibowo,Corporate,Makassar,Sulawesi,PROD-018,Botol Minum Tumbler 500ml,Perlengkapan Rumah,Dapur & Makan,1,95000.00,48000.00,0.00,95000.00,47000.00
ORD-01199,2025-04-05,Completed,Transfer Bank,CUST-0075,Budi Wibowo,Corporate,Makassar,Sulawesi,PROD-006,Kabel Data Type-C Fast Charge,Elektronik,Aksesoris Mobile,1,35000.00,15000.00,0.00,35000.00,20000.00
ORD-01199,2025-04-05,Completed,Transfer Bank,CUST-0075,Budi Wibowo,Corporate,Makassar,Sulawesi,PROD-010,USB Flashdrive 64GB,Elektronik,Storage,1,85000.00,45000.00,0.05,80750.00,35750.00
ORD-00164,2026-01-08,Completed,E-Wallet,CUST-0076,Agus Wibowo,Corporate,Palembang,Sumatra,PROD-015,Blouse Wanita Casual,Pakaian,Wanita,1,135000.00,70000.00,0.00,135000.00,65000.00
ORD-00164,2026-01-08,Completed,E-Wallet,CUST-0076,Agus Wibowo,Corporate,Palembang,Sumatra,PROD-009,Earphones TWS Bluetooth 5.3,Elektronik,Audio,5,250000.00,140000.00,0.00,1250000.00,550000.00
ORD-00712,2025-02-27,Completed,Transfer Bank,CUST-0076,Agus Wibowo,Corporate,Palembang,Sumatra,PROD-005,Monitor 24 inch IPS 75Hz,Elektronik,Display,1,1800000.00,1350000.00,0.10,1620000.00,270000.00
ORD-01172,2026-01-14,Completed,Credit Card,CUST-0076,Agus Wibowo,Corporate,Palembang,Sumatra,PROD-009,Earphones TWS Bluetooth 5.3,Elektronik,Audio,1,250000.00,140000.00,0.00,250000.00,110000.00
ORD-01172,2026-01-14,Completed,Credit Card,CUST-0076,Agus Wibowo,Corporate,Palembang,Sumatra,PROD-014,Celana Chino Slim Fit,Pakaian,Pria,1,185000.00,100000.00,0.00,185000.00,85000.00
ORD-01172,2026-01-14,Completed,Credit Card,CUST-0076,Agus Wibowo,Corporate,Palembang,Sumatra,PROD-016,Tunik Batik Modern,Pakaian,Wanita,1,175000.00,95000.00,0.00,175000.00,80000.00
ORD-00184,2025-05-26,Completed,Credit Card,CUST-0077,Budi Aminah,Corporate,Bandung,Jawa,PROD-015,Blouse Wanita Casual,Pakaian,Wanita,1,135000.00,70000.00,0.10,121500.00,51500.00
ORD-00184,2025-05-26,Completed,Credit Card,CUST-0077,Budi Aminah,Corporate,Bandung,Jawa,PROD-004,Stand Laptop Aluminium,Elektronik,Aksesoris Komputer,1,120000.00,70000.00,0.05,114000.00,44000.00
ORD-00395,2025-12-23,Completed,Credit Card,CUST-0077,Budi Aminah,Corporate,Bandung,Jawa,PROD-021,Bantal Leher Memory Foam,Perlengkapan Rumah,Kebutuhan Harian,2,85000.00,42000.00,0.20,136000.00,52000.00
ORD-00429,2025-02-24,Completed,E-Wallet,CUST-0077,Budi Aminah,Corporate,Bandung,Jawa,PROD-020,Organizer Meja Acrylic,Perlengkapan Rumah,Storage,1,65000.00,32000.00,0.00,65000.00,33000.00
ORD-00594,2025-08-30,Completed,E-Wallet,CUST-0077,Budi Aminah,Corporate,Bandung,Jawa,PROD-019,Lampu Meja LED Belajar,Perlengkapan Rumah,Dekorasi,2,110000.00,60000.00,0.00,220000.00,100000.00
ORD-01032,2025-04-11,Completed,COD,CUST-0077,Budi Aminah,Corporate,Bandung,Jawa,PROD-005,Monitor 24 inch IPS 75Hz,Elektronik,Display,1,1800000.00,1350000.00,0.00,1800000.00,450000.00
ORD-01032,2025-04-11,Completed,COD,CUST-0077,Budi Aminah,Corporate,Bandung,Jawa,PROD-006,Kabel Data Type-C Fast Charge,Elektronik,Aksesoris Mobile,2,35000.00,15000.00,0.05,66500.00,36500.00
ORD-00053,2025-12-06,Completed,COD,CUST-0078,Agus Aminah,Consumer,Yogyakarta,Jawa,PROD-001,Mouse Wireless M185,Elektronik,Aksesoris Komputer,1,150000.00,95000.00,0.05,142500.00,47500.00
ORD-00177,2025-11-06,Completed,Transfer Bank,CUST-0078,Agus Aminah,Consumer,Yogyakarta,Jawa,PROD-001,Mouse Wireless M185,Elektronik,Aksesoris Komputer,1,150000.00,95000.00,0.00,150000.00,55000.00
ORD-00040,2026-04-30,Completed,COD,CUST-0079,Maya Aminah,Consumer,Yogyakarta,Jawa,PROD-009,Earphones TWS Bluetooth 5.3,Elektronik,Audio,1,250000.00,140000.00,0.10,225000.00,85000.00
ORD-00126,2025-12-07,Completed,COD,CUST-0079,Maya Aminah,Consumer,Yogyakarta,Jawa,PROD-025,Desk Mat Deskpad Leather,Alat Tulis & Kantor,Aksesoris Meja,2,95000.00,50000.00,0.15,161500.00,61500.00
ORD-00247,2025-07-16,Completed,COD,CUST-0079,Maya Aminah,Consumer,Yogyakarta,Jawa,PROD-018,Botol Minum Tumbler 500ml,Perlengkapan Rumah,Dapur & Makan,1,95000.00,48000.00,0.05,90250.00,42250.00
ORD-00268,2026-03-02,Completed,Credit Card,CUST-0079,Maya Aminah,Consumer,Yogyakarta,Jawa,PROD-022,Rak Sepatu Susun Plastik,Perlengkapan Rumah,Storage,5,125000.00,68000.00,0.10,562500.00,222500.00
ORD-00268,2026-03-02,Completed,Credit Card,CUST-0079,Maya Aminah,Consumer,Yogyakarta,Jawa,PROD-006,Kabel Data Type-C Fast Charge,Elektronik,Aksesoris Mobile,1,35000.00,15000.00,0.05,33250.00,18250.00
ORD-00268,2026-03-02,Completed,Credit Card,CUST-0079,Maya Aminah,Consumer,Yogyakarta,Jawa,PROD-003,Headset Gaming Surround 7.1,Elektronik,Audio,1,350000.00,210000.00,0.00,350000.00,140000.00
ORD-00359,2026-05-06,Completed,COD,CUST-0079,Maya Aminah,Consumer,Yogyakarta,Jawa,PROD-025,Desk Mat Deskpad Leather,Alat Tulis & Kantor,Aksesoris Meja,2,95000.00,50000.00,0.00,190000.00,90000.00
ORD-00889,2025-11-28,Returned,Transfer Bank,CUST-0079,Maya Aminah,Consumer,Yogyakarta,Jawa,PROD-016,Tunik Batik Modern,Pakaian,Wanita,2,175000.00,95000.00,0.00,350000.00,160000.00
ORD-00889,2025-11-28,Returned,Transfer Bank,CUST-0079,Maya Aminah,Consumer,Yogyakarta,Jawa,PROD-001,Mouse Wireless M185,Elektronik,Aksesoris Komputer,2,150000.00,95000.00,0.00,300000.00,110000.00
ORD-01101,2025-01-31,Returned,Transfer Bank,CUST-0079,Maya Aminah,Consumer,Yogyakarta,Jawa,PROD-021,Bantal Leher Memory Foam,Perlengkapan Rumah,Kebutuhan Harian,1,85000.00,42000.00,0.00,85000.00,43000.00
ORD-01101,2025-01-31,Returned,Transfer Bank,CUST-0079,Maya Aminah,Consumer,Yogyakarta,Jawa,PROD-025,Desk Mat Deskpad Leather,Alat Tulis & Kantor,Aksesoris Meja,1,95000.00,50000.00,0.05,90250.00,40250.00
ORD-01101,2025-01-31,Returned,Transfer Bank,CUST-0079,Maya Aminah,Consumer,Yogyakarta,Jawa,PROD-023,Buku Catatan Hardcover A5,Alat Tulis & Kantor,Kertas & Buku,1,45000.00,20000.00,0.00,45000.00,25000.00
ORD-01193,2025-08-02,Completed,COD,CUST-0079,Maya Aminah,Consumer,Yogyakarta,Jawa,PROD-011,Kaos Polos Cotton Combed 30s,Pakaian,Pria,1,75000.00,35000.00,0.00,75000.00,40000.00
ORD-00097,2025-10-28,Completed,COD,CUST-0080,Agus Prasetyo,Consumer,Palembang,Sumatra,PROD-022,Rak Sepatu Susun Plastik,Perlengkapan Rumah,Storage,2,125000.00,68000.00,0.00,250000.00,114000.00
ORD-00871,2025-06-19,Completed,Transfer Bank,CUST-0080,Agus Prasetyo,Consumer,Palembang,Sumatra,PROD-018,Botol Minum Tumbler 500ml,Perlengkapan Rumah,Dapur & Makan,1,95000.00,48000.00,0.00,95000.00,47000.00
ORD-00972,2025-07-29,Completed,COD,CUST-0080,Agus Prasetyo,Consumer,Palembang,Sumatra,PROD-022,Rak Sepatu Susun Plastik,Perlengkapan Rumah,Storage,5,125000.00,68000.00,0.00,625000.00,285000.00
ORD-00144,2026-03-29,Completed,Transfer Bank,CUST-0081,Rina Suryani,Home Office,Denpasar,Bali & Nusa Tenggara,PROD-001,Mouse Wireless M185,Elektronik,Aksesoris Komputer,1,150000.00,95000.00,0.00,150000.00,55000.00
ORD-00257,2026-04-02,Completed,E-Wallet,CUST-0081,Rina Suryani,Home Office,Denpasar,Bali & Nusa Tenggara,PROD-002,Keyboard Mechanical RGB,Elektronik,Aksesoris Komputer,3,450000.00,280000.00,0.00,1350000.00,510000.00
ORD-00337,2025-01-03,Completed,COD,CUST-0081,Rina Suryani,Home Office,Denpasar,Bali & Nusa Tenggara,PROD-024,Pulpen Gel Pack 12 Pcs,Alat Tulis & Kantor,Alat Tulis,1,36000.00,18000.00,0.15,30600.00,12600.00
ORD-00945,2025-04-19,Completed,Credit Card,CUST-0081,Rina Suryani,Home Office,Denpasar,Bali & Nusa Tenggara,PROD-017,Topi Baseball Canvas,Pakaian,Aksesoris Fashion,2,50000.00,22000.00,0.00,100000.00,56000.00
ORD-00990,2025-05-03,Completed,Transfer Bank,CUST-0081,Rina Suryani,Home Office,Denpasar,Bali & Nusa Tenggara,PROD-004,Stand Laptop Aluminium,Elektronik,Aksesoris Komputer,3,120000.00,70000.00,0.00,360000.00,150000.00
ORD-01187,2025-06-20,Completed,Transfer Bank,CUST-0081,Rina Suryani,Home Office,Denpasar,Bali & Nusa Tenggara,PROD-016,Tunik Batik Modern,Pakaian,Wanita,1,175000.00,95000.00,0.00,175000.00,80000.00
ORD-01187,2025-06-20,Completed,Transfer Bank,CUST-0081,Rina Suryani,Home Office,Denpasar,Bali & Nusa Tenggara,PROD-022,Rak Sepatu Susun Plastik,Perlengkapan Rumah,Storage,1,125000.00,68000.00,0.05,118750.00,50750.00
ORD-00288,2026-05-08,Completed,Credit Card,CUST-0082,Nani Wibowo,Corporate,Surabaya,Jawa,PROD-006,Kabel Data Type-C Fast Charge,Elektronik,Aksesoris Mobile,1,35000.00,15000.00,0.00,35000.00,20000.00
ORD-00204,2025-05-26,Completed,Credit Card,CUST-0083,Agus Pertiwi,Consumer,Denpasar,Bali & Nusa Tenggara,PROD-024,Pulpen Gel Pack 12 Pcs,Alat Tulis & Kantor,Alat Tulis,1,36000.00,18000.00,0.00,36000.00,18000.00
ORD-00856,2025-04-13,Completed,Credit Card,CUST-0083,Agus Pertiwi,Consumer,Denpasar,Bali & Nusa Tenggara,PROD-023,Buku Catatan Hardcover A5,Alat Tulis & Kantor,Kertas & Buku,1,45000.00,20000.00,0.05,42750.00,22750.00
ORD-00950,2025-01-23,Completed,E-Wallet,CUST-0083,Agus Pertiwi,Consumer,Denpasar,Bali & Nusa Tenggara,PROD-019,Lampu Meja LED Belajar,Perlengkapan Rumah,Dekorasi,5,110000.00,60000.00,0.05,522500.00,222500.00
ORD-00950,2025-01-23,Completed,E-Wallet,CUST-0083,Agus Pertiwi,Consumer,Denpasar,Bali & Nusa Tenggara,PROD-021,Bantal Leher Memory Foam,Perlengkapan Rumah,Kebutuhan Harian,2,85000.00,42000.00,0.00,170000.00,86000.00
ORD-00950,2025-01-23,Completed,E-Wallet,CUST-0083,Agus Pertiwi,Consumer,Denpasar,Bali & Nusa Tenggara,PROD-016,Tunik Batik Modern,Pakaian,Wanita,1,175000.00,95000.00,0.15,148750.00,53750.00
ORD-00979,2025-08-17,Completed,Transfer Bank,CUST-0083,Agus Pertiwi,Consumer,Denpasar,Bali & Nusa Tenggara,PROD-024,Pulpen Gel Pack 12 Pcs,Alat Tulis & Kantor,Alat Tulis,1,36000.00,18000.00,0.05,34200.00,16200.00
ORD-00306,2025-06-17,Completed,COD,CUST-0084,Fajar Hidayat,Consumer,Denpasar,Bali & Nusa Tenggara,PROD-017,Topi Baseball Canvas,Pakaian,Aksesoris Fashion,1,50000.00,22000.00,0.00,50000.00,28000.00
ORD-01036,2025-07-23,Completed,Transfer Bank,CUST-0084,Fajar Hidayat,Consumer,Denpasar,Bali & Nusa Tenggara,PROD-017,Topi Baseball Canvas,Pakaian,Aksesoris Fashion,2,50000.00,22000.00,0.05,95000.00,51000.00
ORD-00195,2025-03-20,Completed,COD,CUST-0085,Rian Saputra,Consumer,Jakarta Selatan,Jawa,PROD-013,Jaket Hoodie Fleece,Pakaian,Pria,1,220000.00,125000.00,0.00,220000.00,95000.00
ORD-00365,2025-10-21,Completed,Credit Card,CUST-0085,Rian Saputra,Consumer,Jakarta Selatan,Jawa,PROD-007,Powerbank 10000mAh Dual Port,Elektronik,Aksesoris Mobile,1,200000.00,120000.00,0.00,200000.00,80000.00
ORD-00365,2025-10-21,Completed,Credit Card,CUST-0085,Rian Saputra,Consumer,Jakarta Selatan,Jawa,PROD-019,Lampu Meja LED Belajar,Perlengkapan Rumah,Dekorasi,3,110000.00,60000.00,0.10,297000.00,117000.00
ORD-00365,2025-10-21,Completed,Credit Card,CUST-0085,Rian Saputra,Consumer,Jakarta Selatan,Jawa,PROD-004,Stand Laptop Aluminium,Elektronik,Aksesoris Komputer,2,120000.00,70000.00,0.05,228000.00,88000.00
ORD-00780,2025-07-03,Completed,COD,CUST-0085,Rian Saputra,Consumer,Jakarta Selatan,Jawa,PROD-010,USB Flashdrive 64GB,Elektronik,Storage,1,85000.00,45000.00,0.05,80750.00,35750.00
ORD-00780,2025-07-03,Completed,COD,CUST-0085,Rian Saputra,Consumer,Jakarta Selatan,Jawa,PROD-015,Blouse Wanita Casual,Pakaian,Wanita,1,135000.00,70000.00,0.00,135000.00,65000.00
ORD-00834,2025-12-26,Completed,COD,CUST-0085,Rian Saputra,Consumer,Jakarta Selatan,Jawa,PROD-023,Buku Catatan Hardcover A5,Alat Tulis & Kantor,Kertas & Buku,1,45000.00,20000.00,0.10,40500.00,20500.00
ORD-00241,2025-11-05,Completed,COD,CUST-0086,Rizky Kurniawan,Consumer,Semarang,Jawa,PROD-006,Kabel Data Type-C Fast Charge,Elektronik,Aksesoris Mobile,1,35000.00,15000.00,0.05,33250.00,18250.00
ORD-00241,2025-11-05,Completed,COD,CUST-0086,Rizky Kurniawan,Consumer,Semarang,Jawa,PROD-004,Stand Laptop Aluminium,Elektronik,Aksesoris Komputer,1,120000.00,70000.00,0.10,108000.00,38000.00
ORD-00590,2025-09-13,Completed,Credit Card,CUST-0086,Rizky Kurniawan,Consumer,Semarang,Jawa,PROD-010,USB Flashdrive 64GB,Elektronik,Storage,2,85000.00,45000.00,0.05,161500.00,71500.00
ORD-00590,2025-09-13,Completed,Credit Card,CUST-0086,Rizky Kurniawan,Consumer,Semarang,Jawa,PROD-021,Bantal Leher Memory Foam,Perlengkapan Rumah,Kebutuhan Harian,2,85000.00,42000.00,0.00,170000.00,86000.00
ORD-00590,2025-09-13,Completed,Credit Card,CUST-0086,Rizky Kurniawan,Consumer,Semarang,Jawa,PROD-002,Keyboard Mechanical RGB,Elektronik,Aksesoris Komputer,1,450000.00,280000.00,0.00,450000.00,170000.00
ORD-00671,2025-05-02,Completed,Transfer Bank,CUST-0086,Rizky Kurniawan,Consumer,Semarang,Jawa,PROD-012,Kemeja Flanel Lengan Panjang,Pakaian,Pria,2,165000.00,90000.00,0.00,330000.00,150000.00
ORD-00671,2025-05-02,Completed,Transfer Bank,CUST-0086,Rizky Kurniawan,Consumer,Semarang,Jawa,PROD-011,Kaos Polos Cotton Combed 30s,Pakaian,Pria,2,75000.00,35000.00,0.00,150000.00,80000.00
ORD-00671,2025-05-02,Completed,Transfer Bank,CUST-0086,Rizky Kurniawan,Consumer,Semarang,Jawa,PROD-007,Powerbank 10000mAh Dual Port,Elektronik,Aksesoris Mobile,1,200000.00,120000.00,0.05,190000.00,70000.00
ORD-00886,2025-09-21,Completed,Transfer Bank,CUST-0086,Rizky Kurniawan,Consumer,Semarang,Jawa,PROD-012,Kemeja Flanel Lengan Panjang,Pakaian,Pria,2,165000.00,90000.00,0.20,264000.00,84000.00
ORD-00634,2025-01-22,Completed,COD,CUST-0087,Indah Hadi,Corporate,Semarang,Jawa,PROD-014,Celana Chino Slim Fit,Pakaian,Pria,1,185000.00,100000.00,0.00,185000.00,85000.00
ORD-00768,2025-04-18,Completed,E-Wallet,CUST-0087,Indah Hadi,Corporate,Semarang,Jawa,PROD-014,Celana Chino Slim Fit,Pakaian,Pria,2,185000.00,100000.00,0.00,370000.00,170000.00
ORD-00768,2025-04-18,Completed,E-Wallet,CUST-0087,Indah Hadi,Corporate,Semarang,Jawa,PROD-018,Botol Minum Tumbler 500ml,Perlengkapan Rumah,Dapur & Makan,1,95000.00,48000.00,0.00,95000.00,47000.00
ORD-00768,2025-04-18,Completed,E-Wallet,CUST-0087,Indah Hadi,Corporate,Semarang,Jawa,PROD-008,Webcam Full HD 1080p,Elektronik,Aksesoris Komputer,1,280000.00,175000.00,0.00,280000.00,105000.00
ORD-00917,2026-02-18,Completed,Transfer Bank,CUST-0087,Indah Hadi,Corporate,Semarang,Jawa,PROD-025,Desk Mat Deskpad Leather,Alat Tulis & Kantor,Aksesoris Meja,2,95000.00,50000.00,0.00,190000.00,90000.00
ORD-00917,2026-02-18,Completed,Transfer Bank,CUST-0087,Indah Hadi,Corporate,Semarang,Jawa,PROD-005,Monitor 24 inch IPS 75Hz,Elektronik,Display,2,1800000.00,1350000.00,0.05,3420000.00,720000.00
ORD-00435,2025-01-29,Completed,Transfer Bank,CUST-0088,Rian Santoso,Corporate,Yogyakarta,Jawa,PROD-023,Buku Catatan Hardcover A5,Alat Tulis & Kantor,Kertas & Buku,1,45000.00,20000.00,0.10,40500.00,20500.00
ORD-00690,2025-02-19,Completed,Credit Card,CUST-0088,Rian Santoso,Corporate,Yogyakarta,Jawa,PROD-009,Earphones TWS Bluetooth 5.3,Elektronik,Audio,1,250000.00,140000.00,0.10,225000.00,85000.00
ORD-00690,2025-02-19,Completed,Credit Card,CUST-0088,Rian Santoso,Corporate,Yogyakarta,Jawa,PROD-002,Keyboard Mechanical RGB,Elektronik,Aksesoris Komputer,1,450000.00,280000.00,0.20,360000.00,80000.00
ORD-00690,2025-02-19,Completed,Credit Card,CUST-0088,Rian Santoso,Corporate,Yogyakarta,Jawa,PROD-013,Jaket Hoodie Fleece,Pakaian,Pria,1,220000.00,125000.00,0.05,209000.00,84000.00
ORD-00690,2025-02-19,Completed,Credit Card,CUST-0088,Rian Santoso,Corporate,Yogyakarta,Jawa,PROD-014,Celana Chino Slim Fit,Pakaian,Pria,1,185000.00,100000.00,0.05,175750.00,75750.00
ORD-00804,2026-03-13,Completed,Credit Card,CUST-0088,Rian Santoso,Corporate,Yogyakarta,Jawa,PROD-006,Kabel Data Type-C Fast Charge,Elektronik,Aksesoris Mobile,1,35000.00,15000.00,0.00,35000.00,20000.00
ORD-00804,2026-03-13,Completed,Credit Card,CUST-0088,Rian Santoso,Corporate,Yogyakarta,Jawa,PROD-016,Tunik Batik Modern,Pakaian,Wanita,2,175000.00,95000.00,0.10,315000.00,125000.00
ORD-00804,2026-03-13,Completed,Credit Card,CUST-0088,Rian Santoso,Corporate,Yogyakarta,Jawa,PROD-005,Monitor 24 inch IPS 75Hz,Elektronik,Display,3,1800000.00,1350000.00,0.20,4320000.00,270000.00
ORD-00571,2025-07-07,Completed,COD,CUST-0089,Maya Pertiwi,Home Office,Semarang,Jawa,PROD-007,Powerbank 10000mAh Dual Port,Elektronik,Aksesoris Mobile,3,200000.00,120000.00,0.00,600000.00,240000.00
ORD-00571,2025-07-07,Completed,COD,CUST-0089,Maya Pertiwi,Home Office,Semarang,Jawa,PROD-024,Pulpen Gel Pack 12 Pcs,Alat Tulis & Kantor,Alat Tulis,1,36000.00,18000.00,0.05,34200.00,16200.00
ORD-00636,2025-07-15,Cancelled,Credit Card,CUST-0089,Maya Pertiwi,Home Office,Semarang,Jawa,PROD-022,Rak Sepatu Susun Plastik,Perlengkapan Rumah,Storage,1,125000.00,68000.00,0.00,125000.00,57000.00
ORD-00651,2026-04-24,Completed,E-Wallet,CUST-0089,Maya Pertiwi,Home Office,Semarang,Jawa,PROD-024,Pulpen Gel Pack 12 Pcs,Alat Tulis & Kantor,Alat Tulis,2,36000.00,18000.00,0.15,61200.00,25200.00
ORD-00704,2025-03-03,Completed,E-Wallet,CUST-0089,Maya Pertiwi,Home Office,Semarang,Jawa,PROD-020,Organizer Meja Acrylic,Perlengkapan Rumah,Storage,1,65000.00,32000.00,0.00,65000.00,33000.00
ORD-00704,2025-03-03,Completed,E-Wallet,CUST-0089,Maya Pertiwi,Home Office,Semarang,Jawa,PROD-009,Earphones TWS Bluetooth 5.3,Elektronik,Audio,1,250000.00,140000.00,0.00,250000.00,110000.00
ORD-00739,2025-08-31,Completed,Transfer Bank,CUST-0089,Maya Pertiwi,Home Office,Semarang,Jawa,PROD-006,Kabel Data Type-C Fast Charge,Elektronik,Aksesoris Mobile,1,35000.00,15000.00,0.00,35000.00,20000.00
ORD-00739,2025-08-31,Completed,Transfer Bank,CUST-0089,Maya Pertiwi,Home Office,Semarang,Jawa,PROD-012,Kemeja Flanel Lengan Panjang,Pakaian,Pria,1,165000.00,90000.00,0.05,156750.00,66750.00
ORD-00583,2025-12-08,Completed,Transfer Bank,CUST-0090,Agus Hidayat,Consumer,Jakarta Selatan,Jawa,PROD-011,Kaos Polos Cotton Combed 30s,Pakaian,Pria,1,75000.00,35000.00,0.05,71250.00,36250.00
ORD-00665,2025-12-07,Completed,COD,CUST-0090,Agus Hidayat,Consumer,Jakarta Selatan,Jawa,PROD-007,Powerbank 10000mAh Dual Port,Elektronik,Aksesoris Mobile,3,200000.00,120000.00,0.00,600000.00,240000.00
ORD-00986,2026-04-30,Completed,COD,CUST-0090,Agus Hidayat,Consumer,Jakarta Selatan,Jawa,PROD-016,Tunik Batik Modern,Pakaian,Wanita,2,175000.00,95000.00,0.00,350000.00,160000.00
ORD-00986,2026-04-30,Completed,COD,CUST-0090,Agus Hidayat,Consumer,Jakarta Selatan,Jawa,PROD-004,Stand Laptop Aluminium,Elektronik,Aksesoris Komputer,1,120000.00,70000.00,0.10,108000.00,38000.00
ORD-00986,2026-04-30,Completed,COD,CUST-0090,Agus Hidayat,Consumer,Jakarta Selatan,Jawa,PROD-020,Organizer Meja Acrylic,Perlengkapan Rumah,Storage,2,65000.00,32000.00,0.00,130000.00,66000.00
ORD-01021,2025-07-21,Completed,COD,CUST-0090,Agus Hidayat,Consumer,Jakarta Selatan,Jawa,PROD-001,Mouse Wireless M185,Elektronik,Aksesoris Komputer,1,150000.00,95000.00,0.00,150000.00,55000.00
ORD-01021,2025-07-21,Completed,COD,CUST-0090,Agus Hidayat,Consumer,Jakarta Selatan,Jawa,PROD-012,Kemeja Flanel Lengan Panjang,Pakaian,Pria,2,165000.00,90000.00,0.10,297000.00,117000.00
ORD-01021,2025-07-21,Completed,COD,CUST-0090,Agus Hidayat,Consumer,Jakarta Selatan,Jawa,PROD-014,Celana Chino Slim Fit,Pakaian,Pria,1,185000.00,100000.00,0.10,166500.00,66500.00
ORD-00341,2026-04-13,Completed,Transfer Bank,CUST-0091,Yudi Nugroho,Consumer,Bandung,Jawa,PROD-023,Buku Catatan Hardcover A5,Alat Tulis & Kantor,Kertas & Buku,1,45000.00,20000.00,0.00,45000.00,25000.00
ORD-00766,2025-09-07,Completed,Credit Card,CUST-0091,Yudi Nugroho,Consumer,Bandung,Jawa,PROD-006,Kabel Data Type-C Fast Charge,Elektronik,Aksesoris Mobile,1,35000.00,15000.00,0.00,35000.00,20000.00
ORD-00843,2026-04-19,Completed,E-Wallet,CUST-0091,Yudi Nugroho,Consumer,Bandung,Jawa,PROD-010,USB Flashdrive 64GB,Elektronik,Storage,1,85000.00,45000.00,0.10,76500.00,31500.00
ORD-00843,2026-04-19,Completed,E-Wallet,CUST-0091,Yudi Nugroho,Consumer,Bandung,Jawa,PROD-003,Headset Gaming Surround 7.1,Elektronik,Audio,2,350000.00,210000.00,0.00,700000.00,280000.00
ORD-00851,2026-04-17,Cancelled,Credit Card,CUST-0092,Fajar Lestari,Corporate,Surabaya,Jawa,PROD-001,Mouse Wireless M185,Elektronik,Aksesoris Komputer,1,150000.00,95000.00,0.00,150000.00,55000.00
ORD-00066,2025-09-29,Completed,E-Wallet,CUST-0093,Indah Hidayat,Corporate,Medan,Sumatra,PROD-021,Bantal Leher Memory Foam,Perlengkapan Rumah,Kebutuhan Harian,1,85000.00,42000.00,0.00,85000.00,43000.00
ORD-00190,2025-01-10,Completed,E-Wallet,CUST-0093,Indah Hidayat,Corporate,Medan,Sumatra,PROD-025,Desk Mat Deskpad Leather,Alat Tulis & Kantor,Aksesoris Meja,1,95000.00,50000.00,0.10,85500.00,35500.00
ORD-00190,2025-01-10,Completed,E-Wallet,CUST-0093,Indah Hidayat,Corporate,Medan,Sumatra,PROD-022,Rak Sepatu Susun Plastik,Perlengkapan Rumah,Storage,1,125000.00,68000.00,0.05,118750.00,50750.00
ORD-00765,2025-03-15,Completed,Transfer Bank,CUST-0093,Indah Hidayat,Corporate,Medan,Sumatra,PROD-023,Buku Catatan Hardcover A5,Alat Tulis & Kantor,Kertas & Buku,1,45000.00,20000.00,0.00,45000.00,25000.00
ORD-00765,2025-03-15,Completed,Transfer Bank,CUST-0093,Indah Hidayat,Corporate,Medan,Sumatra,PROD-014,Celana Chino Slim Fit,Pakaian,Pria,3,185000.00,100000.00,0.00,555000.00,255000.00
ORD-00952,2025-01-29,Cancelled,COD,CUST-0093,Indah Hidayat,Corporate,Medan,Sumatra,PROD-020,Organizer Meja Acrylic,Perlengkapan Rumah,Storage,1,65000.00,32000.00,0.10,58500.00,26500.00
ORD-00757,2026-01-07,Completed,Credit Card,CUST-0094,Indah Pertiwi,Corporate,Jakarta Selatan,Jawa,PROD-014,Celana Chino Slim Fit,Pakaian,Pria,1,185000.00,100000.00,0.00,185000.00,85000.00
ORD-00757,2026-01-07,Completed,Credit Card,CUST-0094,Indah Pertiwi,Corporate,Jakarta Selatan,Jawa,PROD-019,Lampu Meja LED Belajar,Perlengkapan Rumah,Dekorasi,1,110000.00,60000.00,0.00,110000.00,50000.00
ORD-00806,2025-07-10,Completed,Transfer Bank,CUST-0094,Indah Pertiwi,Corporate,Jakarta Selatan,Jawa,PROD-007,Powerbank 10000mAh Dual Port,Elektronik,Aksesoris Mobile,1,200000.00,120000.00,0.00,200000.00,80000.00
ORD-01009,2025-04-22,Completed,E-Wallet,CUST-0094,Indah Pertiwi,Corporate,Jakarta Selatan,Jawa,PROD-025,Desk Mat Deskpad Leather,Alat Tulis & Kantor,Aksesoris Meja,3,95000.00,50000.00,0.05,270750.00,120750.00
ORD-01009,2025-04-22,Completed,E-Wallet,CUST-0094,Indah Pertiwi,Corporate,Jakarta Selatan,Jawa,PROD-016,Tunik Batik Modern,Pakaian,Wanita,3,175000.00,95000.00,0.00,525000.00,240000.00
ORD-01009,2025-04-22,Completed,E-Wallet,CUST-0094,Indah Pertiwi,Corporate,Jakarta Selatan,Jawa,PROD-022,Rak Sepatu Susun Plastik,Perlengkapan Rumah,Storage,2,125000.00,68000.00,0.05,237500.00,101500.00
ORD-01076,2025-04-07,Completed,E-Wallet,CUST-0094,Indah Pertiwi,Corporate,Jakarta Selatan,Jawa,PROD-011,Kaos Polos Cotton Combed 30s,Pakaian,Pria,3,75000.00,35000.00,0.10,202500.00,97500.00
ORD-00500,2026-02-14,Completed,Credit Card,CUST-0096,Budi Aminah,Consumer,Palembang,Sumatra,PROD-008,Webcam Full HD 1080p,Elektronik,Aksesoris Komputer,1,280000.00,175000.00,0.00,280000.00,105000.00
ORD-00694,2025-07-09,Completed,COD,CUST-0096,Budi Aminah,Consumer,Palembang,Sumatra,PROD-012,Kemeja Flanel Lengan Panjang,Pakaian,Pria,1,165000.00,90000.00,0.05,156750.00,66750.00
ORD-00867,2025-04-01,Completed,E-Wallet,CUST-0096,Budi Aminah,Consumer,Palembang,Sumatra,PROD-017,Topi Baseball Canvas,Pakaian,Aksesoris Fashion,2,50000.00,22000.00,0.10,90000.00,46000.00
ORD-01025,2025-11-10,Completed,Credit Card,CUST-0096,Budi Aminah,Consumer,Palembang,Sumatra,PROD-017,Topi Baseball Canvas,Pakaian,Aksesoris Fashion,2,50000.00,22000.00,0.00,100000.00,56000.00
ORD-00050,2025-08-22,Completed,E-Wallet,CUST-0097,Andi Kurniawan,Corporate,Bandung,Jawa,PROD-001,Mouse Wireless M185,Elektronik,Aksesoris Komputer,2,150000.00,95000.00,0.00,300000.00,110000.00
ORD-00050,2025-08-22,Completed,E-Wallet,CUST-0097,Andi Kurniawan,Corporate,Bandung,Jawa,PROD-003,Headset Gaming Surround 7.1,Elektronik,Audio,1,350000.00,210000.00,0.05,332500.00,122500.00
ORD-00176,2026-04-11,Completed,Credit Card,CUST-0097,Andi Kurniawan,Corporate,Bandung,Jawa,PROD-014,Celana Chino Slim Fit,Pakaian,Pria,1,185000.00,100000.00,0.00,185000.00,85000.00
ORD-00566,2025-09-23,Completed,COD,CUST-0097,Andi Kurniawan,Corporate,Bandung,Jawa,PROD-016,Tunik Batik Modern,Pakaian,Wanita,1,175000.00,95000.00,0.00,175000.00,80000.00
ORD-00566,2025-09-23,Completed,COD,CUST-0097,Andi Kurniawan,Corporate,Bandung,Jawa,PROD-012,Kemeja Flanel Lengan Panjang,Pakaian,Pria,2,165000.00,90000.00,0.00,330000.00,150000.00
ORD-00836,2025-05-11,Completed,Transfer Bank,CUST-0097,Andi Kurniawan,Corporate,Bandung,Jawa,PROD-019,Lampu Meja LED Belajar,Perlengkapan Rumah,Dekorasi,3,110000.00,60000.00,0.05,313500.00,133500.00
ORD-00232,2025-05-10,Completed,Credit Card,CUST-0098,Bambang Hidayat,Consumer,Denpasar,Bali & Nusa Tenggara,PROD-025,Desk Mat Deskpad Leather,Alat Tulis & Kantor,Aksesoris Meja,5,95000.00,50000.00,0.00,475000.00,225000.00
ORD-00232,2025-05-10,Completed,Credit Card,CUST-0098,Bambang Hidayat,Consumer,Denpasar,Bali & Nusa Tenggara,PROD-002,Keyboard Mechanical RGB,Elektronik,Aksesoris Komputer,1,450000.00,280000.00,0.10,405000.00,125000.00
ORD-00402,2025-02-17,Completed,Transfer Bank,CUST-0098,Bambang Hidayat,Consumer,Denpasar,Bali & Nusa Tenggara,PROD-001,Mouse Wireless M185,Elektronik,Aksesoris Komputer,2,150000.00,95000.00,0.05,285000.00,95000.00
ORD-00406,2026-05-05,Completed,Transfer Bank,CUST-0098,Bambang Hidayat,Consumer,Denpasar,Bali & Nusa Tenggara,PROD-020,Organizer Meja Acrylic,Perlengkapan Rumah,Storage,1,65000.00,32000.00,0.00,65000.00,33000.00
ORD-01106,2025-10-05,Completed,E-Wallet,CUST-0098,Bambang Hidayat,Consumer,Denpasar,Bali & Nusa Tenggara,PROD-024,Pulpen Gel Pack 12 Pcs,Alat Tulis & Kantor,Alat Tulis,2,36000.00,18000.00,0.00,72000.00,36000.00
ORD-01167,2025-08-05,Completed,Credit Card,CUST-0098,Bambang Hidayat,Consumer,Denpasar,Bali & Nusa Tenggara,PROD-013,Jaket Hoodie Fleece,Pakaian,Pria,3,220000.00,125000.00,0.05,627000.00,252000.00
ORD-01167,2025-08-05,Completed,Credit Card,CUST-0098,Bambang Hidayat,Consumer,Denpasar,Bali & Nusa Tenggara,PROD-014,Celana Chino Slim Fit,Pakaian,Pria,2,185000.00,100000.00,0.00,370000.00,170000.00
ORD-01167,2025-08-05,Completed,Credit Card,CUST-0098,Bambang Hidayat,Consumer,Denpasar,Bali & Nusa Tenggara,PROD-004,Stand Laptop Aluminium,Elektronik,Aksesoris Komputer,1,120000.00,70000.00,0.00,120000.00,50000.00
ORD-00191,2025-06-24,Completed,E-Wallet,CUST-0099,Siti Lestari,Consumer,Semarang,Jawa,PROD-010,USB Flashdrive 64GB,Elektronik,Storage,3,85000.00,45000.00,0.00,255000.00,120000.00
ORD-00705,2026-05-13,Completed,E-Wallet,CUST-0099,Siti Lestari,Consumer,Semarang,Jawa,PROD-010,USB Flashdrive 64GB,Elektronik,Storage,1,85000.00,45000.00,0.00,85000.00,40000.00
ORD-00885,2025-01-23,Completed,Credit Card,CUST-0099,Siti Lestari,Consumer,Semarang,Jawa,PROD-015,Blouse Wanita Casual,Pakaian,Wanita,1,135000.00,70000.00,0.20,108000.00,38000.00
ORD-00885,2025-01-23,Completed,Credit Card,CUST-0099,Siti Lestari,Consumer,Semarang,Jawa,PROD-006,Kabel Data Type-C Fast Charge,Elektronik,Aksesoris Mobile,1,35000.00,15000.00,0.10,31500.00,16500.00
ORD-01103,2026-02-17,Completed,Transfer Bank,CUST-0099,Siti Lestari,Consumer,Semarang,Jawa,PROD-004,Stand Laptop Aluminium,Elektronik,Aksesoris Komputer,1,120000.00,70000.00,0.10,108000.00,38000.00
ORD-00604,2025-10-30,Completed,E-Wallet,CUST-0101,Indah Prasetyo,Consumer,Medan,Sumatra,PROD-009,Earphones TWS Bluetooth 5.3,Elektronik,Audio,2,250000.00,140000.00,0.05,475000.00,195000.00
ORD-00165,2025-02-22,Completed,E-Wallet,CUST-0102,Yudi Saputra,Corporate,Semarang,Jawa,PROD-003,Headset Gaming Surround 7.1,Elektronik,Audio,1,350000.00,210000.00,0.20,280000.00,70000.00
ORD-00165,2025-02-22,Completed,E-Wallet,CUST-0102,Yudi Saputra,Corporate,Semarang,Jawa,PROD-007,Powerbank 10000mAh Dual Port,Elektronik,Aksesoris Mobile,1,200000.00,120000.00,0.00,200000.00,80000.00
ORD-00165,2025-02-22,Completed,E-Wallet,CUST-0102,Yudi Saputra,Corporate,Semarang,Jawa,PROD-023,Buku Catatan Hardcover A5,Alat Tulis & Kantor,Kertas & Buku,1,45000.00,20000.00,0.00,45000.00,25000.00
ORD-00497,2025-01-15,Completed,COD,CUST-0102,Yudi Saputra,Corporate,Semarang,Jawa,PROD-018,Botol Minum Tumbler 500ml,Perlengkapan Rumah,Dapur & Makan,3,95000.00,48000.00,0.00,285000.00,141000.00
ORD-00497,2025-01-15,Completed,COD,CUST-0102,Yudi Saputra,Corporate,Semarang,Jawa,PROD-014,Celana Chino Slim Fit,Pakaian,Pria,1,185000.00,100000.00,0.00,185000.00,85000.00
ORD-00497,2025-01-15,Completed,COD,CUST-0102,Yudi Saputra,Corporate,Semarang,Jawa,PROD-025,Desk Mat Deskpad Leather,Alat Tulis & Kantor,Aksesoris Meja,1,95000.00,50000.00,0.00,95000.00,45000.00
ORD-00082,2026-01-18,Completed,E-Wallet,CUST-0103,Eko Hidayat,Consumer,Denpasar,Bali & Nusa Tenggara,PROD-007,Powerbank 10000mAh Dual Port,Elektronik,Aksesoris Mobile,1,200000.00,120000.00,0.00,200000.00,80000.00
ORD-00201,2026-05-10,Completed,E-Wallet,CUST-0103,Eko Hidayat,Consumer,Denpasar,Bali & Nusa Tenggara,PROD-004,Stand Laptop Aluminium,Elektronik,Aksesoris Komputer,5,120000.00,70000.00,0.05,570000.00,220000.00
ORD-00230,2025-04-14,Completed,Transfer Bank,CUST-0103,Eko Hidayat,Consumer,Denpasar,Bali & Nusa Tenggara,PROD-017,Topi Baseball Canvas,Pakaian,Aksesoris Fashion,2,50000.00,22000.00,0.00,100000.00,56000.00
ORD-00338,2025-12-01,Completed,Credit Card,CUST-0103,Eko Hidayat,Consumer,Denpasar,Bali & Nusa Tenggara,PROD-025,Desk Mat Deskpad Leather,Alat Tulis & Kantor,Aksesoris Meja,1,95000.00,50000.00,0.00,95000.00,45000.00
ORD-00469,2025-06-14,Completed,COD,CUST-0103,Eko Hidayat,Consumer,Denpasar,Bali & Nusa Tenggara,PROD-014,Celana Chino Slim Fit,Pakaian,Pria,3,185000.00,100000.00,0.00,555000.00,255000.00
ORD-00728,2025-03-30,Completed,Transfer Bank,CUST-0103,Eko Hidayat,Consumer,Denpasar,Bali & Nusa Tenggara,PROD-019,Lampu Meja LED Belajar,Perlengkapan Rumah,Dekorasi,1,110000.00,60000.00,0.00,110000.00,50000.00
ORD-00657,2025-01-01,Completed,E-Wallet,CUST-0104,Rina Santoso,Corporate,Medan,Sumatra,PROD-013,Jaket Hoodie Fleece,Pakaian,Pria,2,220000.00,125000.00,0.00,440000.00,190000.00
ORD-00657,2025-01-01,Completed,E-Wallet,CUST-0104,Rina Santoso,Corporate,Medan,Sumatra,PROD-021,Bantal Leher Memory Foam,Perlengkapan Rumah,Kebutuhan Harian,1,85000.00,42000.00,0.00,85000.00,43000.00
ORD-00317,2025-03-19,Completed,COD,CUST-0105,Yudi Santoso,Home Office,Balikpapan,Kalimantan,PROD-002,Keyboard Mechanical RGB,Elektronik,Aksesoris Komputer,1,450000.00,280000.00,0.05,427500.00,147500.00
ORD-00317,2025-03-19,Completed,COD,CUST-0105,Yudi Santoso,Home Office,Balikpapan,Kalimantan,PROD-010,USB Flashdrive 64GB,Elektronik,Storage,1,85000.00,45000.00,0.05,80750.00,35750.00
ORD-00400,2025-07-18,Completed,Credit Card,CUST-0105,Yudi Santoso,Home Office,Balikpapan,Kalimantan,PROD-017,Topi Baseball Canvas,Pakaian,Aksesoris Fashion,1,50000.00,22000.00,0.00,50000.00,28000.00
ORD-01175,2026-01-14,Completed,Credit Card,CUST-0105,Yudi Santoso,Home Office,Balikpapan,Kalimantan,PROD-024,Pulpen Gel Pack 12 Pcs,Alat Tulis & Kantor,Alat Tulis,5,36000.00,18000.00,0.00,180000.00,90000.00
ORD-00489,2025-06-09,Completed,COD,CUST-0106,Siti Santoso,Consumer,Makassar,Sulawesi,PROD-001,Mouse Wireless M185,Elektronik,Aksesoris Komputer,1,150000.00,95000.00,0.15,127500.00,32500.00
ORD-00526,2025-03-26,Returned,E-Wallet,CUST-0106,Siti Santoso,Consumer,Makassar,Sulawesi,PROD-022,Rak Sepatu Susun Plastik,Perlengkapan Rumah,Storage,2,125000.00,68000.00,0.15,212500.00,76500.00
ORD-00684,2025-01-28,Completed,E-Wallet,CUST-0106,Siti Santoso,Consumer,Makassar,Sulawesi,PROD-012,Kemeja Flanel Lengan Panjang,Pakaian,Pria,2,165000.00,90000.00,0.00,330000.00,150000.00
ORD-00684,2025-01-28,Completed,E-Wallet,CUST-0106,Siti Santoso,Consumer,Makassar,Sulawesi,PROD-005,Monitor 24 inch IPS 75Hz,Elektronik,Display,1,1800000.00,1350000.00,0.00,1800000.00,450000.00
ORD-00737,2025-11-28,Completed,Credit Card,CUST-0106,Siti Santoso,Consumer,Makassar,Sulawesi,PROD-020,Organizer Meja Acrylic,Perlengkapan Rumah,Storage,3,65000.00,32000.00,0.00,195000.00,99000.00
ORD-00971,2025-09-24,Completed,Credit Card,CUST-0106,Siti Santoso,Consumer,Makassar,Sulawesi,PROD-007,Powerbank 10000mAh Dual Port,Elektronik,Aksesoris Mobile,2,200000.00,120000.00,0.00,400000.00,160000.00
ORD-00971,2025-09-24,Completed,Credit Card,CUST-0106,Siti Santoso,Consumer,Makassar,Sulawesi,PROD-019,Lampu Meja LED Belajar,Perlengkapan Rumah,Dekorasi,1,110000.00,60000.00,0.10,99000.00,39000.00
ORD-00971,2025-09-24,Completed,Credit Card,CUST-0106,Siti Santoso,Consumer,Makassar,Sulawesi,PROD-006,Kabel Data Type-C Fast Charge,Elektronik,Aksesoris Mobile,1,35000.00,15000.00,0.00,35000.00,20000.00
ORD-00319,2025-12-28,Completed,Credit Card,CUST-0107,Bambang Suryani,Consumer,Balikpapan,Kalimantan,PROD-003,Headset Gaming Surround 7.1,Elektronik,Audio,2,350000.00,210000.00,0.00,700000.00,280000.00
ORD-00795,2025-01-21,Completed,COD,CUST-0107,Bambang Suryani,Consumer,Balikpapan,Kalimantan,PROD-012,Kemeja Flanel Lengan Panjang,Pakaian,Pria,2,165000.00,90000.00,0.00,330000.00,150000.00
ORD-00948,2025-12-12,Completed,E-Wallet,CUST-0108,Andi Santoso,Corporate,Palembang,Sumatra,PROD-004,Stand Laptop Aluminium,Elektronik,Aksesoris Komputer,1,120000.00,70000.00,0.00,120000.00,50000.00
ORD-01027,2025-04-05,Completed,COD,CUST-0108,Andi Santoso,Corporate,Palembang,Sumatra,PROD-022,Rak Sepatu Susun Plastik,Perlengkapan Rumah,Storage,2,125000.00,68000.00,0.15,212500.00,76500.00
ORD-00560,2025-08-14,Completed,E-Wallet,CUST-0110,Dewi Wibowo,Consumer,Surabaya,Jawa,PROD-010,USB Flashdrive 64GB,Elektronik,Storage,5,85000.00,45000.00,0.10,382500.00,157500.00
ORD-00560,2025-08-14,Completed,E-Wallet,CUST-0110,Dewi Wibowo,Consumer,Surabaya,Jawa,PROD-004,Stand Laptop Aluminium,Elektronik,Aksesoris Komputer,1,120000.00,70000.00,0.00,120000.00,50000.00
ORD-00736,2026-03-14,Completed,E-Wallet,CUST-0110,Dewi Wibowo,Consumer,Surabaya,Jawa,PROD-020,Organizer Meja Acrylic,Perlengkapan Rumah,Storage,1,65000.00,32000.00,0.00,65000.00,33000.00
ORD-00877,2025-06-28,Completed,Credit Card,CUST-0110,Dewi Wibowo,Consumer,Surabaya,Jawa,PROD-005,Monitor 24 inch IPS 75Hz,Elektronik,Display,3,1800000.00,1350000.00,0.05,5130000.00,1080000.00
ORD-00887,2025-11-17,Completed,COD,CUST-0110,Dewi Wibowo,Consumer,Surabaya,Jawa,PROD-013,Jaket Hoodie Fleece,Pakaian,Pria,1,220000.00,125000.00,0.00,220000.00,95000.00
ORD-00837,2026-04-22,Completed,COD,CUST-0111,Agus Kurniawan,Consumer,Jakarta Selatan,Jawa,PROD-025,Desk Mat Deskpad Leather,Alat Tulis & Kantor,Aksesoris Meja,5,95000.00,50000.00,0.00,475000.00,225000.00
ORD-00837,2026-04-22,Completed,COD,CUST-0111,Agus Kurniawan,Consumer,Jakarta Selatan,Jawa,PROD-001,Mouse Wireless M185,Elektronik,Aksesoris Komputer,2,150000.00,95000.00,0.00,300000.00,110000.00
ORD-00361,2026-01-23,Completed,E-Wallet,CUST-0112,Nani Hidayat,Consumer,Jakarta Selatan,Jawa,PROD-024,Pulpen Gel Pack 12 Pcs,Alat Tulis & Kantor,Alat Tulis,1,36000.00,18000.00,0.00,36000.00,18000.00
ORD-00371,2025-05-11,Completed,Transfer Bank,CUST-0112,Nani Hidayat,Consumer,Jakarta Selatan,Jawa,PROD-001,Mouse Wireless M185,Elektronik,Aksesoris Komputer,2,150000.00,95000.00,0.00,300000.00,110000.00
ORD-00424,2025-12-29,Completed,COD,CUST-0112,Nani Hidayat,Consumer,Jakarta Selatan,Jawa,PROD-005,Monitor 24 inch IPS 75Hz,Elektronik,Display,1,1800000.00,1350000.00,0.00,1800000.00,450000.00
ORD-00540,2026-02-12,Completed,COD,CUST-0112,Nani Hidayat,Consumer,Jakarta Selatan,Jawa,PROD-019,Lampu Meja LED Belajar,Perlengkapan Rumah,Dekorasi,1,110000.00,60000.00,0.05,104500.00,44500.00
ORD-00540,2026-02-12,Completed,COD,CUST-0112,Nani Hidayat,Consumer,Jakarta Selatan,Jawa,PROD-021,Bantal Leher Memory Foam,Perlengkapan Rumah,Kebutuhan Harian,5,85000.00,42000.00,0.00,425000.00,215000.00
ORD-00878,2025-06-19,Completed,COD,CUST-0112,Nani Hidayat,Consumer,Jakarta Selatan,Jawa,PROD-003,Headset Gaming Surround 7.1,Elektronik,Audio,1,350000.00,210000.00,0.10,315000.00,105000.00
ORD-00878,2025-06-19,Completed,COD,CUST-0112,Nani Hidayat,Consumer,Jakarta Selatan,Jawa,PROD-013,Jaket Hoodie Fleece,Pakaian,Pria,1,220000.00,125000.00,0.05,209000.00,84000.00
ORD-00878,2025-06-19,Completed,COD,CUST-0112,Nani Hidayat,Consumer,Jakarta Selatan,Jawa,PROD-007,Powerbank 10000mAh Dual Port,Elektronik,Aksesoris Mobile,1,200000.00,120000.00,0.05,190000.00,70000.00
ORD-01094,2025-07-04,Completed,Transfer Bank,CUST-0112,Nani Hidayat,Consumer,Jakarta Selatan,Jawa,PROD-013,Jaket Hoodie Fleece,Pakaian,Pria,2,220000.00,125000.00,0.10,396000.00,146000.00
ORD-01094,2025-07-04,Completed,Transfer Bank,CUST-0112,Nani Hidayat,Consumer,Jakarta Selatan,Jawa,PROD-007,Powerbank 10000mAh Dual Port,Elektronik,Aksesoris Mobile,1,200000.00,120000.00,0.00,200000.00,80000.00
ORD-01148,2025-10-20,Completed,Transfer Bank,CUST-0112,Nani Hidayat,Consumer,Jakarta Selatan,Jawa,PROD-005,Monitor 24 inch IPS 75Hz,Elektronik,Display,1,1800000.00,1350000.00,0.00,1800000.00,450000.00
ORD-00934,2026-04-26,Completed,COD,CUST-0113,Ahmad Santoso,Home Office,Balikpapan,Kalimantan,PROD-018,Botol Minum Tumbler 500ml,Perlengkapan Rumah,Dapur & Makan,2,95000.00,48000.00,0.00,190000.00,94000.00
ORD-00934,2026-04-26,Completed,COD,CUST-0113,Ahmad Santoso,Home Office,Balikpapan,Kalimantan,PROD-008,Webcam Full HD 1080p,Elektronik,Aksesoris Komputer,1,280000.00,175000.00,0.05,266000.00,91000.00
ORD-00955,2026-03-21,Completed,COD,CUST-0113,Ahmad Santoso,Home Office,Balikpapan,Kalimantan,PROD-016,Tunik Batik Modern,Pakaian,Wanita,1,175000.00,95000.00,0.05,166250.00,71250.00
ORD-00358,2025-11-24,Completed,E-Wallet,CUST-0114,Dewi Kurniawan,Home Office,Balikpapan,Kalimantan,PROD-002,Keyboard Mechanical RGB,Elektronik,Aksesoris Komputer,1,450000.00,280000.00,0.15,382500.00,102500.00
ORD-00413,2025-01-24,Completed,E-Wallet,CUST-0114,Dewi Kurniawan,Home Office,Balikpapan,Kalimantan,PROD-014,Celana Chino Slim Fit,Pakaian,Pria,2,185000.00,100000.00,0.10,333000.00,133000.00
ORD-00413,2025-01-24,Completed,E-Wallet,CUST-0114,Dewi Kurniawan,Home Office,Balikpapan,Kalimantan,PROD-017,Topi Baseball Canvas,Pakaian,Aksesoris Fashion,3,50000.00,22000.00,0.20,120000.00,54000.00
ORD-00485,2025-01-06,Completed,E-Wallet,CUST-0114,Dewi Kurniawan,Home Office,Balikpapan,Kalimantan,PROD-007,Powerbank 10000mAh Dual Port,Elektronik,Aksesoris Mobile,3,200000.00,120000.00,0.00,600000.00,240000.00
ORD-00485,2025-01-06,Completed,E-Wallet,CUST-0114,Dewi Kurniawan,Home Office,Balikpapan,Kalimantan,PROD-019,Lampu Meja LED Belajar,Perlengkapan Rumah,Dekorasi,1,110000.00,60000.00,0.15,93500.00,33500.00
ORD-00629,2025-01-07,Completed,E-Wallet,CUST-0114,Dewi Kurniawan,Home Office,Balikpapan,Kalimantan,PROD-021,Bantal Leher Memory Foam,Perlengkapan Rumah,Kebutuhan Harian,2,85000.00,42000.00,0.15,144500.00,60500.00
ORD-00629,2025-01-07,Completed,E-Wallet,CUST-0114,Dewi Kurniawan,Home Office,Balikpapan,Kalimantan,PROD-012,Kemeja Flanel Lengan Panjang,Pakaian,Pria,5,165000.00,90000.00,0.15,701250.00,251250.00
ORD-00669,2025-11-05,Completed,Transfer Bank,CUST-0114,Dewi Kurniawan,Home Office,Balikpapan,Kalimantan,PROD-024,Pulpen Gel Pack 12 Pcs,Alat Tulis & Kantor,Alat Tulis,1,36000.00,18000.00,0.10,32400.00,14400.00
ORD-00753,2025-06-25,Completed,COD,CUST-0114,Dewi Kurniawan,Home Office,Balikpapan,Kalimantan,PROD-008,Webcam Full HD 1080p,Elektronik,Aksesoris Komputer,2,280000.00,175000.00,0.10,504000.00,154000.00
ORD-00918,2025-06-10,Completed,COD,CUST-0114,Dewi Kurniawan,Home Office,Balikpapan,Kalimantan,PROD-015,Blouse Wanita Casual,Pakaian,Wanita,1,135000.00,70000.00,0.10,121500.00,51500.00
ORD-00918,2025-06-10,Completed,COD,CUST-0114,Dewi Kurniawan,Home Office,Balikpapan,Kalimantan,PROD-017,Topi Baseball Canvas,Pakaian,Aksesoris Fashion,2,50000.00,22000.00,0.00,100000.00,56000.00
ORD-00133,2025-03-21,Completed,Transfer Bank,CUST-0115,Nani Suryani,Corporate,Balikpapan,Kalimantan,PROD-011,Kaos Polos Cotton Combed 30s,Pakaian,Pria,3,75000.00,35000.00,0.05,213750.00,108750.00
ORD-00258,2026-02-11,Completed,Transfer Bank,CUST-0115,Nani Suryani,Corporate,Balikpapan,Kalimantan,PROD-022,Rak Sepatu Susun Plastik,Perlengkapan Rumah,Storage,3,125000.00,68000.00,0.00,375000.00,171000.00
ORD-00258,2026-02-11,Completed,Transfer Bank,CUST-0115,Nani Suryani,Corporate,Balikpapan,Kalimantan,PROD-001,Mouse Wireless M185,Elektronik,Aksesoris Komputer,1,150000.00,95000.00,0.00,150000.00,55000.00
ORD-00830,2026-02-27,Completed,COD,CUST-0115,Nani Suryani,Corporate,Balikpapan,Kalimantan,PROD-025,Desk Mat Deskpad Leather,Alat Tulis & Kantor,Aksesoris Meja,2,95000.00,50000.00,0.00,190000.00,90000.00
ORD-00941,2025-09-22,Completed,COD,CUST-0115,Nani Suryani,Corporate,Balikpapan,Kalimantan,PROD-020,Organizer Meja Acrylic,Perlengkapan Rumah,Storage,3,65000.00,32000.00,0.00,195000.00,99000.00
ORD-00015,2025-08-06,Completed,E-Wallet,CUST-0116,Lestari Hidayat,Home Office,Makassar,Sulawesi,PROD-008,Webcam Full HD 1080p,Elektronik,Aksesoris Komputer,1,280000.00,175000.00,0.00,280000.00,105000.00
ORD-00086,2026-05-09,Completed,COD,CUST-0116,Lestari Hidayat,Home Office,Makassar,Sulawesi,PROD-024,Pulpen Gel Pack 12 Pcs,Alat Tulis & Kantor,Alat Tulis,2,36000.00,18000.00,0.05,68400.00,32400.00
ORD-00135,2026-01-26,Completed,COD,CUST-0116,Lestari Hidayat,Home Office,Makassar,Sulawesi,PROD-020,Organizer Meja Acrylic,Perlengkapan Rumah,Storage,1,65000.00,32000.00,0.00,65000.00,33000.00
ORD-00269,2025-03-26,Completed,Credit Card,CUST-0116,Lestari Hidayat,Home Office,Makassar,Sulawesi,PROD-003,Headset Gaming Surround 7.1,Elektronik,Audio,2,350000.00,210000.00,0.00,700000.00,280000.00
ORD-00269,2025-03-26,Completed,Credit Card,CUST-0116,Lestari Hidayat,Home Office,Makassar,Sulawesi,PROD-014,Celana Chino Slim Fit,Pakaian,Pria,1,185000.00,100000.00,0.10,166500.00,66500.00
ORD-00269,2025-03-26,Completed,Credit Card,CUST-0116,Lestari Hidayat,Home Office,Makassar,Sulawesi,PROD-010,USB Flashdrive 64GB,Elektronik,Storage,1,85000.00,45000.00,0.00,85000.00,40000.00
ORD-00995,2025-06-27,Completed,E-Wallet,CUST-0116,Lestari Hidayat,Home Office,Makassar,Sulawesi,PROD-007,Powerbank 10000mAh Dual Port,Elektronik,Aksesoris Mobile,3,200000.00,120000.00,0.05,570000.00,210000.00
ORD-00123,2025-08-09,Cancelled,COD,CUST-0117,Agus Prasetyo,Home Office,Makassar,Sulawesi,PROD-007,Powerbank 10000mAh Dual Port,Elektronik,Aksesoris Mobile,3,200000.00,120000.00,0.10,540000.00,180000.00
ORD-00123,2025-08-09,Cancelled,COD,CUST-0117,Agus Prasetyo,Home Office,Makassar,Sulawesi,PROD-021,Bantal Leher Memory Foam,Perlengkapan Rumah,Kebutuhan Harian,1,85000.00,42000.00,0.00,85000.00,43000.00
ORD-00699,2026-05-13,Completed,Transfer Bank,CUST-0117,Agus Prasetyo,Home Office,Makassar,Sulawesi,PROD-020,Organizer Meja Acrylic,Perlengkapan Rumah,Storage,1,65000.00,32000.00,0.00,65000.00,33000.00
ORD-00699,2026-05-13,Completed,Transfer Bank,CUST-0117,Agus Prasetyo,Home Office,Makassar,Sulawesi,PROD-009,Earphones TWS Bluetooth 5.3,Elektronik,Audio,1,250000.00,140000.00,0.00,250000.00,110000.00
ORD-01047,2025-02-10,Completed,Credit Card,CUST-0117,Agus Prasetyo,Home Office,Makassar,Sulawesi,PROD-010,USB Flashdrive 64GB,Elektronik,Storage,1,85000.00,45000.00,0.10,76500.00,31500.00
ORD-01047,2025-02-10,Completed,Credit Card,CUST-0117,Agus Prasetyo,Home Office,Makassar,Sulawesi,PROD-015,Blouse Wanita Casual,Pakaian,Wanita,1,135000.00,70000.00,0.00,135000.00,65000.00
ORD-00077,2026-03-03,Completed,Credit Card,CUST-0118,Eko Saputra,Consumer,Semarang,Jawa,PROD-003,Headset Gaming Surround 7.1,Elektronik,Audio,1,350000.00,210000.00,0.10,315000.00,105000.00
ORD-00381,2025-09-30,Completed,E-Wallet,CUST-0118,Eko Saputra,Consumer,Semarang,Jawa,PROD-013,Jaket Hoodie Fleece,Pakaian,Pria,1,220000.00,125000.00,0.00,220000.00,95000.00
ORD-00381,2025-09-30,Completed,E-Wallet,CUST-0118,Eko Saputra,Consumer,Semarang,Jawa,PROD-023,Buku Catatan Hardcover A5,Alat Tulis & Kantor,Kertas & Buku,2,45000.00,20000.00,0.10,81000.00,41000.00
ORD-00381,2025-09-30,Completed,E-Wallet,CUST-0118,Eko Saputra,Consumer,Semarang,Jawa,PROD-011,Kaos Polos Cotton Combed 30s,Pakaian,Pria,1,75000.00,35000.00,0.00,75000.00,40000.00
ORD-01011,2026-03-23,Completed,E-Wallet,CUST-0118,Eko Saputra,Consumer,Semarang,Jawa,PROD-020,Organizer Meja Acrylic,Perlengkapan Rumah,Storage,5,65000.00,32000.00,0.00,325000.00,165000.00
ORD-01011,2026-03-23,Completed,E-Wallet,CUST-0118,Eko Saputra,Consumer,Semarang,Jawa,PROD-007,Powerbank 10000mAh Dual Port,Elektronik,Aksesoris Mobile,3,200000.00,120000.00,0.00,600000.00,240000.00
ORD-00068,2025-09-12,Completed,COD,CUST-0119,Indah Wijaya,Home Office,Medan,Sumatra,PROD-005,Monitor 24 inch IPS 75Hz,Elektronik,Display,1,1800000.00,1350000.00,0.20,1440000.00,90000.00
ORD-00423,2025-07-31,Completed,Transfer Bank,CUST-0119,Indah Wijaya,Home Office,Medan,Sumatra,PROD-010,USB Flashdrive 64GB,Elektronik,Storage,1,85000.00,45000.00,0.00,85000.00,40000.00
ORD-00423,2025-07-31,Completed,Transfer Bank,CUST-0119,Indah Wijaya,Home Office,Medan,Sumatra,PROD-012,Kemeja Flanel Lengan Panjang,Pakaian,Pria,1,165000.00,90000.00,0.00,165000.00,75000.00
ORD-00446,2025-01-28,Completed,Transfer Bank,CUST-0119,Indah Wijaya,Home Office,Medan,Sumatra,PROD-015,Blouse Wanita Casual,Pakaian,Wanita,1,135000.00,70000.00,0.10,121500.00,51500.00
ORD-00446,2025-01-28,Completed,Transfer Bank,CUST-0119,Indah Wijaya,Home Office,Medan,Sumatra,PROD-003,Headset Gaming Surround 7.1,Elektronik,Audio,2,350000.00,210000.00,0.00,700000.00,280000.00
ORD-00446,2025-01-28,Completed,Transfer Bank,CUST-0119,Indah Wijaya,Home Office,Medan,Sumatra,PROD-010,USB Flashdrive 64GB,Elektronik,Storage,2,85000.00,45000.00,0.05,161500.00,71500.00
ORD-00106,2025-10-28,Completed,Credit Card,CUST-0120,Budi Nugroho,Corporate,Jakarta Selatan,Jawa,PROD-018,Botol Minum Tumbler 500ml,Perlengkapan Rumah,Dapur & Makan,1,95000.00,48000.00,0.00,95000.00,47000.00
ORD-00550,2025-11-17,Completed,COD,CUST-0120,Budi Nugroho,Corporate,Jakarta Selatan,Jawa,PROD-020,Organizer Meja Acrylic,Perlengkapan Rumah,Storage,1,65000.00,32000.00,0.10,58500.00,26500.00
ORD-01170,2025-08-14,Completed,E-Wallet,CUST-0120,Budi Nugroho,Corporate,Jakarta Selatan,Jawa,PROD-025,Desk Mat Deskpad Leather,Alat Tulis & Kantor,Aksesoris Meja,1,95000.00,50000.00,0.00,95000.00,45000.00
ORD-01170,2025-08-14,Completed,E-Wallet,CUST-0120,Budi Nugroho,Corporate,Jakarta Selatan,Jawa,PROD-005,Monitor 24 inch IPS 75Hz,Elektronik,Display,2,1800000.00,1350000.00,0.00,3600000.00,900000.00
ORD-01170,2025-08-14,Completed,E-Wallet,CUST-0120,Budi Nugroho,Corporate,Jakarta Selatan,Jawa,PROD-004,Stand Laptop Aluminium,Elektronik,Aksesoris Komputer,1,120000.00,70000.00,0.00,120000.00,50000.00
ORD-00353,2025-01-04,Completed,COD,CUST-0121,Nani Aminah,Home Office,Balikpapan,Kalimantan,PROD-011,Kaos Polos Cotton Combed 30s,Pakaian,Pria,1,75000.00,35000.00,0.10,67500.00,32500.00
ORD-00353,2025-01-04,Completed,COD,CUST-0121,Nani Aminah,Home Office,Balikpapan,Kalimantan,PROD-004,Stand Laptop Aluminium,Elektronik,Aksesoris Komputer,1,120000.00,70000.00,0.05,114000.00,44000.00
ORD-00355,2025-05-14,Completed,Transfer Bank,CUST-0121,Nani Aminah,Home Office,Balikpapan,Kalimantan,PROD-021,Bantal Leher Memory Foam,Perlengkapan Rumah,Kebutuhan Harian,2,85000.00,42000.00,0.00,170000.00,86000.00
ORD-01010,2025-09-13,Completed,E-Wallet,CUST-0121,Nani Aminah,Home Office,Balikpapan,Kalimantan,PROD-011,Kaos Polos Cotton Combed 30s,Pakaian,Pria,1,75000.00,35000.00,0.00,75000.00,40000.00
ORD-01010,2025-09-13,Completed,E-Wallet,CUST-0121,Nani Aminah,Home Office,Balikpapan,Kalimantan,PROD-003,Headset Gaming Surround 7.1,Elektronik,Audio,3,350000.00,210000.00,0.10,945000.00,315000.00
ORD-00110,2025-01-08,Completed,Credit Card,CUST-0122,Yudi Hidayat,Home Office,Jakarta Selatan,Jawa,PROD-010,USB Flashdrive 64GB,Elektronik,Storage,1,85000.00,45000.00,0.00,85000.00,40000.00
ORD-00196,2025-01-23,Completed,COD,CUST-0122,Yudi Hidayat,Home Office,Jakarta Selatan,Jawa,PROD-017,Topi Baseball Canvas,Pakaian,Aksesoris Fashion,5,50000.00,22000.00,0.05,237500.00,127500.00
ORD-00196,2025-01-23,Completed,COD,CUST-0122,Yudi Hidayat,Home Office,Jakarta Selatan,Jawa,PROD-025,Desk Mat Deskpad Leather,Alat Tulis & Kantor,Aksesoris Meja,1,95000.00,50000.00,0.00,95000.00,45000.00
ORD-00196,2025-01-23,Completed,COD,CUST-0122,Yudi Hidayat,Home Office,Jakarta Selatan,Jawa,PROD-002,Keyboard Mechanical RGB,Elektronik,Aksesoris Komputer,2,450000.00,280000.00,0.00,900000.00,340000.00
ORD-00215,2025-02-26,Cancelled,Credit Card,CUST-0122,Yudi Hidayat,Home Office,Jakarta Selatan,Jawa,PROD-005,Monitor 24 inch IPS 75Hz,Elektronik,Display,1,1800000.00,1350000.00,0.00,1800000.00,450000.00
ORD-00259,2025-04-13,Completed,COD,CUST-0122,Yudi Hidayat,Home Office,Jakarta Selatan,Jawa,PROD-019,Lampu Meja LED Belajar,Perlengkapan Rumah,Dekorasi,2,110000.00,60000.00,0.00,220000.00,100000.00
ORD-00524,2026-03-20,Completed,E-Wallet,CUST-0122,Yudi Hidayat,Home Office,Jakarta Selatan,Jawa,PROD-014,Celana Chino Slim Fit,Pakaian,Pria,3,185000.00,100000.00,0.05,527250.00,227250.00
ORD-00608,2025-02-23,Completed,COD,CUST-0122,Yudi Hidayat,Home Office,Jakarta Selatan,Jawa,PROD-010,USB Flashdrive 64GB,Elektronik,Storage,1,85000.00,45000.00,0.05,80750.00,35750.00
ORD-00686,2025-12-05,Completed,Transfer Bank,CUST-0122,Yudi Hidayat,Home Office,Jakarta Selatan,Jawa,PROD-004,Stand Laptop Aluminium,Elektronik,Aksesoris Komputer,2,120000.00,70000.00,0.00,240000.00,100000.00
ORD-00686,2025-12-05,Completed,Transfer Bank,CUST-0122,Yudi Hidayat,Home Office,Jakarta Selatan,Jawa,PROD-014,Celana Chino Slim Fit,Pakaian,Pria,1,185000.00,100000.00,0.00,185000.00,85000.00
ORD-00686,2025-12-05,Completed,Transfer Bank,CUST-0122,Yudi Hidayat,Home Office,Jakarta Selatan,Jawa,PROD-006,Kabel Data Type-C Fast Charge,Elektronik,Aksesoris Mobile,2,35000.00,15000.00,0.10,63000.00,33000.00
ORD-00718,2025-07-22,Completed,Transfer Bank,CUST-0122,Yudi Hidayat,Home Office,Jakarta Selatan,Jawa,PROD-005,Monitor 24 inch IPS 75Hz,Elektronik,Display,3,1800000.00,1350000.00,0.00,5400000.00,1350000.00
ORD-00037,2026-05-14,Completed,E-Wallet,CUST-0123,Lestari Lestari,Consumer,Palembang,Sumatra,PROD-019,Lampu Meja LED Belajar,Perlengkapan Rumah,Dekorasi,3,110000.00,60000.00,0.05,313500.00,133500.00
ORD-00333,2025-02-25,Completed,E-Wallet,CUST-0123,Lestari Lestari,Consumer,Palembang,Sumatra,PROD-005,Monitor 24 inch IPS 75Hz,Elektronik,Display,2,1800000.00,1350000.00,0.00,3600000.00,900000.00
ORD-00333,2025-02-25,Completed,E-Wallet,CUST-0123,Lestari Lestari,Consumer,Palembang,Sumatra,PROD-023,Buku Catatan Hardcover A5,Alat Tulis & Kantor,Kertas & Buku,3,45000.00,20000.00,0.00,135000.00,75000.00
ORD-00567,2025-06-01,Completed,COD,CUST-0123,Lestari Lestari,Consumer,Palembang,Sumatra,PROD-012,Kemeja Flanel Lengan Panjang,Pakaian,Pria,3,165000.00,90000.00,0.00,495000.00,225000.00
ORD-00567,2025-06-01,Completed,COD,CUST-0123,Lestari Lestari,Consumer,Palembang,Sumatra,PROD-015,Blouse Wanita Casual,Pakaian,Wanita,1,135000.00,70000.00,0.00,135000.00,65000.00
ORD-00580,2025-12-24,Completed,Transfer Bank,CUST-0123,Lestari Lestari,Consumer,Palembang,Sumatra,PROD-001,Mouse Wireless M185,Elektronik,Aksesoris Komputer,2,150000.00,95000.00,0.15,255000.00,65000.00
ORD-00580,2025-12-24,Completed,Transfer Bank,CUST-0123,Lestari Lestari,Consumer,Palembang,Sumatra,PROD-012,Kemeja Flanel Lengan Panjang,Pakaian,Pria,1,165000.00,90000.00,0.10,148500.00,58500.00
ORD-00580,2025-12-24,Completed,Transfer Bank,CUST-0123,Lestari Lestari,Consumer,Palembang,Sumatra,PROD-021,Bantal Leher Memory Foam,Perlengkapan Rumah,Kebutuhan Harian,1,85000.00,42000.00,0.00,85000.00,43000.00
ORD-00931,2025-07-06,Completed,E-Wallet,CUST-0123,Lestari Lestari,Consumer,Palembang,Sumatra,PROD-024,Pulpen Gel Pack 12 Pcs,Alat Tulis & Kantor,Alat Tulis,5,36000.00,18000.00,0.15,153000.00,63000.00
ORD-00218,2025-11-20,Completed,E-Wallet,CUST-0124,Dewi Setiawan,Consumer,Makassar,Sulawesi,PROD-024,Pulpen Gel Pack 12 Pcs,Alat Tulis & Kantor,Alat Tulis,1,36000.00,18000.00,0.00,36000.00,18000.00
ORD-00218,2025-11-20,Completed,E-Wallet,CUST-0124,Dewi Setiawan,Consumer,Makassar,Sulawesi,PROD-019,Lampu Meja LED Belajar,Perlengkapan Rumah,Dekorasi,5,110000.00,60000.00,0.00,550000.00,250000.00
ORD-00218,2025-11-20,Completed,E-Wallet,CUST-0124,Dewi Setiawan,Consumer,Makassar,Sulawesi,PROD-021,Bantal Leher Memory Foam,Perlengkapan Rumah,Kebutuhan Harian,1,85000.00,42000.00,0.00,85000.00,43000.00
ORD-00224,2026-02-08,Completed,Transfer Bank,CUST-0124,Dewi Setiawan,Consumer,Makassar,Sulawesi,PROD-016,Tunik Batik Modern,Pakaian,Wanita,2,175000.00,95000.00,0.00,350000.00,160000.00
ORD-00443,2025-06-03,Completed,COD,CUST-0124,Dewi Setiawan,Consumer,Makassar,Sulawesi,PROD-018,Botol Minum Tumbler 500ml,Perlengkapan Rumah,Dapur & Makan,5,95000.00,48000.00,0.00,475000.00,235000.00
ORD-00443,2025-06-03,Completed,COD,CUST-0124,Dewi Setiawan,Consumer,Makassar,Sulawesi,PROD-010,USB Flashdrive 64GB,Elektronik,Storage,1,85000.00,45000.00,0.10,76500.00,31500.00
ORD-00477,2025-03-13,Completed,Credit Card,CUST-0124,Dewi Setiawan,Consumer,Makassar,Sulawesi,PROD-025,Desk Mat Deskpad Leather,Alat Tulis & Kantor,Aksesoris Meja,2,95000.00,50000.00,0.00,190000.00,90000.00
ORD-00748,2025-03-18,Completed,Transfer Bank,CUST-0124,Dewi Setiawan,Consumer,Makassar,Sulawesi,PROD-025,Desk Mat Deskpad Leather,Alat Tulis & Kantor,Aksesoris Meja,1,95000.00,50000.00,0.00,95000.00,45000.00
ORD-00748,2025-03-18,Completed,Transfer Bank,CUST-0124,Dewi Setiawan,Consumer,Makassar,Sulawesi,PROD-001,Mouse Wireless M185,Elektronik,Aksesoris Komputer,1,150000.00,95000.00,0.00,150000.00,55000.00
ORD-00880,2025-12-09,Completed,E-Wallet,CUST-0124,Dewi Setiawan,Consumer,Makassar,Sulawesi,PROD-017,Topi Baseball Canvas,Pakaian,Aksesoris Fashion,1,50000.00,22000.00,0.05,47500.00,25500.00
ORD-00407,2026-01-18,Completed,E-Wallet,CUST-0125,Rizky Prasetyo,Consumer,Bandung,Jawa,PROD-025,Desk Mat Deskpad Leather,Alat Tulis & Kantor,Aksesoris Meja,1,95000.00,50000.00,0.00,95000.00,45000.00
ORD-00407,2026-01-18,Completed,E-Wallet,CUST-0125,Rizky Prasetyo,Consumer,Bandung,Jawa,PROD-007,Powerbank 10000mAh Dual Port,Elektronik,Aksesoris Mobile,2,200000.00,120000.00,0.15,340000.00,100000.00
ORD-00460,2026-01-07,Completed,E-Wallet,CUST-0125,Rizky Prasetyo,Consumer,Bandung,Jawa,PROD-001,Mouse Wireless M185,Elektronik,Aksesoris Komputer,1,150000.00,95000.00,0.05,142500.00,47500.00
ORD-00460,2026-01-07,Completed,E-Wallet,CUST-0125,Rizky Prasetyo,Consumer,Bandung,Jawa,PROD-015,Blouse Wanita Casual,Pakaian,Wanita,1,135000.00,70000.00,0.05,128250.00,58250.00
ORD-00279,2025-11-25,Completed,COD,CUST-0126,Indah Hadi,Consumer,Surabaya,Jawa,PROD-006,Kabel Data Type-C Fast Charge,Elektronik,Aksesoris Mobile,1,35000.00,15000.00,0.00,35000.00,20000.00
ORD-00279,2025-11-25,Completed,COD,CUST-0126,Indah Hadi,Consumer,Surabaya,Jawa,PROD-022,Rak Sepatu Susun Plastik,Perlengkapan Rumah,Storage,1,125000.00,68000.00,0.00,125000.00,57000.00
ORD-00416,2025-07-14,Completed,COD,CUST-0126,Indah Hadi,Consumer,Surabaya,Jawa,PROD-011,Kaos Polos Cotton Combed 30s,Pakaian,Pria,2,75000.00,35000.00,0.00,150000.00,80000.00
ORD-00593,2026-03-16,Completed,Transfer Bank,CUST-0126,Indah Hadi,Consumer,Surabaya,Jawa,PROD-021,Bantal Leher Memory Foam,Perlengkapan Rumah,Kebutuhan Harian,2,85000.00,42000.00,0.20,136000.00,52000.00
ORD-00593,2026-03-16,Completed,Transfer Bank,CUST-0126,Indah Hadi,Consumer,Surabaya,Jawa,PROD-024,Pulpen Gel Pack 12 Pcs,Alat Tulis & Kantor,Alat Tulis,2,36000.00,18000.00,0.15,61200.00,25200.00
ORD-00638,2026-03-29,Completed,Credit Card,CUST-0126,Indah Hadi,Consumer,Surabaya,Jawa,PROD-022,Rak Sepatu Susun Plastik,Perlengkapan Rumah,Storage,3,125000.00,68000.00,0.05,356250.00,152250.00
ORD-00451,2026-01-31,Completed,Transfer Bank,CUST-0127,Hendra Wibowo,Home Office,Palembang,Sumatra,PROD-015,Blouse Wanita Casual,Pakaian,Wanita,3,135000.00,70000.00,0.00,405000.00,195000.00
ORD-00451,2026-01-31,Completed,Transfer Bank,CUST-0127,Hendra Wibowo,Home Office,Palembang,Sumatra,PROD-006,Kabel Data Type-C Fast Charge,Elektronik,Aksesoris Mobile,1,35000.00,15000.00,0.15,29750.00,14750.00
ORD-00451,2026-01-31,Completed,Transfer Bank,CUST-0127,Hendra Wibowo,Home Office,Palembang,Sumatra,PROD-022,Rak Sepatu Susun Plastik,Perlengkapan Rumah,Storage,1,125000.00,68000.00,0.00,125000.00,57000.00
ORD-00451,2026-01-31,Completed,Transfer Bank,CUST-0127,Hendra Wibowo,Home Office,Palembang,Sumatra,PROD-012,Kemeja Flanel Lengan Panjang,Pakaian,Pria,3,165000.00,90000.00,0.00,495000.00,225000.00
ORD-00648,2026-05-14,Completed,E-Wallet,CUST-0127,Hendra Wibowo,Home Office,Palembang,Sumatra,PROD-009,Earphones TWS Bluetooth 5.3,Elektronik,Audio,1,250000.00,140000.00,0.00,250000.00,110000.00
ORD-00250,2025-06-10,Completed,Transfer Bank,CUST-0128,Budi Saputra,Home Office,Palembang,Sumatra,PROD-015,Blouse Wanita Casual,Pakaian,Wanita,1,135000.00,70000.00,0.00,135000.00,65000.00
ORD-00564,2025-05-22,Completed,Credit Card,CUST-0128,Budi Saputra,Home Office,Palembang,Sumatra,PROD-021,Bantal Leher Memory Foam,Perlengkapan Rumah,Kebutuhan Harian,2,85000.00,42000.00,0.00,170000.00,86000.00
ORD-00564,2025-05-22,Completed,Credit Card,CUST-0128,Budi Saputra,Home Office,Palembang,Sumatra,PROD-013,Jaket Hoodie Fleece,Pakaian,Pria,1,220000.00,125000.00,0.05,209000.00,84000.00
ORD-00627,2025-10-12,Cancelled,Transfer Bank,CUST-0128,Budi Saputra,Home Office,Palembang,Sumatra,PROD-018,Botol Minum Tumbler 500ml,Perlengkapan Rumah,Dapur & Makan,1,95000.00,48000.00,0.00,95000.00,47000.00
ORD-00627,2025-10-12,Cancelled,Transfer Bank,CUST-0128,Budi Saputra,Home Office,Palembang,Sumatra,PROD-015,Blouse Wanita Casual,Pakaian,Wanita,1,135000.00,70000.00,0.10,121500.00,51500.00
ORD-00627,2025-10-12,Cancelled,Transfer Bank,CUST-0128,Budi Saputra,Home Office,Palembang,Sumatra,PROD-001,Mouse Wireless M185,Elektronik,Aksesoris Komputer,1,150000.00,95000.00,0.00,150000.00,55000.00
ORD-00673,2025-01-06,Completed,Transfer Bank,CUST-0128,Budi Saputra,Home Office,Palembang,Sumatra,PROD-025,Desk Mat Deskpad Leather,Alat Tulis & Kantor,Aksesoris Meja,2,95000.00,50000.00,0.00,190000.00,90000.00
ORD-00673,2025-01-06,Completed,Transfer Bank,CUST-0128,Budi Saputra,Home Office,Palembang,Sumatra,PROD-006,Kabel Data Type-C Fast Charge,Elektronik,Aksesoris Mobile,3,35000.00,15000.00,0.05,99750.00,54750.00
ORD-00774,2025-01-10,Completed,E-Wallet,CUST-0128,Budi Saputra,Home Office,Palembang,Sumatra,PROD-007,Powerbank 10000mAh Dual Port,Elektronik,Aksesoris Mobile,1,200000.00,120000.00,0.00,200000.00,80000.00
ORD-00774,2025-01-10,Completed,E-Wallet,CUST-0128,Budi Saputra,Home Office,Palembang,Sumatra,PROD-006,Kabel Data Type-C Fast Charge,Elektronik,Aksesoris Mobile,1,35000.00,15000.00,0.00,35000.00,20000.00
ORD-00774,2025-01-10,Completed,E-Wallet,CUST-0128,Budi Saputra,Home Office,Palembang,Sumatra,PROD-017,Topi Baseball Canvas,Pakaian,Aksesoris Fashion,1,50000.00,22000.00,0.00,50000.00,28000.00
ORD-00774,2025-01-10,Completed,E-Wallet,CUST-0128,Budi Saputra,Home Office,Palembang,Sumatra,PROD-018,Botol Minum Tumbler 500ml,Perlengkapan Rumah,Dapur & Makan,1,95000.00,48000.00,0.15,80750.00,32750.00
ORD-00817,2025-08-10,Completed,COD,CUST-0128,Budi Saputra,Home Office,Palembang,Sumatra,PROD-008,Webcam Full HD 1080p,Elektronik,Aksesoris Komputer,1,280000.00,175000.00,0.05,266000.00,91000.00
ORD-00846,2025-08-03,Completed,Credit Card,CUST-0128,Budi Saputra,Home Office,Palembang,Sumatra,PROD-006,Kabel Data Type-C Fast Charge,Elektronik,Aksesoris Mobile,2,35000.00,15000.00,0.15,59500.00,29500.00
ORD-01006,2025-12-25,Completed,Credit Card,CUST-0128,Budi Saputra,Home Office,Palembang,Sumatra,PROD-021,Bantal Leher Memory Foam,Perlengkapan Rumah,Kebutuhan Harian,1,85000.00,42000.00,0.00,85000.00,43000.00
ORD-01006,2025-12-25,Completed,Credit Card,CUST-0128,Budi Saputra,Home Office,Palembang,Sumatra,PROD-009,Earphones TWS Bluetooth 5.3,Elektronik,Audio,1,250000.00,140000.00,0.05,237500.00,97500.00
ORD-01088,2026-03-01,Completed,COD,CUST-0128,Budi Saputra,Home Office,Palembang,Sumatra,PROD-002,Keyboard Mechanical RGB,Elektronik,Aksesoris Komputer,1,450000.00,280000.00,0.05,427500.00,147500.00
ORD-01099,2025-07-10,Completed,E-Wallet,CUST-0128,Budi Saputra,Home Office,Palembang,Sumatra,PROD-006,Kabel Data Type-C Fast Charge,Elektronik,Aksesoris Mobile,2,35000.00,15000.00,0.00,70000.00,40000.00
ORD-01099,2025-07-10,Completed,E-Wallet,CUST-0128,Budi Saputra,Home Office,Palembang,Sumatra,PROD-020,Organizer Meja Acrylic,Perlengkapan Rumah,Storage,1,65000.00,32000.00,0.00,65000.00,33000.00
ORD-01130,2025-04-09,Returned,E-Wallet,CUST-0128,Budi Saputra,Home Office,Palembang,Sumatra,PROD-020,Organizer Meja Acrylic,Perlengkapan Rumah,Storage,1,65000.00,32000.00,0.00,65000.00,33000.00
ORD-00021,2026-01-12,Completed,Transfer Bank,CUST-0129,Hendra Setiawan,Consumer,Palembang,Sumatra,PROD-001,Mouse Wireless M185,Elektronik,Aksesoris Komputer,1,150000.00,95000.00,0.00,150000.00,55000.00
ORD-00078,2025-04-23,Completed,E-Wallet,CUST-0129,Hendra Setiawan,Consumer,Palembang,Sumatra,PROD-012,Kemeja Flanel Lengan Panjang,Pakaian,Pria,2,165000.00,90000.00,0.00,330000.00,150000.00
ORD-00891,2025-02-07,Completed,Transfer Bank,CUST-0129,Hendra Setiawan,Consumer,Palembang,Sumatra,PROD-020,Organizer Meja Acrylic,Perlengkapan Rumah,Storage,1,65000.00,32000.00,0.20,52000.00,20000.00
ORD-00891,2025-02-07,Completed,Transfer Bank,CUST-0129,Hendra Setiawan,Consumer,Palembang,Sumatra,PROD-014,Celana Chino Slim Fit,Pakaian,Pria,2,185000.00,100000.00,0.00,370000.00,170000.00
ORD-00891,2025-02-07,Completed,Transfer Bank,CUST-0129,Hendra Setiawan,Consumer,Palembang,Sumatra,PROD-003,Headset Gaming Surround 7.1,Elektronik,Audio,1,350000.00,210000.00,0.05,332500.00,122500.00
ORD-01035,2026-02-07,Completed,Transfer Bank,CUST-0129,Hendra Setiawan,Consumer,Palembang,Sumatra,PROD-012,Kemeja Flanel Lengan Panjang,Pakaian,Pria,1,165000.00,90000.00,0.10,148500.00,58500.00
ORD-01035,2026-02-07,Completed,Transfer Bank,CUST-0129,Hendra Setiawan,Consumer,Palembang,Sumatra,PROD-014,Celana Chino Slim Fit,Pakaian,Pria,1,185000.00,100000.00,0.00,185000.00,85000.00
ORD-01051,2026-01-08,Completed,Transfer Bank,CUST-0129,Hendra Setiawan,Consumer,Palembang,Sumatra,PROD-008,Webcam Full HD 1080p,Elektronik,Aksesoris Komputer,2,280000.00,175000.00,0.00,560000.00,210000.00
ORD-01087,2025-04-03,Completed,COD,CUST-0129,Hendra Setiawan,Consumer,Palembang,Sumatra,PROD-004,Stand Laptop Aluminium,Elektronik,Aksesoris Komputer,1,120000.00,70000.00,0.00,120000.00,50000.00
ORD-00030,2025-08-21,Completed,Credit Card,CUST-0130,Eko Prasetyo,Corporate,Jakarta Selatan,Jawa,PROD-010,USB Flashdrive 64GB,Elektronik,Storage,2,85000.00,45000.00,0.00,170000.00,80000.00
ORD-00030,2025-08-21,Completed,Credit Card,CUST-0130,Eko Prasetyo,Corporate,Jakarta Selatan,Jawa,PROD-017,Topi Baseball Canvas,Pakaian,Aksesoris Fashion,1,50000.00,22000.00,0.10,45000.00,23000.00
ORD-00430,2025-04-09,Completed,Credit Card,CUST-0130,Eko Prasetyo,Corporate,Jakarta Selatan,Jawa,PROD-012,Kemeja Flanel Lengan Panjang,Pakaian,Pria,3,165000.00,90000.00,0.05,470250.00,200250.00
ORD-00430,2025-04-09,Completed,Credit Card,CUST-0130,Eko Prasetyo,Corporate,Jakarta Selatan,Jawa,PROD-018,Botol Minum Tumbler 500ml,Perlengkapan Rumah,Dapur & Makan,1,95000.00,48000.00,0.05,90250.00,42250.00
ORD-00787,2025-07-14,Completed,COD,CUST-0130,Eko Prasetyo,Corporate,Jakarta Selatan,Jawa,PROD-011,Kaos Polos Cotton Combed 30s,Pakaian,Pria,3,75000.00,35000.00,0.00,225000.00,120000.00
ORD-00787,2025-07-14,Completed,COD,CUST-0130,Eko Prasetyo,Corporate,Jakarta Selatan,Jawa,PROD-017,Topi Baseball Canvas,Pakaian,Aksesoris Fashion,1,50000.00,22000.00,0.10,45000.00,23000.00
ORD-00787,2025-07-14,Completed,COD,CUST-0130,Eko Prasetyo,Corporate,Jakarta Selatan,Jawa,PROD-020,Organizer Meja Acrylic,Perlengkapan Rumah,Storage,1,65000.00,32000.00,0.05,61750.00,29750.00
ORD-00908,2025-03-24,Completed,E-Wallet,CUST-0130,Eko Prasetyo,Corporate,Jakarta Selatan,Jawa,PROD-014,Celana Chino Slim Fit,Pakaian,Pria,1,185000.00,100000.00,0.00,185000.00,85000.00
ORD-00908,2025-03-24,Completed,E-Wallet,CUST-0130,Eko Prasetyo,Corporate,Jakarta Selatan,Jawa,PROD-013,Jaket Hoodie Fleece,Pakaian,Pria,2,220000.00,125000.00,0.20,352000.00,102000.00
ORD-00908,2025-03-24,Completed,E-Wallet,CUST-0130,Eko Prasetyo,Corporate,Jakarta Selatan,Jawa,PROD-020,Organizer Meja Acrylic,Perlengkapan Rumah,Storage,1,65000.00,32000.00,0.00,65000.00,33000.00
ORD-00069,2025-11-23,Completed,Transfer Bank,CUST-0131,Rian Utami,Consumer,Jakarta Selatan,Jawa,PROD-003,Headset Gaming Surround 7.1,Elektronik,Audio,2,350000.00,210000.00,0.00,700000.00,280000.00
ORD-00069,2025-11-23,Completed,Transfer Bank,CUST-0131,Rian Utami,Consumer,Jakarta Selatan,Jawa,PROD-001,Mouse Wireless M185,Elektronik,Aksesoris Komputer,5,150000.00,95000.00,0.00,750000.00,275000.00
ORD-00069,2025-11-23,Completed,Transfer Bank,CUST-0131,Rian Utami,Consumer,Jakarta Selatan,Jawa,PROD-016,Tunik Batik Modern,Pakaian,Wanita,1,175000.00,95000.00,0.00,175000.00,80000.00
ORD-00870,2025-03-24,Completed,Transfer Bank,CUST-0131,Rian Utami,Consumer,Jakarta Selatan,Jawa,PROD-007,Powerbank 10000mAh Dual Port,Elektronik,Aksesoris Mobile,5,200000.00,120000.00,0.00,1000000.00,400000.00
ORD-00870,2025-03-24,Completed,Transfer Bank,CUST-0131,Rian Utami,Consumer,Jakarta Selatan,Jawa,PROD-018,Botol Minum Tumbler 500ml,Perlengkapan Rumah,Dapur & Makan,3,95000.00,48000.00,0.05,270750.00,126750.00
ORD-00870,2025-03-24,Completed,Transfer Bank,CUST-0131,Rian Utami,Consumer,Jakarta Selatan,Jawa,PROD-010,USB Flashdrive 64GB,Elektronik,Storage,1,85000.00,45000.00,0.00,85000.00,40000.00
ORD-01139,2025-07-12,Completed,Credit Card,CUST-0131,Rian Utami,Consumer,Jakarta Selatan,Jawa,PROD-019,Lampu Meja LED Belajar,Perlengkapan Rumah,Dekorasi,3,110000.00,60000.00,0.00,330000.00,150000.00
ORD-00213,2026-04-09,Completed,E-Wallet,CUST-0132,Eko Prasetyo,Consumer,Palembang,Sumatra,PROD-013,Jaket Hoodie Fleece,Pakaian,Pria,1,220000.00,125000.00,0.05,209000.00,84000.00
ORD-00213,2026-04-09,Completed,E-Wallet,CUST-0132,Eko Prasetyo,Consumer,Palembang,Sumatra,PROD-016,Tunik Batik Modern,Pakaian,Wanita,2,175000.00,95000.00,0.10,315000.00,125000.00
ORD-00213,2026-04-09,Completed,E-Wallet,CUST-0132,Eko Prasetyo,Consumer,Palembang,Sumatra,PROD-018,Botol Minum Tumbler 500ml,Perlengkapan Rumah,Dapur & Makan,2,95000.00,48000.00,0.00,190000.00,94000.00
ORD-00330,2026-04-19,Completed,COD,CUST-0132,Eko Prasetyo,Consumer,Palembang,Sumatra,PROD-018,Botol Minum Tumbler 500ml,Perlengkapan Rumah,Dapur & Makan,2,95000.00,48000.00,0.00,190000.00,94000.00
ORD-00330,2026-04-19,Completed,COD,CUST-0132,Eko Prasetyo,Consumer,Palembang,Sumatra,PROD-010,USB Flashdrive 64GB,Elektronik,Storage,1,85000.00,45000.00,0.15,72250.00,27250.00
ORD-00348,2025-03-25,Completed,E-Wallet,CUST-0132,Eko Prasetyo,Consumer,Palembang,Sumatra,PROD-018,Botol Minum Tumbler 500ml,Perlengkapan Rumah,Dapur & Makan,2,95000.00,48000.00,0.00,190000.00,94000.00
ORD-00799,2026-01-06,Completed,E-Wallet,CUST-0132,Eko Prasetyo,Consumer,Palembang,Sumatra,PROD-007,Powerbank 10000mAh Dual Port,Elektronik,Aksesoris Mobile,5,200000.00,120000.00,0.15,850000.00,250000.00
ORD-00799,2026-01-06,Completed,E-Wallet,CUST-0132,Eko Prasetyo,Consumer,Palembang,Sumatra,PROD-022,Rak Sepatu Susun Plastik,Perlengkapan Rumah,Storage,2,125000.00,68000.00,0.05,237500.00,101500.00
ORD-01039,2025-07-04,Completed,Credit Card,CUST-0132,Eko Prasetyo,Consumer,Palembang,Sumatra,PROD-013,Jaket Hoodie Fleece,Pakaian,Pria,2,220000.00,125000.00,0.10,396000.00,146000.00
ORD-01039,2025-07-04,Completed,Credit Card,CUST-0132,Eko Prasetyo,Consumer,Palembang,Sumatra,PROD-019,Lampu Meja LED Belajar,Perlengkapan Rumah,Dekorasi,2,110000.00,60000.00,0.00,220000.00,100000.00
ORD-01039,2025-07-04,Completed,Credit Card,CUST-0132,Eko Prasetyo,Consumer,Palembang,Sumatra,PROD-005,Monitor 24 inch IPS 75Hz,Elektronik,Display,2,1800000.00,1350000.00,0.00,3600000.00,900000.00
ORD-01121,2025-09-27,Completed,Transfer Bank,CUST-0132,Eko Prasetyo,Consumer,Palembang,Sumatra,PROD-015,Blouse Wanita Casual,Pakaian,Wanita,1,135000.00,70000.00,0.05,128250.00,58250.00
ORD-00707,2026-02-26,Completed,Credit Card,CUST-0133,Ahmad Hidayat,Consumer,Medan,Sumatra,PROD-022,Rak Sepatu Susun Plastik,Perlengkapan Rumah,Storage,1,125000.00,68000.00,0.20,100000.00,32000.00
ORD-00734,2025-06-26,Completed,Transfer Bank,CUST-0133,Ahmad Hidayat,Consumer,Medan,Sumatra,PROD-021,Bantal Leher Memory Foam,Perlengkapan Rumah,Kebutuhan Harian,1,85000.00,42000.00,0.00,85000.00,43000.00
ORD-00892,2025-10-22,Completed,COD,CUST-0133,Ahmad Hidayat,Consumer,Medan,Sumatra,PROD-014,Celana Chino Slim Fit,Pakaian,Pria,1,185000.00,100000.00,0.05,175750.00,75750.00
ORD-00927,2026-04-10,Completed,COD,CUST-0134,Rina Saputra,Consumer,Makassar,Sulawesi,PROD-025,Desk Mat Deskpad Leather,Alat Tulis & Kantor,Aksesoris Meja,3,95000.00,50000.00,0.05,270750.00,120750.00
ORD-00927,2026-04-10,Completed,COD,CUST-0134,Rina Saputra,Consumer,Makassar,Sulawesi,PROD-007,Powerbank 10000mAh Dual Port,Elektronik,Aksesoris Mobile,1,200000.00,120000.00,0.00,200000.00,80000.00
ORD-00973,2025-11-30,Completed,COD,CUST-0134,Rina Saputra,Consumer,Makassar,Sulawesi,PROD-009,Earphones TWS Bluetooth 5.3,Elektronik,Audio,1,250000.00,140000.00,0.00,250000.00,110000.00
ORD-00973,2025-11-30,Completed,COD,CUST-0134,Rina Saputra,Consumer,Makassar,Sulawesi,PROD-021,Bantal Leher Memory Foam,Perlengkapan Rumah,Kebutuhan Harian,1,85000.00,42000.00,0.00,85000.00,43000.00
ORD-01038,2025-08-19,Completed,Credit Card,CUST-0134,Rina Saputra,Consumer,Makassar,Sulawesi,PROD-024,Pulpen Gel Pack 12 Pcs,Alat Tulis & Kantor,Alat Tulis,3,36000.00,18000.00,0.00,108000.00,54000.00
ORD-01038,2025-08-19,Completed,Credit Card,CUST-0134,Rina Saputra,Consumer,Makassar,Sulawesi,PROD-010,USB Flashdrive 64GB,Elektronik,Storage,5,85000.00,45000.00,0.20,340000.00,115000.00
ORD-01038,2025-08-19,Completed,Credit Card,CUST-0134,Rina Saputra,Consumer,Makassar,Sulawesi,PROD-004,Stand Laptop Aluminium,Elektronik,Aksesoris Komputer,2,120000.00,70000.00,0.00,240000.00,100000.00
ORD-00252,2026-04-13,Cancelled,Credit Card,CUST-0135,Titi Nugroho,Home Office,Medan,Sumatra,PROD-003,Headset Gaming Surround 7.1,Elektronik,Audio,1,350000.00,210000.00,0.00,350000.00,140000.00
ORD-00252,2026-04-13,Cancelled,Credit Card,CUST-0135,Titi Nugroho,Home Office,Medan,Sumatra,PROD-018,Botol Minum Tumbler 500ml,Perlengkapan Rumah,Dapur & Makan,2,95000.00,48000.00,0.00,190000.00,94000.00
ORD-00252,2026-04-13,Cancelled,Credit Card,CUST-0135,Titi Nugroho,Home Office,Medan,Sumatra,PROD-001,Mouse Wireless M185,Elektronik,Aksesoris Komputer,1,150000.00,95000.00,0.00,150000.00,55000.00
ORD-00793,2025-11-08,Completed,E-Wallet,CUST-0135,Titi Nugroho,Home Office,Medan,Sumatra,PROD-006,Kabel Data Type-C Fast Charge,Elektronik,Aksesoris Mobile,2,35000.00,15000.00,0.00,70000.00,40000.00
ORD-00014,2025-02-06,Completed,E-Wallet,CUST-0136,Siti Aminah,Consumer,Medan,Sumatra,PROD-012,Kemeja Flanel Lengan Panjang,Pakaian,Pria,2,165000.00,90000.00,0.10,297000.00,117000.00
ORD-00014,2025-02-06,Completed,E-Wallet,CUST-0136,Siti Aminah,Consumer,Medan,Sumatra,PROD-019,Lampu Meja LED Belajar,Perlengkapan Rumah,Dekorasi,2,110000.00,60000.00,0.00,220000.00,100000.00
ORD-00322,2025-10-07,Completed,COD,CUST-0136,Siti Aminah,Consumer,Medan,Sumatra,PROD-009,Earphones TWS Bluetooth 5.3,Elektronik,Audio,5,250000.00,140000.00,0.00,1250000.00,550000.00
ORD-00869,2025-08-08,Completed,E-Wallet,CUST-0136,Siti Aminah,Consumer,Medan,Sumatra,PROD-023,Buku Catatan Hardcover A5,Alat Tulis & Kantor,Kertas & Buku,2,45000.00,20000.00,0.00,90000.00,50000.00
ORD-00957,2025-11-16,Completed,E-Wallet,CUST-0136,Siti Aminah,Consumer,Medan,Sumatra,PROD-025,Desk Mat Deskpad Leather,Alat Tulis & Kantor,Aksesoris Meja,2,95000.00,50000.00,0.00,190000.00,90000.00
ORD-00957,2025-11-16,Completed,E-Wallet,CUST-0136,Siti Aminah,Consumer,Medan,Sumatra,PROD-007,Powerbank 10000mAh Dual Port,Elektronik,Aksesoris Mobile,2,200000.00,120000.00,0.10,360000.00,120000.00
ORD-00046,2026-04-24,Completed,Transfer Bank,CUST-0137,Lestari Santoso,Corporate,Semarang,Jawa,PROD-020,Organizer Meja Acrylic,Perlengkapan Rumah,Storage,1,65000.00,32000.00,0.00,65000.00,33000.00
ORD-00046,2026-04-24,Completed,Transfer Bank,CUST-0137,Lestari Santoso,Corporate,Semarang,Jawa,PROD-014,Celana Chino Slim Fit,Pakaian,Pria,1,185000.00,100000.00,0.00,185000.00,85000.00
ORD-00137,2025-11-08,Completed,Transfer Bank,CUST-0137,Lestari Santoso,Corporate,Semarang,Jawa,PROD-009,Earphones TWS Bluetooth 5.3,Elektronik,Audio,2,250000.00,140000.00,0.00,500000.00,220000.00
ORD-00237,2026-04-19,Returned,Transfer Bank,CUST-0137,Lestari Santoso,Corporate,Semarang,Jawa,PROD-006,Kabel Data Type-C Fast Charge,Elektronik,Aksesoris Mobile,1,35000.00,15000.00,0.05,33250.00,18250.00
ORD-00237,2026-04-19,Returned,Transfer Bank,CUST-0137,Lestari Santoso,Corporate,Semarang,Jawa,PROD-010,USB Flashdrive 64GB,Elektronik,Storage,1,85000.00,45000.00,0.10,76500.00,31500.00
ORD-00237,2026-04-19,Returned,Transfer Bank,CUST-0137,Lestari Santoso,Corporate,Semarang,Jawa,PROD-017,Topi Baseball Canvas,Pakaian,Aksesoris Fashion,1,50000.00,22000.00,0.00,50000.00,28000.00
ORD-00237,2026-04-19,Returned,Transfer Bank,CUST-0137,Lestari Santoso,Corporate,Semarang,Jawa,PROD-022,Rak Sepatu Susun Plastik,Perlengkapan Rumah,Storage,1,125000.00,68000.00,0.00,125000.00,57000.00
ORD-01048,2025-06-12,Completed,COD,CUST-0137,Lestari Santoso,Corporate,Semarang,Jawa,PROD-005,Monitor 24 inch IPS 75Hz,Elektronik,Display,1,1800000.00,1350000.00,0.00,1800000.00,450000.00
ORD-01048,2025-06-12,Completed,COD,CUST-0137,Lestari Santoso,Corporate,Semarang,Jawa,PROD-025,Desk Mat Deskpad Leather,Alat Tulis & Kantor,Aksesoris Meja,1,95000.00,50000.00,0.05,90250.00,40250.00
ORD-01126,2026-02-11,Completed,Transfer Bank,CUST-0137,Lestari Santoso,Corporate,Semarang,Jawa,PROD-019,Lampu Meja LED Belajar,Perlengkapan Rumah,Dekorasi,3,110000.00,60000.00,0.00,330000.00,150000.00
ORD-00023,2026-01-27,Completed,Transfer Bank,CUST-0138,Maya Pertiwi,Corporate,Yogyakarta,Jawa,PROD-014,Celana Chino Slim Fit,Pakaian,Pria,1,185000.00,100000.00,0.00,185000.00,85000.00
ORD-00534,2025-03-14,Completed,COD,CUST-0138,Maya Pertiwi,Corporate,Yogyakarta,Jawa,PROD-021,Bantal Leher Memory Foam,Perlengkapan Rumah,Kebutuhan Harian,1,85000.00,42000.00,0.00,85000.00,43000.00
ORD-00534,2025-03-14,Completed,COD,CUST-0138,Maya Pertiwi,Corporate,Yogyakarta,Jawa,PROD-009,Earphones TWS Bluetooth 5.3,Elektronik,Audio,1,250000.00,140000.00,0.00,250000.00,110000.00
ORD-00534,2025-03-14,Completed,COD,CUST-0138,Maya Pertiwi,Corporate,Yogyakarta,Jawa,PROD-015,Blouse Wanita Casual,Pakaian,Wanita,1,135000.00,70000.00,0.00,135000.00,65000.00
ORD-00541,2026-02-27,Completed,Credit Card,CUST-0138,Maya Pertiwi,Corporate,Yogyakarta,Jawa,PROD-016,Tunik Batik Modern,Pakaian,Wanita,2,175000.00,95000.00,0.00,350000.00,160000.00
ORD-00541,2026-02-27,Completed,Credit Card,CUST-0138,Maya Pertiwi,Corporate,Yogyakarta,Jawa,PROD-021,Bantal Leher Memory Foam,Perlengkapan Rumah,Kebutuhan Harian,1,85000.00,42000.00,0.05,80750.00,38750.00
ORD-00586,2025-03-27,Completed,Transfer Bank,CUST-0138,Maya Pertiwi,Corporate,Yogyakarta,Jawa,PROD-009,Earphones TWS Bluetooth 5.3,Elektronik,Audio,3,250000.00,140000.00,0.05,712500.00,292500.00
ORD-00719,2026-01-17,Completed,Credit Card,CUST-0138,Maya Pertiwi,Corporate,Yogyakarta,Jawa,PROD-018,Botol Minum Tumbler 500ml,Perlengkapan Rumah,Dapur & Makan,1,95000.00,48000.00,0.05,90250.00,42250.00
ORD-00805,2025-07-03,Completed,Transfer Bank,CUST-0138,Maya Pertiwi,Corporate,Yogyakarta,Jawa,PROD-009,Earphones TWS Bluetooth 5.3,Elektronik,Audio,1,250000.00,140000.00,0.15,212500.00,72500.00
ORD-01075,2025-11-29,Completed,COD,CUST-0138,Maya Pertiwi,Corporate,Yogyakarta,Jawa,PROD-001,Mouse Wireless M185,Elektronik,Aksesoris Komputer,1,150000.00,95000.00,0.15,127500.00,32500.00
ORD-01075,2025-11-29,Completed,COD,CUST-0138,Maya Pertiwi,Corporate,Yogyakarta,Jawa,PROD-008,Webcam Full HD 1080p,Elektronik,Aksesoris Komputer,1,280000.00,175000.00,0.05,266000.00,91000.00
ORD-01080,2025-04-06,Cancelled,E-Wallet,CUST-0138,Maya Pertiwi,Corporate,Yogyakarta,Jawa,PROD-006,Kabel Data Type-C Fast Charge,Elektronik,Aksesoris Mobile,1,35000.00,15000.00,0.00,35000.00,20000.00
ORD-01179,2026-02-09,Completed,Transfer Bank,CUST-0139,Lestari Lestari,Consumer,Surabaya,Jawa,PROD-020,Organizer Meja Acrylic,Perlengkapan Rumah,Storage,2,65000.00,32000.00,0.00,130000.00,66000.00
ORD-01179,2026-02-09,Completed,Transfer Bank,CUST-0139,Lestari Lestari,Consumer,Surabaya,Jawa,PROD-019,Lampu Meja LED Belajar,Perlengkapan Rumah,Dekorasi,2,110000.00,60000.00,0.00,220000.00,100000.00
ORD-00332,2026-04-23,Completed,E-Wallet,CUST-0140,Yudi Utami,Home Office,Denpasar,Bali & Nusa Tenggara,PROD-018,Botol Minum Tumbler 500ml,Perlengkapan Rumah,Dapur & Makan,1,95000.00,48000.00,0.15,80750.00,32750.00
ORD-00332,2026-04-23,Completed,E-Wallet,CUST-0140,Yudi Utami,Home Office,Denpasar,Bali & Nusa Tenggara,PROD-001,Mouse Wireless M185,Elektronik,Aksesoris Komputer,1,150000.00,95000.00,0.00,150000.00,55000.00
ORD-00332,2026-04-23,Completed,E-Wallet,CUST-0140,Yudi Utami,Home Office,Denpasar,Bali & Nusa Tenggara,PROD-015,Blouse Wanita Casual,Pakaian,Wanita,1,135000.00,70000.00,0.00,135000.00,65000.00
ORD-00807,2025-07-25,Completed,COD,CUST-0140,Yudi Utami,Home Office,Denpasar,Bali & Nusa Tenggara,PROD-009,Earphones TWS Bluetooth 5.3,Elektronik,Audio,1,250000.00,140000.00,0.15,212500.00,72500.00
ORD-00807,2025-07-25,Completed,COD,CUST-0140,Yudi Utami,Home Office,Denpasar,Bali & Nusa Tenggara,PROD-018,Botol Minum Tumbler 500ml,Perlengkapan Rumah,Dapur & Makan,2,95000.00,48000.00,0.00,190000.00,94000.00
ORD-01074,2025-09-22,Completed,Credit Card,CUST-0140,Yudi Utami,Home Office,Denpasar,Bali & Nusa Tenggara,PROD-004,Stand Laptop Aluminium,Elektronik,Aksesoris Komputer,2,120000.00,70000.00,0.15,204000.00,64000.00
ORD-01074,2025-09-22,Completed,Credit Card,CUST-0140,Yudi Utami,Home Office,Denpasar,Bali & Nusa Tenggara,PROD-008,Webcam Full HD 1080p,Elektronik,Aksesoris Komputer,1,280000.00,175000.00,0.00,280000.00,105000.00
ORD-00171,2025-11-20,Completed,Transfer Bank,CUST-0141,Yudi Santoso,Home Office,Semarang,Jawa,PROD-002,Keyboard Mechanical RGB,Elektronik,Aksesoris Komputer,2,450000.00,280000.00,0.05,855000.00,295000.00
ORD-00326,2025-06-28,Completed,Credit Card,CUST-0141,Yudi Santoso,Home Office,Semarang,Jawa,PROD-009,Earphones TWS Bluetooth 5.3,Elektronik,Audio,3,250000.00,140000.00,0.00,750000.00,330000.00
ORD-00326,2025-06-28,Completed,Credit Card,CUST-0141,Yudi Santoso,Home Office,Semarang,Jawa,PROD-004,Stand Laptop Aluminium,Elektronik,Aksesoris Komputer,1,120000.00,70000.00,0.00,120000.00,50000.00
ORD-00427,2025-01-07,Completed,Credit Card,CUST-0141,Yudi Santoso,Home Office,Semarang,Jawa,PROD-013,Jaket Hoodie Fleece,Pakaian,Pria,1,220000.00,125000.00,0.00,220000.00,95000.00
ORD-00427,2025-01-07,Completed,Credit Card,CUST-0141,Yudi Santoso,Home Office,Semarang,Jawa,PROD-002,Keyboard Mechanical RGB,Elektronik,Aksesoris Komputer,3,450000.00,280000.00,0.00,1350000.00,510000.00
ORD-00547,2025-03-23,Completed,Transfer Bank,CUST-0141,Yudi Santoso,Home Office,Semarang,Jawa,PROD-005,Monitor 24 inch IPS 75Hz,Elektronik,Display,1,1800000.00,1350000.00,0.00,1800000.00,450000.00
ORD-01016,2026-04-05,Completed,COD,CUST-0141,Yudi Santoso,Home Office,Semarang,Jawa,PROD-023,Buku Catatan Hardcover A5,Alat Tulis & Kantor,Kertas & Buku,1,45000.00,20000.00,0.00,45000.00,25000.00
ORD-01016,2026-04-05,Completed,COD,CUST-0141,Yudi Santoso,Home Office,Semarang,Jawa,PROD-015,Blouse Wanita Casual,Pakaian,Wanita,3,135000.00,70000.00,0.00,405000.00,195000.00
ORD-00382,2025-08-24,Completed,E-Wallet,CUST-0142,Dewi Setiawan,Consumer,Jakarta Selatan,Jawa,PROD-005,Monitor 24 inch IPS 75Hz,Elektronik,Display,1,1800000.00,1350000.00,0.05,1710000.00,360000.00
ORD-00746,2025-05-22,Completed,Credit Card,CUST-0142,Dewi Setiawan,Consumer,Jakarta Selatan,Jawa,PROD-002,Keyboard Mechanical RGB,Elektronik,Aksesoris Komputer,5,450000.00,280000.00,0.00,2250000.00,850000.00
ORD-00746,2025-05-22,Completed,Credit Card,CUST-0142,Dewi Setiawan,Consumer,Jakarta Selatan,Jawa,PROD-021,Bantal Leher Memory Foam,Perlengkapan Rumah,Kebutuhan Harian,5,85000.00,42000.00,0.00,425000.00,215000.00
ORD-00974,2025-10-17,Completed,COD,CUST-0142,Dewi Setiawan,Consumer,Jakarta Selatan,Jawa,PROD-012,Kemeja Flanel Lengan Panjang,Pakaian,Pria,1,165000.00,90000.00,0.10,148500.00,58500.00
ORD-00974,2025-10-17,Completed,COD,CUST-0142,Dewi Setiawan,Consumer,Jakarta Selatan,Jawa,PROD-019,Lampu Meja LED Belajar,Perlengkapan Rumah,Dekorasi,2,110000.00,60000.00,0.00,220000.00,100000.00
ORD-00609,2025-09-09,Completed,Transfer Bank,CUST-0144,Nani Suryani,Consumer,Makassar,Sulawesi,PROD-022,Rak Sepatu Susun Plastik,Perlengkapan Rumah,Storage,2,125000.00,68000.00,0.00,250000.00,114000.00
ORD-00637,2025-04-20,Completed,COD,CUST-0144,Nani Suryani,Consumer,Makassar,Sulawesi,PROD-023,Buku Catatan Hardcover A5,Alat Tulis & Kantor,Kertas & Buku,1,45000.00,20000.00,0.05,42750.00,22750.00
ORD-00646,2025-01-16,Completed,Transfer Bank,CUST-0144,Nani Suryani,Consumer,Makassar,Sulawesi,PROD-009,Earphones TWS Bluetooth 5.3,Elektronik,Audio,2,250000.00,140000.00,0.00,500000.00,220000.00
ORD-00013,2025-01-17,Completed,COD,CUST-0145,Fajar Lestari,Consumer,Surabaya,Jawa,PROD-018,Botol Minum Tumbler 500ml,Perlengkapan Rumah,Dapur & Makan,1,95000.00,48000.00,0.05,90250.00,42250.00
ORD-00181,2025-07-06,Completed,COD,CUST-0145,Fajar Lestari,Consumer,Surabaya,Jawa,PROD-017,Topi Baseball Canvas,Pakaian,Aksesoris Fashion,1,50000.00,22000.00,0.05,47500.00,25500.00
ORD-00181,2025-07-06,Completed,COD,CUST-0145,Fajar Lestari,Consumer,Surabaya,Jawa,PROD-010,USB Flashdrive 64GB,Elektronik,Storage,1,85000.00,45000.00,0.00,85000.00,40000.00
ORD-00600,2025-02-05,Completed,Credit Card,CUST-0145,Fajar Lestari,Consumer,Surabaya,Jawa,PROD-018,Botol Minum Tumbler 500ml,Perlengkapan Rumah,Dapur & Makan,1,95000.00,48000.00,0.00,95000.00,47000.00
ORD-00744,2025-10-15,Returned,Credit Card,CUST-0145,Fajar Lestari,Consumer,Surabaya,Jawa,PROD-024,Pulpen Gel Pack 12 Pcs,Alat Tulis & Kantor,Alat Tulis,2,36000.00,18000.00,0.15,61200.00,25200.00
ORD-00744,2025-10-15,Returned,Credit Card,CUST-0145,Fajar Lestari,Consumer,Surabaya,Jawa,PROD-025,Desk Mat Deskpad Leather,Alat Tulis & Kantor,Aksesoris Meja,1,95000.00,50000.00,0.00,95000.00,45000.00
ORD-00270,2026-05-01,Completed,Transfer Bank,CUST-0146,Hendra Wijaya,Consumer,Yogyakarta,Jawa,PROD-017,Topi Baseball Canvas,Pakaian,Aksesoris Fashion,1,50000.00,22000.00,0.00,50000.00,28000.00
ORD-00270,2026-05-01,Completed,Transfer Bank,CUST-0146,Hendra Wijaya,Consumer,Yogyakarta,Jawa,PROD-014,Celana Chino Slim Fit,Pakaian,Pria,1,185000.00,100000.00,0.00,185000.00,85000.00
ORD-00270,2026-05-01,Completed,Transfer Bank,CUST-0146,Hendra Wijaya,Consumer,Yogyakarta,Jawa,PROD-018,Botol Minum Tumbler 500ml,Perlengkapan Rumah,Dapur & Makan,1,95000.00,48000.00,0.05,90250.00,42250.00
ORD-00969,2026-04-11,Completed,COD,CUST-0146,Hendra Wijaya,Consumer,Yogyakarta,Jawa,PROD-007,Powerbank 10000mAh Dual Port,Elektronik,Aksesoris Mobile,2,200000.00,120000.00,0.00,400000.00,160000.00
ORD-00969,2026-04-11,Completed,COD,CUST-0146,Hendra Wijaya,Consumer,Yogyakarta,Jawa,PROD-014,Celana Chino Slim Fit,Pakaian,Pria,1,185000.00,100000.00,0.00,185000.00,85000.00
ORD-00969,2026-04-11,Completed,COD,CUST-0146,Hendra Wijaya,Consumer,Yogyakarta,Jawa,PROD-020,Organizer Meja Acrylic,Perlengkapan Rumah,Storage,1,65000.00,32000.00,0.00,65000.00,33000.00
ORD-01056,2025-06-08,Completed,COD,CUST-0146,Hendra Wijaya,Consumer,Yogyakarta,Jawa,PROD-007,Powerbank 10000mAh Dual Port,Elektronik,Aksesoris Mobile,1,200000.00,120000.00,0.10,180000.00,60000.00
ORD-01178,2025-05-11,Completed,E-Wallet,CUST-0146,Hendra Wijaya,Consumer,Yogyakarta,Jawa,PROD-014,Celana Chino Slim Fit,Pakaian,Pria,1,185000.00,100000.00,0.00,185000.00,85000.00
ORD-00253,2025-12-27,Completed,COD,CUST-0147,Rizky Hidayat,Corporate,Yogyakarta,Jawa,PROD-008,Webcam Full HD 1080p,Elektronik,Aksesoris Komputer,1,280000.00,175000.00,0.20,224000.00,49000.00
ORD-00253,2025-12-27,Completed,COD,CUST-0147,Rizky Hidayat,Corporate,Yogyakarta,Jawa,PROD-001,Mouse Wireless M185,Elektronik,Aksesoris Komputer,2,150000.00,95000.00,0.00,300000.00,110000.00
ORD-00253,2025-12-27,Completed,COD,CUST-0147,Rizky Hidayat,Corporate,Yogyakarta,Jawa,PROD-017,Topi Baseball Canvas,Pakaian,Aksesoris Fashion,2,50000.00,22000.00,0.00,100000.00,56000.00
ORD-00985,2025-11-11,Completed,Transfer Bank,CUST-0147,Rizky Hidayat,Corporate,Yogyakarta,Jawa,PROD-017,Topi Baseball Canvas,Pakaian,Aksesoris Fashion,3,50000.00,22000.00,0.00,150000.00,84000.00
ORD-00985,2025-11-11,Completed,Transfer Bank,CUST-0147,Rizky Hidayat,Corporate,Yogyakarta,Jawa,PROD-001,Mouse Wireless M185,Elektronik,Aksesoris Komputer,2,150000.00,95000.00,0.00,300000.00,110000.00
ORD-00985,2025-11-11,Completed,Transfer Bank,CUST-0147,Rizky Hidayat,Corporate,Yogyakarta,Jawa,PROD-002,Keyboard Mechanical RGB,Elektronik,Aksesoris Komputer,1,450000.00,280000.00,0.00,450000.00,170000.00
ORD-00985,2025-11-11,Completed,Transfer Bank,CUST-0147,Rizky Hidayat,Corporate,Yogyakarta,Jawa,PROD-011,Kaos Polos Cotton Combed 30s,Pakaian,Pria,1,75000.00,35000.00,0.00,75000.00,40000.00
ORD-00035,2025-05-17,Cancelled,COD,CUST-0148,Rian Wijaya,Corporate,Bandung,Jawa,PROD-021,Bantal Leher Memory Foam,Perlengkapan Rumah,Kebutuhan Harian,3,85000.00,42000.00,0.15,216750.00,90750.00
ORD-00061,2025-11-13,Completed,E-Wallet,CUST-0148,Rian Wijaya,Corporate,Bandung,Jawa,PROD-025,Desk Mat Deskpad Leather,Alat Tulis & Kantor,Aksesoris Meja,1,95000.00,50000.00,0.00,95000.00,45000.00
ORD-00070,2026-04-06,Completed,E-Wallet,CUST-0148,Rian Wijaya,Corporate,Bandung,Jawa,PROD-014,Celana Chino Slim Fit,Pakaian,Pria,2,185000.00,100000.00,0.10,333000.00,133000.00
ORD-00070,2026-04-06,Completed,E-Wallet,CUST-0148,Rian Wijaya,Corporate,Bandung,Jawa,PROD-011,Kaos Polos Cotton Combed 30s,Pakaian,Pria,2,75000.00,35000.00,0.05,142500.00,72500.00
ORD-00131,2026-03-21,Completed,Credit Card,CUST-0148,Rian Wijaya,Corporate,Bandung,Jawa,PROD-022,Rak Sepatu Susun Plastik,Perlengkapan Rumah,Storage,5,125000.00,68000.00,0.00,625000.00,285000.00
ORD-00131,2026-03-21,Completed,Credit Card,CUST-0148,Rian Wijaya,Corporate,Bandung,Jawa,PROD-021,Bantal Leher Memory Foam,Perlengkapan Rumah,Kebutuhan Harian,2,85000.00,42000.00,0.00,170000.00,86000.00
ORD-00131,2026-03-21,Completed,Credit Card,CUST-0148,Rian Wijaya,Corporate,Bandung,Jawa,PROD-001,Mouse Wireless M185,Elektronik,Aksesoris Komputer,1,150000.00,95000.00,0.10,135000.00,40000.00
ORD-00324,2025-04-26,Completed,E-Wallet,CUST-0148,Rian Wijaya,Corporate,Bandung,Jawa,PROD-004,Stand Laptop Aluminium,Elektronik,Aksesoris Komputer,1,120000.00,70000.00,0.15,102000.00,32000.00
ORD-00510,2025-10-12,Completed,E-Wallet,CUST-0148,Rian Wijaya,Corporate,Bandung,Jawa,PROD-024,Pulpen Gel Pack 12 Pcs,Alat Tulis & Kantor,Alat Tulis,1,36000.00,18000.00,0.00,36000.00,18000.00
ORD-00510,2025-10-12,Completed,E-Wallet,CUST-0148,Rian Wijaya,Corporate,Bandung,Jawa,PROD-021,Bantal Leher Memory Foam,Perlengkapan Rumah,Kebutuhan Harian,5,85000.00,42000.00,0.10,382500.00,172500.00
ORD-00517,2025-05-21,Completed,E-Wallet,CUST-0148,Rian Wijaya,Corporate,Bandung,Jawa,PROD-019,Lampu Meja LED Belajar,Perlengkapan Rumah,Dekorasi,3,110000.00,60000.00,0.00,330000.00,150000.00
ORD-00861,2025-09-19,Completed,Transfer Bank,CUST-0148,Rian Wijaya,Corporate,Bandung,Jawa,PROD-003,Headset Gaming Surround 7.1,Elektronik,Audio,2,350000.00,210000.00,0.00,700000.00,280000.00
ORD-00861,2025-09-19,Completed,Transfer Bank,CUST-0148,Rian Wijaya,Corporate,Bandung,Jawa,PROD-001,Mouse Wireless M185,Elektronik,Aksesoris Komputer,3,150000.00,95000.00,0.10,405000.00,120000.00
ORD-00343,2026-04-25,Completed,Transfer Bank,CUST-0149,Fajar Wibowo,Consumer,Palembang,Sumatra,PROD-005,Monitor 24 inch IPS 75Hz,Elektronik,Display,1,1800000.00,1350000.00,0.00,1800000.00,450000.00
ORD-00343,2026-04-25,Completed,Transfer Bank,CUST-0149,Fajar Wibowo,Consumer,Palembang,Sumatra,PROD-014,Celana Chino Slim Fit,Pakaian,Pria,1,185000.00,100000.00,0.00,185000.00,85000.00
ORD-00343,2026-04-25,Completed,Transfer Bank,CUST-0149,Fajar Wibowo,Consumer,Palembang,Sumatra,PROD-004,Stand Laptop Aluminium,Elektronik,Aksesoris Komputer,2,120000.00,70000.00,0.00,240000.00,100000.00
ORD-00850,2025-04-13,Completed,Credit Card,CUST-0149,Fajar Wibowo,Consumer,Palembang,Sumatra,PROD-016,Tunik Batik Modern,Pakaian,Wanita,2,175000.00,95000.00,0.00,350000.00,160000.00
ORD-00850,2025-04-13,Completed,Credit Card,CUST-0149,Fajar Wibowo,Consumer,Palembang,Sumatra,PROD-022,Rak Sepatu Susun Plastik,Perlengkapan Rumah,Storage,1,125000.00,68000.00,0.00,125000.00,57000.00
ORD-00911,2025-11-27,Completed,Transfer Bank,CUST-0149,Fajar Wibowo,Consumer,Palembang,Sumatra,PROD-022,Rak Sepatu Susun Plastik,Perlengkapan Rumah,Storage,2,125000.00,68000.00,0.00,250000.00,114000.00
ORD-00911,2025-11-27,Completed,Transfer Bank,CUST-0149,Fajar Wibowo,Consumer,Palembang,Sumatra,PROD-006,Kabel Data Type-C Fast Charge,Elektronik,Aksesoris Mobile,1,35000.00,15000.00,0.00,35000.00,20000.00
ORD-00929,2025-04-25,Completed,E-Wallet,CUST-0149,Fajar Wibowo,Consumer,Palembang,Sumatra,PROD-020,Organizer Meja Acrylic,Perlengkapan Rumah,Storage,1,65000.00,32000.00,0.05,61750.00,29750.00
ORD-00516,2026-02-12,Completed,Transfer Bank,CUST-0150,Agus Hadi,Consumer,Surabaya,Jawa,PROD-016,Tunik Batik Modern,Pakaian,Wanita,1,175000.00,95000.00,0.00,175000.00,80000.00
ORD-00833,2025-01-02,Completed,Credit Card,CUST-0150,Agus Hadi,Consumer,Surabaya,Jawa,PROD-023,Buku Catatan Hardcover A5,Alat Tulis & Kantor,Kertas & Buku,1,45000.00,20000.00,0.00,45000.00,25000.00
ORD-01069,2026-01-28,Completed,E-Wallet,CUST-0150,Agus Hadi,Consumer,Surabaya,Jawa,PROD-006,Kabel Data Type-C Fast Charge,Elektronik,Aksesoris Mobile,1,35000.00,15000.00,0.05,33250.00,18250.00
ORD-00120,2025-07-15,Completed,COD,CUST-0151,Andi Setiawan,Home Office,Surabaya,Jawa,PROD-024,Pulpen Gel Pack 12 Pcs,Alat Tulis & Kantor,Alat Tulis,1,36000.00,18000.00,0.00,36000.00,18000.00
ORD-00120,2025-07-15,Completed,COD,CUST-0151,Andi Setiawan,Home Office,Surabaya,Jawa,PROD-012,Kemeja Flanel Lengan Panjang,Pakaian,Pria,1,165000.00,90000.00,0.00,165000.00,75000.00
ORD-00120,2025-07-15,Completed,COD,CUST-0151,Andi Setiawan,Home Office,Surabaya,Jawa,PROD-017,Topi Baseball Canvas,Pakaian,Aksesoris Fashion,5,50000.00,22000.00,0.00,250000.00,140000.00
ORD-00666,2025-06-07,Completed,E-Wallet,CUST-0151,Andi Setiawan,Home Office,Surabaya,Jawa,PROD-020,Organizer Meja Acrylic,Perlengkapan Rumah,Storage,1,65000.00,32000.00,0.00,65000.00,33000.00
ORD-00666,2025-06-07,Completed,E-Wallet,CUST-0151,Andi Setiawan,Home Office,Surabaya,Jawa,PROD-022,Rak Sepatu Susun Plastik,Perlengkapan Rumah,Storage,1,125000.00,68000.00,0.00,125000.00,57000.00
ORD-00666,2025-06-07,Completed,E-Wallet,CUST-0151,Andi Setiawan,Home Office,Surabaya,Jawa,PROD-007,Powerbank 10000mAh Dual Port,Elektronik,Aksesoris Mobile,2,200000.00,120000.00,0.00,400000.00,160000.00
ORD-00666,2025-06-07,Completed,E-Wallet,CUST-0151,Andi Setiawan,Home Office,Surabaya,Jawa,PROD-005,Monitor 24 inch IPS 75Hz,Elektronik,Display,2,1800000.00,1350000.00,0.00,3600000.00,900000.00
ORD-00760,2025-07-10,Returned,COD,CUST-0151,Andi Setiawan,Home Office,Surabaya,Jawa,PROD-015,Blouse Wanita Casual,Pakaian,Wanita,1,135000.00,70000.00,0.15,114750.00,44750.00
ORD-00760,2025-07-10,Returned,COD,CUST-0151,Andi Setiawan,Home Office,Surabaya,Jawa,PROD-002,Keyboard Mechanical RGB,Elektronik,Aksesoris Komputer,1,450000.00,280000.00,0.00,450000.00,170000.00
ORD-00866,2026-02-02,Completed,COD,CUST-0151,Andi Setiawan,Home Office,Surabaya,Jawa,PROD-022,Rak Sepatu Susun Plastik,Perlengkapan Rumah,Storage,2,125000.00,68000.00,0.00,250000.00,114000.00
ORD-00866,2026-02-02,Completed,COD,CUST-0151,Andi Setiawan,Home Office,Surabaya,Jawa,PROD-011,Kaos Polos Cotton Combed 30s,Pakaian,Pria,1,75000.00,35000.00,0.00,75000.00,40000.00
ORD-00081,2026-01-10,Completed,Credit Card,CUST-0152,Budi Lestari,Consumer,Semarang,Jawa,PROD-023,Buku Catatan Hardcover A5,Alat Tulis & Kantor,Kertas & Buku,1,45000.00,20000.00,0.00,45000.00,25000.00
ORD-00192,2025-03-12,Completed,Transfer Bank,CUST-0152,Budi Lestari,Consumer,Semarang,Jawa,PROD-014,Celana Chino Slim Fit,Pakaian,Pria,3,185000.00,100000.00,0.00,555000.00,255000.00
ORD-00192,2025-03-12,Completed,Transfer Bank,CUST-0152,Budi Lestari,Consumer,Semarang,Jawa,PROD-013,Jaket Hoodie Fleece,Pakaian,Pria,1,220000.00,125000.00,0.00,220000.00,95000.00
ORD-00192,2025-03-12,Completed,Transfer Bank,CUST-0152,Budi Lestari,Consumer,Semarang,Jawa,PROD-021,Bantal Leher Memory Foam,Perlengkapan Rumah,Kebutuhan Harian,1,85000.00,42000.00,0.10,76500.00,34500.00
ORD-00349,2025-01-08,Completed,E-Wallet,CUST-0152,Budi Lestari,Consumer,Semarang,Jawa,PROD-017,Topi Baseball Canvas,Pakaian,Aksesoris Fashion,5,50000.00,22000.00,0.10,225000.00,115000.00
ORD-00349,2025-01-08,Completed,E-Wallet,CUST-0152,Budi Lestari,Consumer,Semarang,Jawa,PROD-020,Organizer Meja Acrylic,Perlengkapan Rumah,Storage,1,65000.00,32000.00,0.00,65000.00,33000.00
ORD-00349,2025-01-08,Completed,E-Wallet,CUST-0152,Budi Lestari,Consumer,Semarang,Jawa,PROD-021,Bantal Leher Memory Foam,Perlengkapan Rumah,Kebutuhan Harian,2,85000.00,42000.00,0.05,161500.00,77500.00
ORD-00349,2025-01-08,Completed,E-Wallet,CUST-0152,Budi Lestari,Consumer,Semarang,Jawa,PROD-019,Lampu Meja LED Belajar,Perlengkapan Rumah,Dekorasi,2,110000.00,60000.00,0.15,187000.00,67000.00
ORD-00794,2025-07-03,Completed,E-Wallet,CUST-0152,Budi Lestari,Consumer,Semarang,Jawa,PROD-025,Desk Mat Deskpad Leather,Alat Tulis & Kantor,Aksesoris Meja,2,95000.00,50000.00,0.05,180500.00,80500.00
ORD-00505,2026-02-21,Completed,Transfer Bank,CUST-0153,Fajar Pertiwi,Consumer,Makassar,Sulawesi,PROD-001,Mouse Wireless M185,Elektronik,Aksesoris Komputer,1,150000.00,95000.00,0.00,150000.00,55000.00
ORD-00747,2025-12-02,Completed,E-Wallet,CUST-0153,Fajar Pertiwi,Consumer,Makassar,Sulawesi,PROD-010,USB Flashdrive 64GB,Elektronik,Storage,1,85000.00,45000.00,0.00,85000.00,40000.00
ORD-00747,2025-12-02,Completed,E-Wallet,CUST-0153,Fajar Pertiwi,Consumer,Makassar,Sulawesi,PROD-023,Buku Catatan Hardcover A5,Alat Tulis & Kantor,Kertas & Buku,1,45000.00,20000.00,0.00,45000.00,25000.00
ORD-00747,2025-12-02,Completed,E-Wallet,CUST-0153,Fajar Pertiwi,Consumer,Makassar,Sulawesi,PROD-007,Powerbank 10000mAh Dual Port,Elektronik,Aksesoris Mobile,1,200000.00,120000.00,0.00,200000.00,80000.00
ORD-00777,2025-02-03,Completed,Credit Card,CUST-0153,Fajar Pertiwi,Consumer,Makassar,Sulawesi,PROD-012,Kemeja Flanel Lengan Panjang,Pakaian,Pria,1,165000.00,90000.00,0.05,156750.00,66750.00
ORD-00902,2026-05-07,Completed,Credit Card,CUST-0153,Fajar Pertiwi,Consumer,Makassar,Sulawesi,PROD-003,Headset Gaming Surround 7.1,Elektronik,Audio,2,350000.00,210000.00,0.05,665000.00,245000.00
ORD-01093,2025-05-10,Completed,E-Wallet,CUST-0153,Fajar Pertiwi,Consumer,Makassar,Sulawesi,PROD-021,Bantal Leher Memory Foam,Perlengkapan Rumah,Kebutuhan Harian,1,85000.00,42000.00,0.05,80750.00,38750.00
ORD-01093,2025-05-10,Completed,E-Wallet,CUST-0153,Fajar Pertiwi,Consumer,Makassar,Sulawesi,PROD-017,Topi Baseball Canvas,Pakaian,Aksesoris Fashion,1,50000.00,22000.00,0.05,47500.00,25500.00
ORD-00063,2025-08-16,Completed,Transfer Bank,CUST-0154,Lestari Lestari,Consumer,Bandung,Jawa,PROD-024,Pulpen Gel Pack 12 Pcs,Alat Tulis & Kantor,Alat Tulis,2,36000.00,18000.00,0.05,68400.00,32400.00
ORD-00071,2025-02-07,Completed,COD,CUST-0154,Lestari Lestari,Consumer,Bandung,Jawa,PROD-018,Botol Minum Tumbler 500ml,Perlengkapan Rumah,Dapur & Makan,1,95000.00,48000.00,0.05,90250.00,42250.00
ORD-00071,2025-02-07,Completed,COD,CUST-0154,Lestari Lestari,Consumer,Bandung,Jawa,PROD-001,Mouse Wireless M185,Elektronik,Aksesoris Komputer,1,150000.00,95000.00,0.00,150000.00,55000.00
ORD-00307,2025-11-12,Returned,Credit Card,CUST-0154,Lestari Lestari,Consumer,Bandung,Jawa,PROD-021,Bantal Leher Memory Foam,Perlengkapan Rumah,Kebutuhan Harian,2,85000.00,42000.00,0.00,170000.00,86000.00
ORD-00307,2025-11-12,Returned,Credit Card,CUST-0154,Lestari Lestari,Consumer,Bandung,Jawa,PROD-017,Topi Baseball Canvas,Pakaian,Aksesoris Fashion,1,50000.00,22000.00,0.00,50000.00,28000.00
ORD-00397,2025-05-04,Completed,E-Wallet,CUST-0154,Lestari Lestari,Consumer,Bandung,Jawa,PROD-024,Pulpen Gel Pack 12 Pcs,Alat Tulis & Kantor,Alat Tulis,2,36000.00,18000.00,0.00,72000.00,36000.00
ORD-00397,2025-05-04,Completed,E-Wallet,CUST-0154,Lestari Lestari,Consumer,Bandung,Jawa,PROD-008,Webcam Full HD 1080p,Elektronik,Aksesoris Komputer,1,280000.00,175000.00,0.00,280000.00,105000.00
ORD-00397,2025-05-04,Completed,E-Wallet,CUST-0154,Lestari Lestari,Consumer,Bandung,Jawa,PROD-015,Blouse Wanita Casual,Pakaian,Wanita,2,135000.00,70000.00,0.05,256500.00,116500.00
ORD-00397,2025-05-04,Completed,E-Wallet,CUST-0154,Lestari Lestari,Consumer,Bandung,Jawa,PROD-002,Keyboard Mechanical RGB,Elektronik,Aksesoris Komputer,1,450000.00,280000.00,0.00,450000.00,170000.00
ORD-00557,2025-06-10,Completed,E-Wallet,CUST-0154,Lestari Lestari,Consumer,Bandung,Jawa,PROD-011,Kaos Polos Cotton Combed 30s,Pakaian,Pria,2,75000.00,35000.00,0.00,150000.00,80000.00
ORD-00557,2025-06-10,Completed,E-Wallet,CUST-0154,Lestari Lestari,Consumer,Bandung,Jawa,PROD-023,Buku Catatan Hardcover A5,Alat Tulis & Kantor,Kertas & Buku,1,45000.00,20000.00,0.05,42750.00,22750.00
ORD-00557,2025-06-10,Completed,E-Wallet,CUST-0154,Lestari Lestari,Consumer,Bandung,Jawa,PROD-009,Earphones TWS Bluetooth 5.3,Elektronik,Audio,2,250000.00,140000.00,0.15,425000.00,145000.00
ORD-00557,2025-06-10,Completed,E-Wallet,CUST-0154,Lestari Lestari,Consumer,Bandung,Jawa,PROD-008,Webcam Full HD 1080p,Elektronik,Aksesoris Komputer,1,280000.00,175000.00,0.05,266000.00,91000.00
ORD-00625,2025-09-20,Completed,Credit Card,CUST-0154,Lestari Lestari,Consumer,Bandung,Jawa,PROD-009,Earphones TWS Bluetooth 5.3,Elektronik,Audio,1,250000.00,140000.00,0.10,225000.00,85000.00
ORD-00625,2025-09-20,Completed,Credit Card,CUST-0154,Lestari Lestari,Consumer,Bandung,Jawa,PROD-021,Bantal Leher Memory Foam,Perlengkapan Rumah,Kebutuhan Harian,1,85000.00,42000.00,0.10,76500.00,34500.00
ORD-00625,2025-09-20,Completed,Credit Card,CUST-0154,Lestari Lestari,Consumer,Bandung,Jawa,PROD-005,Monitor 24 inch IPS 75Hz,Elektronik,Display,2,1800000.00,1350000.00,0.00,3600000.00,900000.00
ORD-01068,2026-04-30,Completed,Transfer Bank,CUST-0154,Lestari Lestari,Consumer,Bandung,Jawa,PROD-001,Mouse Wireless M185,Elektronik,Aksesoris Komputer,2,150000.00,95000.00,0.00,300000.00,110000.00
ORD-01068,2026-04-30,Completed,Transfer Bank,CUST-0154,Lestari Lestari,Consumer,Bandung,Jawa,PROD-017,Topi Baseball Canvas,Pakaian,Aksesoris Fashion,1,50000.00,22000.00,0.00,50000.00,28000.00
ORD-01068,2026-04-30,Completed,Transfer Bank,CUST-0154,Lestari Lestari,Consumer,Bandung,Jawa,PROD-014,Celana Chino Slim Fit,Pakaian,Pria,1,185000.00,100000.00,0.20,148000.00,48000.00
ORD-01068,2026-04-30,Completed,Transfer Bank,CUST-0154,Lestari Lestari,Consumer,Bandung,Jawa,PROD-023,Buku Catatan Hardcover A5,Alat Tulis & Kantor,Kertas & Buku,1,45000.00,20000.00,0.00,45000.00,25000.00
ORD-01142,2026-04-01,Completed,E-Wallet,CUST-0154,Lestari Lestari,Consumer,Bandung,Jawa,PROD-008,Webcam Full HD 1080p,Elektronik,Aksesoris Komputer,1,280000.00,175000.00,0.00,280000.00,105000.00
ORD-01142,2026-04-01,Completed,E-Wallet,CUST-0154,Lestari Lestari,Consumer,Bandung,Jawa,PROD-006,Kabel Data Type-C Fast Charge,Elektronik,Aksesoris Mobile,2,35000.00,15000.00,0.00,70000.00,40000.00
ORD-01147,2025-04-30,Returned,Transfer Bank,CUST-0154,Lestari Lestari,Consumer,Bandung,Jawa,PROD-013,Jaket Hoodie Fleece,Pakaian,Pria,2,220000.00,125000.00,0.05,418000.00,168000.00
ORD-00072,2025-12-20,Completed,E-Wallet,CUST-0155,Dian Hadi,Home Office,Jakarta Selatan,Jawa,PROD-009,Earphones TWS Bluetooth 5.3,Elektronik,Audio,1,250000.00,140000.00,0.00,250000.00,110000.00
ORD-00354,2026-01-21,Completed,Transfer Bank,CUST-0155,Dian Hadi,Home Office,Jakarta Selatan,Jawa,PROD-013,Jaket Hoodie Fleece,Pakaian,Pria,1,220000.00,125000.00,0.00,220000.00,95000.00
ORD-00354,2026-01-21,Completed,Transfer Bank,CUST-0155,Dian Hadi,Home Office,Jakarta Selatan,Jawa,PROD-003,Headset Gaming Surround 7.1,Elektronik,Audio,1,350000.00,210000.00,0.00,350000.00,140000.00
ORD-00565,2026-02-03,Cancelled,E-Wallet,CUST-0155,Dian Hadi,Home Office,Jakarta Selatan,Jawa,PROD-003,Headset Gaming Surround 7.1,Elektronik,Audio,1,350000.00,210000.00,0.00,350000.00,140000.00
ORD-00565,2026-02-03,Cancelled,E-Wallet,CUST-0155,Dian Hadi,Home Office,Jakarta Selatan,Jawa,PROD-018,Botol Minum Tumbler 500ml,Perlengkapan Rumah,Dapur & Makan,1,95000.00,48000.00,0.00,95000.00,47000.00
ORD-00565,2026-02-03,Cancelled,E-Wallet,CUST-0155,Dian Hadi,Home Office,Jakarta Selatan,Jawa,PROD-015,Blouse Wanita Casual,Pakaian,Wanita,1,135000.00,70000.00,0.05,128250.00,58250.00
ORD-00742,2025-05-10,Completed,COD,CUST-0155,Dian Hadi,Home Office,Jakarta Selatan,Jawa,PROD-022,Rak Sepatu Susun Plastik,Perlengkapan Rumah,Storage,1,125000.00,68000.00,0.10,112500.00,44500.00
ORD-00742,2025-05-10,Completed,COD,CUST-0155,Dian Hadi,Home Office,Jakarta Selatan,Jawa,PROD-009,Earphones TWS Bluetooth 5.3,Elektronik,Audio,2,250000.00,140000.00,0.00,500000.00,220000.00
ORD-00897,2025-05-29,Completed,Transfer Bank,CUST-0155,Dian Hadi,Home Office,Jakarta Selatan,Jawa,PROD-011,Kaos Polos Cotton Combed 30s,Pakaian,Pria,1,75000.00,35000.00,0.00,75000.00,40000.00
ORD-00005,2025-03-18,Completed,Transfer Bank,CUST-0156,Bambang Hidayat,Consumer,Yogyakarta,Jawa,PROD-015,Blouse Wanita Casual,Pakaian,Wanita,1,135000.00,70000.00,0.00,135000.00,65000.00
ORD-00005,2025-03-18,Completed,Transfer Bank,CUST-0156,Bambang Hidayat,Consumer,Yogyakarta,Jawa,PROD-005,Monitor 24 inch IPS 75Hz,Elektronik,Display,1,1800000.00,1350000.00,0.00,1800000.00,450000.00
ORD-00018,2025-08-13,Completed,COD,CUST-0156,Bambang Hidayat,Consumer,Yogyakarta,Jawa,PROD-025,Desk Mat Deskpad Leather,Alat Tulis & Kantor,Aksesoris Meja,2,95000.00,50000.00,0.15,161500.00,61500.00
ORD-00018,2025-08-13,Completed,COD,CUST-0156,Bambang Hidayat,Consumer,Yogyakarta,Jawa,PROD-015,Blouse Wanita Casual,Pakaian,Wanita,1,135000.00,70000.00,0.00,135000.00,65000.00
ORD-00094,2025-03-13,Completed,COD,CUST-0156,Bambang Hidayat,Consumer,Yogyakarta,Jawa,PROD-008,Webcam Full HD 1080p,Elektronik,Aksesoris Komputer,1,280000.00,175000.00,0.20,224000.00,49000.00
ORD-00466,2025-08-23,Completed,Transfer Bank,CUST-0156,Bambang Hidayat,Consumer,Yogyakarta,Jawa,PROD-006,Kabel Data Type-C Fast Charge,Elektronik,Aksesoris Mobile,1,35000.00,15000.00,0.00,35000.00,20000.00
ORD-00466,2025-08-23,Completed,Transfer Bank,CUST-0156,Bambang Hidayat,Consumer,Yogyakarta,Jawa,PROD-003,Headset Gaming Surround 7.1,Elektronik,Audio,2,350000.00,210000.00,0.00,700000.00,280000.00
ORD-00622,2025-03-22,Completed,Transfer Bank,CUST-0156,Bambang Hidayat,Consumer,Yogyakarta,Jawa,PROD-015,Blouse Wanita Casual,Pakaian,Wanita,1,135000.00,70000.00,0.00,135000.00,65000.00
ORD-00622,2025-03-22,Completed,Transfer Bank,CUST-0156,Bambang Hidayat,Consumer,Yogyakarta,Jawa,PROD-018,Botol Minum Tumbler 500ml,Perlengkapan Rumah,Dapur & Makan,1,95000.00,48000.00,0.00,95000.00,47000.00
ORD-00622,2025-03-22,Completed,Transfer Bank,CUST-0156,Bambang Hidayat,Consumer,Yogyakarta,Jawa,PROD-001,Mouse Wireless M185,Elektronik,Aksesoris Komputer,2,150000.00,95000.00,0.00,300000.00,110000.00
ORD-00720,2025-01-11,Completed,Credit Card,CUST-0156,Bambang Hidayat,Consumer,Yogyakarta,Jawa,PROD-011,Kaos Polos Cotton Combed 30s,Pakaian,Pria,2,75000.00,35000.00,0.00,150000.00,80000.00
ORD-00720,2025-01-11,Completed,Credit Card,CUST-0156,Bambang Hidayat,Consumer,Yogyakarta,Jawa,PROD-004,Stand Laptop Aluminium,Elektronik,Aksesoris Komputer,2,120000.00,70000.00,0.00,240000.00,100000.00
ORD-00720,2025-01-11,Completed,Credit Card,CUST-0156,Bambang Hidayat,Consumer,Yogyakarta,Jawa,PROD-023,Buku Catatan Hardcover A5,Alat Tulis & Kantor,Kertas & Buku,1,45000.00,20000.00,0.00,45000.00,25000.00
ORD-00828,2026-02-27,Completed,E-Wallet,CUST-0156,Bambang Hidayat,Consumer,Yogyakarta,Jawa,PROD-024,Pulpen Gel Pack 12 Pcs,Alat Tulis & Kantor,Alat Tulis,1,36000.00,18000.00,0.05,34200.00,16200.00
ORD-00828,2026-02-27,Completed,E-Wallet,CUST-0156,Bambang Hidayat,Consumer,Yogyakarta,Jawa,PROD-011,Kaos Polos Cotton Combed 30s,Pakaian,Pria,1,75000.00,35000.00,0.00,75000.00,40000.00
ORD-00828,2026-02-27,Completed,E-Wallet,CUST-0156,Bambang Hidayat,Consumer,Yogyakarta,Jawa,PROD-022,Rak Sepatu Susun Plastik,Perlengkapan Rumah,Storage,2,125000.00,68000.00,0.15,212500.00,76500.00
ORD-00828,2026-02-27,Completed,E-Wallet,CUST-0156,Bambang Hidayat,Consumer,Yogyakarta,Jawa,PROD-021,Bantal Leher Memory Foam,Perlengkapan Rumah,Kebutuhan Harian,1,85000.00,42000.00,0.00,85000.00,43000.00
ORD-01065,2025-07-31,Completed,Transfer Bank,CUST-0156,Bambang Hidayat,Consumer,Yogyakarta,Jawa,PROD-013,Jaket Hoodie Fleece,Pakaian,Pria,1,220000.00,125000.00,0.05,209000.00,84000.00
ORD-01127,2026-01-11,Completed,Transfer Bank,CUST-0156,Bambang Hidayat,Consumer,Yogyakarta,Jawa,PROD-006,Kabel Data Type-C Fast Charge,Elektronik,Aksesoris Mobile,1,35000.00,15000.00,0.20,28000.00,13000.00
ORD-01127,2026-01-11,Completed,Transfer Bank,CUST-0156,Bambang Hidayat,Consumer,Yogyakarta,Jawa,PROD-012,Kemeja Flanel Lengan Panjang,Pakaian,Pria,1,165000.00,90000.00,0.00,165000.00,75000.00
ORD-01127,2026-01-11,Completed,Transfer Bank,CUST-0156,Bambang Hidayat,Consumer,Yogyakarta,Jawa,PROD-005,Monitor 24 inch IPS 75Hz,Elektronik,Display,1,1800000.00,1350000.00,0.05,1710000.00,360000.00
ORD-00240,2025-06-17,Completed,COD,CUST-0157,Indah Wijaya,Corporate,Bandung,Jawa,PROD-012,Kemeja Flanel Lengan Panjang,Pakaian,Pria,3,165000.00,90000.00,0.00,495000.00,225000.00
ORD-00740,2025-04-25,Completed,Credit Card,CUST-0157,Indah Wijaya,Corporate,Bandung,Jawa,PROD-013,Jaket Hoodie Fleece,Pakaian,Pria,1,220000.00,125000.00,0.00,220000.00,95000.00
ORD-00776,2025-07-16,Completed,E-Wallet,CUST-0157,Indah Wijaya,Corporate,Bandung,Jawa,PROD-008,Webcam Full HD 1080p,Elektronik,Aksesoris Komputer,1,280000.00,175000.00,0.00,280000.00,105000.00
ORD-00905,2025-10-03,Completed,E-Wallet,CUST-0157,Indah Wijaya,Corporate,Bandung,Jawa,PROD-007,Powerbank 10000mAh Dual Port,Elektronik,Aksesoris Mobile,1,200000.00,120000.00,0.05,190000.00,70000.00
ORD-00905,2025-10-03,Completed,E-Wallet,CUST-0157,Indah Wijaya,Corporate,Bandung,Jawa,PROD-003,Headset Gaming Surround 7.1,Elektronik,Audio,2,350000.00,210000.00,0.15,595000.00,175000.00
ORD-00905,2025-10-03,Completed,E-Wallet,CUST-0157,Indah Wijaya,Corporate,Bandung,Jawa,PROD-021,Bantal Leher Memory Foam,Perlengkapan Rumah,Kebutuhan Harian,2,85000.00,42000.00,0.00,170000.00,86000.00
ORD-00905,2025-10-03,Completed,E-Wallet,CUST-0157,Indah Wijaya,Corporate,Bandung,Jawa,PROD-019,Lampu Meja LED Belajar,Perlengkapan Rumah,Dekorasi,2,110000.00,60000.00,0.00,220000.00,100000.00
ORD-00017,2025-01-31,Completed,Credit Card,CUST-0158,Agus Hidayat,Corporate,Medan,Sumatra,PROD-018,Botol Minum Tumbler 500ml,Perlengkapan Rumah,Dapur & Makan,1,95000.00,48000.00,0.15,80750.00,32750.00
ORD-00017,2025-01-31,Completed,Credit Card,CUST-0158,Agus Hidayat,Corporate,Medan,Sumatra,PROD-014,Celana Chino Slim Fit,Pakaian,Pria,1,185000.00,100000.00,0.00,185000.00,85000.00
ORD-00356,2025-12-08,Completed,E-Wallet,CUST-0158,Agus Hidayat,Corporate,Medan,Sumatra,PROD-024,Pulpen Gel Pack 12 Pcs,Alat Tulis & Kantor,Alat Tulis,1,36000.00,18000.00,0.00,36000.00,18000.00
ORD-01064,2026-02-17,Completed,Credit Card,CUST-0158,Agus Hidayat,Corporate,Medan,Sumatra,PROD-018,Botol Minum Tumbler 500ml,Perlengkapan Rumah,Dapur & Makan,1,95000.00,48000.00,0.10,85500.00,37500.00
ORD-01064,2026-02-17,Completed,Credit Card,CUST-0158,Agus Hidayat,Corporate,Medan,Sumatra,PROD-015,Blouse Wanita Casual,Pakaian,Wanita,2,135000.00,70000.00,0.00,270000.00,130000.00
ORD-00138,2025-04-03,Completed,Credit Card,CUST-0159,Rina Kurniawan,Consumer,Yogyakarta,Jawa,PROD-019,Lampu Meja LED Belajar,Perlengkapan Rumah,Dekorasi,3,110000.00,60000.00,0.00,330000.00,150000.00
ORD-00138,2025-04-03,Completed,Credit Card,CUST-0159,Rina Kurniawan,Consumer,Yogyakarta,Jawa,PROD-008,Webcam Full HD 1080p,Elektronik,Aksesoris Komputer,2,280000.00,175000.00,0.00,560000.00,210000.00
ORD-00172,2025-06-30,Completed,COD,CUST-0159,Rina Kurniawan,Consumer,Yogyakarta,Jawa,PROD-008,Webcam Full HD 1080p,Elektronik,Aksesoris Komputer,3,280000.00,175000.00,0.10,756000.00,231000.00
ORD-00187,2025-11-01,Completed,COD,CUST-0159,Rina Kurniawan,Consumer,Yogyakarta,Jawa,PROD-019,Lampu Meja LED Belajar,Perlengkapan Rumah,Dekorasi,2,110000.00,60000.00,0.15,187000.00,67000.00
ORD-00187,2025-11-01,Completed,COD,CUST-0159,Rina Kurniawan,Consumer,Yogyakarta,Jawa,PROD-012,Kemeja Flanel Lengan Panjang,Pakaian,Pria,1,165000.00,90000.00,0.10,148500.00,58500.00
ORD-00357,2025-07-27,Completed,Transfer Bank,CUST-0160,Lestari Hadi,Corporate,Makassar,Sulawesi,PROD-024,Pulpen Gel Pack 12 Pcs,Alat Tulis & Kantor,Alat Tulis,2,36000.00,18000.00,0.00,72000.00,36000.00
ORD-00357,2025-07-27,Completed,Transfer Bank,CUST-0160,Lestari Hadi,Corporate,Makassar,Sulawesi,PROD-022,Rak Sepatu Susun Plastik,Perlengkapan Rumah,Storage,1,125000.00,68000.00,0.10,112500.00,44500.00
ORD-01091,2025-08-31,Completed,Credit Card,CUST-0160,Lestari Hadi,Corporate,Makassar,Sulawesi,PROD-014,Celana Chino Slim Fit,Pakaian,Pria,1,185000.00,100000.00,0.05,175750.00,75750.00
ORD-01091,2025-08-31,Completed,Credit Card,CUST-0160,Lestari Hadi,Corporate,Makassar,Sulawesi,PROD-004,Stand Laptop Aluminium,Elektronik,Aksesoris Komputer,1,120000.00,70000.00,0.15,102000.00,32000.00
ORD-01091,2025-08-31,Completed,Credit Card,CUST-0160,Lestari Hadi,Corporate,Makassar,Sulawesi,PROD-001,Mouse Wireless M185,Elektronik,Aksesoris Komputer,3,150000.00,95000.00,0.00,450000.00,165000.00
ORD-01091,2025-08-31,Completed,Credit Card,CUST-0160,Lestari Hadi,Corporate,Makassar,Sulawesi,PROD-003,Headset Gaming Surround 7.1,Elektronik,Audio,5,350000.00,210000.00,0.05,1662500.00,612500.00
ORD-00282,2025-06-24,Completed,Credit Card,CUST-0161,Lestari Wijaya,Consumer,Jakarta Selatan,Jawa,PROD-020,Organizer Meja Acrylic,Perlengkapan Rumah,Storage,2,65000.00,32000.00,0.10,117000.00,53000.00
ORD-00282,2025-06-24,Completed,Credit Card,CUST-0161,Lestari Wijaya,Consumer,Jakarta Selatan,Jawa,PROD-025,Desk Mat Deskpad Leather,Alat Tulis & Kantor,Aksesoris Meja,3,95000.00,50000.00,0.05,270750.00,120750.00
ORD-00289,2026-04-24,Completed,E-Wallet,CUST-0161,Lestari Wijaya,Consumer,Jakarta Selatan,Jawa,PROD-023,Buku Catatan Hardcover A5,Alat Tulis & Kantor,Kertas & Buku,2,45000.00,20000.00,0.00,90000.00,50000.00
ORD-00316,2025-04-08,Completed,COD,CUST-0161,Lestari Wijaya,Consumer,Jakarta Selatan,Jawa,PROD-022,Rak Sepatu Susun Plastik,Perlengkapan Rumah,Storage,5,125000.00,68000.00,0.00,625000.00,285000.00
ORD-00412,2026-04-14,Completed,COD,CUST-0161,Lestari Wijaya,Consumer,Jakarta Selatan,Jawa,PROD-006,Kabel Data Type-C Fast Charge,Elektronik,Aksesoris Mobile,1,35000.00,15000.00,0.05,33250.00,18250.00
ORD-00412,2026-04-14,Completed,COD,CUST-0161,Lestari Wijaya,Consumer,Jakarta Selatan,Jawa,PROD-013,Jaket Hoodie Fleece,Pakaian,Pria,5,220000.00,125000.00,0.05,1045000.00,420000.00
ORD-00412,2026-04-14,Completed,COD,CUST-0161,Lestari Wijaya,Consumer,Jakarta Selatan,Jawa,PROD-008,Webcam Full HD 1080p,Elektronik,Aksesoris Komputer,1,280000.00,175000.00,0.00,280000.00,105000.00
ORD-00802,2025-07-04,Completed,COD,CUST-0161,Lestari Wijaya,Consumer,Jakarta Selatan,Jawa,PROD-008,Webcam Full HD 1080p,Elektronik,Aksesoris Komputer,2,280000.00,175000.00,0.00,560000.00,210000.00
ORD-00814,2025-01-24,Completed,Transfer Bank,CUST-0161,Lestari Wijaya,Consumer,Jakarta Selatan,Jawa,PROD-009,Earphones TWS Bluetooth 5.3,Elektronik,Audio,1,250000.00,140000.00,0.00,250000.00,110000.00
ORD-00849,2026-03-08,Completed,E-Wallet,CUST-0161,Lestari Wijaya,Consumer,Jakarta Selatan,Jawa,PROD-020,Organizer Meja Acrylic,Perlengkapan Rumah,Storage,1,65000.00,32000.00,0.10,58500.00,26500.00
ORD-01008,2025-10-11,Completed,Credit Card,CUST-0161,Lestari Wijaya,Consumer,Jakarta Selatan,Jawa,PROD-007,Powerbank 10000mAh Dual Port,Elektronik,Aksesoris Mobile,1,200000.00,120000.00,0.00,200000.00,80000.00
ORD-00614,2025-05-02,Completed,COD,CUST-0162,Dian Saputra,Corporate,Palembang,Sumatra,PROD-004,Stand Laptop Aluminium,Elektronik,Aksesoris Komputer,2,120000.00,70000.00,0.10,216000.00,76000.00
ORD-01004,2025-12-13,Returned,COD,CUST-0162,Dian Saputra,Corporate,Palembang,Sumatra,PROD-020,Organizer Meja Acrylic,Perlengkapan Rumah,Storage,1,65000.00,32000.00,0.05,61750.00,29750.00
ORD-01004,2025-12-13,Returned,COD,CUST-0162,Dian Saputra,Corporate,Palembang,Sumatra,PROD-014,Celana Chino Slim Fit,Pakaian,Pria,1,185000.00,100000.00,0.00,185000.00,85000.00
ORD-01015,2026-03-11,Completed,COD,CUST-0162,Dian Saputra,Corporate,Palembang,Sumatra,PROD-002,Keyboard Mechanical RGB,Elektronik,Aksesoris Komputer,2,450000.00,280000.00,0.15,765000.00,205000.00
ORD-00325,2025-12-20,Completed,COD,CUST-0163,Maya Santoso,Corporate,Palembang,Sumatra,PROD-005,Monitor 24 inch IPS 75Hz,Elektronik,Display,1,1800000.00,1350000.00,0.00,1800000.00,450000.00
ORD-00325,2025-12-20,Completed,COD,CUST-0163,Maya Santoso,Corporate,Palembang,Sumatra,PROD-024,Pulpen Gel Pack 12 Pcs,Alat Tulis & Kantor,Alat Tulis,5,36000.00,18000.00,0.00,180000.00,90000.00
ORD-00569,2025-09-28,Completed,E-Wallet,CUST-0163,Maya Santoso,Corporate,Palembang,Sumatra,PROD-005,Monitor 24 inch IPS 75Hz,Elektronik,Display,2,1800000.00,1350000.00,0.00,3600000.00,900000.00
ORD-00874,2025-02-07,Completed,E-Wallet,CUST-0163,Maya Santoso,Corporate,Palembang,Sumatra,PROD-020,Organizer Meja Acrylic,Perlengkapan Rumah,Storage,1,65000.00,32000.00,0.10,58500.00,26500.00
ORD-01102,2025-03-06,Completed,Credit Card,CUST-0163,Maya Santoso,Corporate,Palembang,Sumatra,PROD-017,Topi Baseball Canvas,Pakaian,Aksesoris Fashion,2,50000.00,22000.00,0.20,80000.00,36000.00
ORD-00209,2025-07-11,Completed,Transfer Bank,CUST-0164,Lestari Lestari,Corporate,Jakarta Selatan,Jawa,PROD-019,Lampu Meja LED Belajar,Perlengkapan Rumah,Dekorasi,1,110000.00,60000.00,0.00,110000.00,50000.00
ORD-00470,2025-06-10,Completed,Credit Card,CUST-0164,Lestari Lestari,Corporate,Jakarta Selatan,Jawa,PROD-008,Webcam Full HD 1080p,Elektronik,Aksesoris Komputer,1,280000.00,175000.00,0.00,280000.00,105000.00
ORD-00470,2025-06-10,Completed,Credit Card,CUST-0164,Lestari Lestari,Corporate,Jakarta Selatan,Jawa,PROD-011,Kaos Polos Cotton Combed 30s,Pakaian,Pria,2,75000.00,35000.00,0.00,150000.00,80000.00
ORD-00645,2025-05-19,Completed,E-Wallet,CUST-0164,Lestari Lestari,Corporate,Jakarta Selatan,Jawa,PROD-024,Pulpen Gel Pack 12 Pcs,Alat Tulis & Kantor,Alat Tulis,1,36000.00,18000.00,0.00,36000.00,18000.00
ORD-00027,2025-06-28,Completed,Transfer Bank,CUST-0165,Lestari Santoso,Consumer,Balikpapan,Kalimantan,PROD-013,Jaket Hoodie Fleece,Pakaian,Pria,5,220000.00,125000.00,0.05,1045000.00,420000.00
ORD-00027,2025-06-28,Completed,Transfer Bank,CUST-0165,Lestari Santoso,Consumer,Balikpapan,Kalimantan,PROD-025,Desk Mat Deskpad Leather,Alat Tulis & Kantor,Aksesoris Meja,1,95000.00,50000.00,0.00,95000.00,45000.00
ORD-00390,2025-10-23,Completed,E-Wallet,CUST-0165,Lestari Santoso,Consumer,Balikpapan,Kalimantan,PROD-010,USB Flashdrive 64GB,Elektronik,Storage,2,85000.00,45000.00,0.00,170000.00,80000.00
ORD-00390,2025-10-23,Completed,E-Wallet,CUST-0165,Lestari Santoso,Consumer,Balikpapan,Kalimantan,PROD-009,Earphones TWS Bluetooth 5.3,Elektronik,Audio,3,250000.00,140000.00,0.05,712500.00,292500.00
ORD-00408,2025-07-23,Cancelled,Credit Card,CUST-0165,Lestari Santoso,Consumer,Balikpapan,Kalimantan,PROD-023,Buku Catatan Hardcover A5,Alat Tulis & Kantor,Kertas & Buku,2,45000.00,20000.00,0.00,90000.00,50000.00
ORD-00408,2025-07-23,Cancelled,Credit Card,CUST-0165,Lestari Santoso,Consumer,Balikpapan,Kalimantan,PROD-024,Pulpen Gel Pack 12 Pcs,Alat Tulis & Kantor,Alat Tulis,1,36000.00,18000.00,0.00,36000.00,18000.00
ORD-00408,2025-07-23,Cancelled,Credit Card,CUST-0165,Lestari Santoso,Consumer,Balikpapan,Kalimantan,PROD-016,Tunik Batik Modern,Pakaian,Wanita,1,175000.00,95000.00,0.00,175000.00,80000.00
ORD-00532,2025-05-08,Completed,E-Wallet,CUST-0165,Lestari Santoso,Consumer,Balikpapan,Kalimantan,PROD-011,Kaos Polos Cotton Combed 30s,Pakaian,Pria,1,75000.00,35000.00,0.05,71250.00,36250.00
ORD-00644,2025-06-26,Completed,COD,CUST-0165,Lestari Santoso,Consumer,Balikpapan,Kalimantan,PROD-010,USB Flashdrive 64GB,Elektronik,Storage,2,85000.00,45000.00,0.00,170000.00,80000.00
ORD-00845,2025-12-03,Completed,COD,CUST-0165,Lestari Santoso,Consumer,Balikpapan,Kalimantan,PROD-008,Webcam Full HD 1080p,Elektronik,Aksesoris Komputer,1,280000.00,175000.00,0.05,266000.00,91000.00
ORD-00881,2026-05-06,Completed,COD,CUST-0165,Lestari Santoso,Consumer,Balikpapan,Kalimantan,PROD-022,Rak Sepatu Susun Plastik,Perlengkapan Rumah,Storage,1,125000.00,68000.00,0.15,106250.00,38250.00
ORD-01113,2026-02-02,Completed,Transfer Bank,CUST-0165,Lestari Santoso,Consumer,Balikpapan,Kalimantan,PROD-013,Jaket Hoodie Fleece,Pakaian,Pria,2,220000.00,125000.00,0.00,440000.00,190000.00
ORD-00169,2025-12-15,Returned,Credit Card,CUST-0166,Ahmad Kurniawan,Home Office,Jakarta Selatan,Jawa,PROD-007,Powerbank 10000mAh Dual Port,Elektronik,Aksesoris Mobile,2,200000.00,120000.00,0.10,360000.00,120000.00
ORD-00352,2025-04-05,Completed,E-Wallet,CUST-0166,Ahmad Kurniawan,Home Office,Jakarta Selatan,Jawa,PROD-013,Jaket Hoodie Fleece,Pakaian,Pria,1,220000.00,125000.00,0.00,220000.00,95000.00
ORD-00528,2025-11-02,Completed,Credit Card,CUST-0166,Ahmad Kurniawan,Home Office,Jakarta Selatan,Jawa,PROD-019,Lampu Meja LED Belajar,Perlengkapan Rumah,Dekorasi,1,110000.00,60000.00,0.05,104500.00,44500.00
ORD-00658,2025-06-24,Completed,Transfer Bank,CUST-0166,Ahmad Kurniawan,Home Office,Jakarta Selatan,Jawa,PROD-016,Tunik Batik Modern,Pakaian,Wanita,1,175000.00,95000.00,0.05,166250.00,71250.00
ORD-00658,2025-06-24,Completed,Transfer Bank,CUST-0166,Ahmad Kurniawan,Home Office,Jakarta Selatan,Jawa,PROD-017,Topi Baseball Canvas,Pakaian,Aksesoris Fashion,1,50000.00,22000.00,0.05,47500.00,25500.00
ORD-00458,2025-11-02,Completed,COD,CUST-0167,Maya Kurniawan,Consumer,Makassar,Sulawesi,PROD-025,Desk Mat Deskpad Leather,Alat Tulis & Kantor,Aksesoris Meja,5,95000.00,50000.00,0.00,475000.00,225000.00
ORD-01024,2025-07-14,Completed,Credit Card,CUST-0167,Maya Kurniawan,Consumer,Makassar,Sulawesi,PROD-020,Organizer Meja Acrylic,Perlengkapan Rumah,Storage,1,65000.00,32000.00,0.00,65000.00,33000.00
ORD-01042,2026-02-04,Completed,COD,CUST-0167,Maya Kurniawan,Consumer,Makassar,Sulawesi,PROD-013,Jaket Hoodie Fleece,Pakaian,Pria,2,220000.00,125000.00,0.15,374000.00,124000.00
ORD-01042,2026-02-04,Completed,COD,CUST-0167,Maya Kurniawan,Consumer,Makassar,Sulawesi,PROD-006,Kabel Data Type-C Fast Charge,Elektronik,Aksesoris Mobile,1,35000.00,15000.00,0.20,28000.00,13000.00
ORD-01042,2026-02-04,Completed,COD,CUST-0167,Maya Kurniawan,Consumer,Makassar,Sulawesi,PROD-020,Organizer Meja Acrylic,Perlengkapan Rumah,Storage,1,65000.00,32000.00,0.00,65000.00,33000.00
ORD-01095,2025-05-01,Completed,Transfer Bank,CUST-0167,Maya Kurniawan,Consumer,Makassar,Sulawesi,PROD-018,Botol Minum Tumbler 500ml,Perlengkapan Rumah,Dapur & Makan,3,95000.00,48000.00,0.05,270750.00,126750.00
ORD-01136,2026-04-08,Cancelled,Credit Card,CUST-0167,Maya Kurniawan,Consumer,Makassar,Sulawesi,PROD-022,Rak Sepatu Susun Plastik,Perlengkapan Rumah,Storage,2,125000.00,68000.00,0.00,250000.00,114000.00
ORD-00615,2025-12-25,Completed,Credit Card,CUST-0168,Titi Aminah,Consumer,Balikpapan,Kalimantan,PROD-012,Kemeja Flanel Lengan Panjang,Pakaian,Pria,2,165000.00,90000.00,0.15,280500.00,100500.00
ORD-00623,2025-04-21,Completed,E-Wallet,CUST-0168,Titi Aminah,Consumer,Balikpapan,Kalimantan,PROD-004,Stand Laptop Aluminium,Elektronik,Aksesoris Komputer,2,120000.00,70000.00,0.00,240000.00,100000.00
ORD-01156,2025-10-04,Completed,E-Wallet,CUST-0168,Titi Aminah,Consumer,Balikpapan,Kalimantan,PROD-011,Kaos Polos Cotton Combed 30s,Pakaian,Pria,2,75000.00,35000.00,0.05,142500.00,72500.00
ORD-00415,2025-06-01,Completed,E-Wallet,CUST-0169,Nani Hidayat,Consumer,Semarang,Jawa,PROD-016,Tunik Batik Modern,Pakaian,Wanita,1,175000.00,95000.00,0.00,175000.00,80000.00
ORD-00915,2025-06-12,Completed,Credit Card,CUST-0169,Nani Hidayat,Consumer,Semarang,Jawa,PROD-015,Blouse Wanita Casual,Pakaian,Wanita,1,135000.00,70000.00,0.00,135000.00,65000.00
ORD-00915,2025-06-12,Completed,Credit Card,CUST-0169,Nani Hidayat,Consumer,Semarang,Jawa,PROD-012,Kemeja Flanel Lengan Panjang,Pakaian,Pria,2,165000.00,90000.00,0.10,297000.00,117000.00
ORD-00915,2025-06-12,Completed,Credit Card,CUST-0169,Nani Hidayat,Consumer,Semarang,Jawa,PROD-020,Organizer Meja Acrylic,Perlengkapan Rumah,Storage,1,65000.00,32000.00,0.00,65000.00,33000.00
ORD-01194,2026-05-12,Completed,COD,CUST-0169,Nani Hidayat,Consumer,Semarang,Jawa,PROD-004,Stand Laptop Aluminium,Elektronik,Aksesoris Komputer,2,120000.00,70000.00,0.00,240000.00,100000.00
ORD-01194,2026-05-12,Completed,COD,CUST-0169,Nani Hidayat,Consumer,Semarang,Jawa,PROD-003,Headset Gaming Surround 7.1,Elektronik,Audio,3,350000.00,210000.00,0.00,1050000.00,420000.00
ORD-01194,2026-05-12,Completed,COD,CUST-0169,Nani Hidayat,Consumer,Semarang,Jawa,PROD-010,USB Flashdrive 64GB,Elektronik,Storage,3,85000.00,45000.00,0.10,229500.00,94500.00
ORD-00436,2025-09-13,Completed,Transfer Bank,CUST-0170,Siti Utami,Corporate,Medan,Sumatra,PROD-020,Organizer Meja Acrylic,Perlengkapan Rumah,Storage,1,65000.00,32000.00,0.00,65000.00,33000.00
ORD-00633,2025-02-17,Completed,Transfer Bank,CUST-0170,Siti Utami,Corporate,Medan,Sumatra,PROD-010,USB Flashdrive 64GB,Elektronik,Storage,1,85000.00,45000.00,0.05,80750.00,35750.00
ORD-00670,2026-04-25,Completed,Transfer Bank,CUST-0170,Siti Utami,Corporate,Medan,Sumatra,PROD-004,Stand Laptop Aluminium,Elektronik,Aksesoris Komputer,1,120000.00,70000.00,0.00,120000.00,50000.00
ORD-01174,2025-08-19,Completed,E-Wallet,CUST-0170,Siti Utami,Corporate,Medan,Sumatra,PROD-003,Headset Gaming Surround 7.1,Elektronik,Audio,1,350000.00,210000.00,0.00,350000.00,140000.00
ORD-00225,2026-01-31,Completed,E-Wallet,CUST-0171,Budi Suryani,Corporate,Semarang,Jawa,PROD-016,Tunik Batik Modern,Pakaian,Wanita,2,175000.00,95000.00,0.05,332500.00,142500.00
ORD-00304,2025-01-24,Completed,COD,CUST-0171,Budi Suryani,Corporate,Semarang,Jawa,PROD-018,Botol Minum Tumbler 500ml,Perlengkapan Rumah,Dapur & Makan,1,95000.00,48000.00,0.10,85500.00,37500.00
ORD-00405,2025-09-03,Completed,Credit Card,CUST-0171,Budi Suryani,Corporate,Semarang,Jawa,PROD-018,Botol Minum Tumbler 500ml,Perlengkapan Rumah,Dapur & Makan,1,95000.00,48000.00,0.15,80750.00,32750.00
ORD-00405,2025-09-03,Completed,Credit Card,CUST-0171,Budi Suryani,Corporate,Semarang,Jawa,PROD-009,Earphones TWS Bluetooth 5.3,Elektronik,Audio,1,250000.00,140000.00,0.05,237500.00,97500.00
ORD-00405,2025-09-03,Completed,Credit Card,CUST-0171,Budi Suryani,Corporate,Semarang,Jawa,PROD-014,Celana Chino Slim Fit,Pakaian,Pria,2,185000.00,100000.00,0.00,370000.00,170000.00
ORD-00210,2026-03-06,Completed,E-Wallet,CUST-0172,Rina Wijaya,Consumer,Palembang,Sumatra,PROD-001,Mouse Wireless M185,Elektronik,Aksesoris Komputer,2,150000.00,95000.00,0.10,270000.00,80000.00
ORD-00672,2026-02-25,Completed,COD,CUST-0172,Rina Wijaya,Consumer,Palembang,Sumatra,PROD-001,Mouse Wireless M185,Elektronik,Aksesoris Komputer,1,150000.00,95000.00,0.00,150000.00,55000.00
ORD-01152,2025-02-10,Returned,Credit Card,CUST-0172,Rina Wijaya,Consumer,Palembang,Sumatra,PROD-008,Webcam Full HD 1080p,Elektronik,Aksesoris Komputer,1,280000.00,175000.00,0.05,266000.00,91000.00
ORD-00274,2025-03-29,Returned,Transfer Bank,CUST-0173,Dewi Saputra,Corporate,Semarang,Jawa,PROD-025,Desk Mat Deskpad Leather,Alat Tulis & Kantor,Aksesoris Meja,1,95000.00,50000.00,0.05,90250.00,40250.00
ORD-00417,2025-10-09,Completed,Credit Card,CUST-0173,Dewi Saputra,Corporate,Semarang,Jawa,PROD-007,Powerbank 10000mAh Dual Port,Elektronik,Aksesoris Mobile,2,200000.00,120000.00,0.00,400000.00,160000.00
ORD-01045,2025-11-24,Returned,COD,CUST-0173,Dewi Saputra,Corporate,Semarang,Jawa,PROD-024,Pulpen Gel Pack 12 Pcs,Alat Tulis & Kantor,Alat Tulis,2,36000.00,18000.00,0.05,68400.00,32400.00
ORD-01045,2025-11-24,Returned,COD,CUST-0173,Dewi Saputra,Corporate,Semarang,Jawa,PROD-023,Buku Catatan Hardcover A5,Alat Tulis & Kantor,Kertas & Buku,1,45000.00,20000.00,0.00,45000.00,25000.00
ORD-01045,2025-11-24,Returned,COD,CUST-0173,Dewi Saputra,Corporate,Semarang,Jawa,PROD-003,Headset Gaming Surround 7.1,Elektronik,Audio,2,350000.00,210000.00,0.05,665000.00,245000.00
ORD-00161,2025-07-22,Completed,E-Wallet,CUST-0174,Ahmad Wijaya,Consumer,Makassar,Sulawesi,PROD-002,Keyboard Mechanical RGB,Elektronik,Aksesoris Komputer,1,450000.00,280000.00,0.05,427500.00,147500.00
ORD-00226,2025-01-23,Completed,E-Wallet,CUST-0174,Ahmad Wijaya,Consumer,Makassar,Sulawesi,PROD-009,Earphones TWS Bluetooth 5.3,Elektronik,Audio,3,250000.00,140000.00,0.00,750000.00,330000.00
ORD-00226,2025-01-23,Completed,E-Wallet,CUST-0174,Ahmad Wijaya,Consumer,Makassar,Sulawesi,PROD-014,Celana Chino Slim Fit,Pakaian,Pria,2,185000.00,100000.00,0.00,370000.00,170000.00
ORD-00816,2026-05-16,Completed,Transfer Bank,CUST-0174,Ahmad Wijaya,Consumer,Makassar,Sulawesi,PROD-011,Kaos Polos Cotton Combed 30s,Pakaian,Pria,1,75000.00,35000.00,0.00,75000.00,40000.00
ORD-00816,2026-05-16,Completed,Transfer Bank,CUST-0174,Ahmad Wijaya,Consumer,Makassar,Sulawesi,PROD-008,Webcam Full HD 1080p,Elektronik,Aksesoris Komputer,1,280000.00,175000.00,0.00,280000.00,105000.00
ORD-00838,2026-02-27,Completed,Transfer Bank,CUST-0174,Ahmad Wijaya,Consumer,Makassar,Sulawesi,PROD-016,Tunik Batik Modern,Pakaian,Wanita,1,175000.00,95000.00,0.05,166250.00,71250.00
ORD-00838,2026-02-27,Completed,Transfer Bank,CUST-0174,Ahmad Wijaya,Consumer,Makassar,Sulawesi,PROD-020,Organizer Meja Acrylic,Perlengkapan Rumah,Storage,5,65000.00,32000.00,0.10,292500.00,132500.00
ORD-00980,2025-04-20,Completed,Transfer Bank,CUST-0174,Ahmad Wijaya,Consumer,Makassar,Sulawesi,PROD-002,Keyboard Mechanical RGB,Elektronik,Aksesoris Komputer,1,450000.00,280000.00,0.00,450000.00,170000.00
ORD-00980,2025-04-20,Completed,Transfer Bank,CUST-0174,Ahmad Wijaya,Consumer,Makassar,Sulawesi,PROD-024,Pulpen Gel Pack 12 Pcs,Alat Tulis & Kantor,Alat Tulis,2,36000.00,18000.00,0.00,72000.00,36000.00
ORD-01001,2026-01-30,Completed,COD,CUST-0174,Ahmad Wijaya,Consumer,Makassar,Sulawesi,PROD-007,Powerbank 10000mAh Dual Port,Elektronik,Aksesoris Mobile,2,200000.00,120000.00,0.00,400000.00,160000.00
ORD-01001,2026-01-30,Completed,COD,CUST-0174,Ahmad Wijaya,Consumer,Makassar,Sulawesi,PROD-001,Mouse Wireless M185,Elektronik,Aksesoris Komputer,3,150000.00,95000.00,0.10,405000.00,120000.00
ORD-01001,2026-01-30,Completed,COD,CUST-0174,Ahmad Wijaya,Consumer,Makassar,Sulawesi,PROD-016,Tunik Batik Modern,Pakaian,Wanita,3,175000.00,95000.00,0.05,498750.00,213750.00
ORD-01100,2025-09-13,Completed,Transfer Bank,CUST-0174,Ahmad Wijaya,Consumer,Makassar,Sulawesi,PROD-009,Earphones TWS Bluetooth 5.3,Elektronik,Audio,1,250000.00,140000.00,0.00,250000.00,110000.00
ORD-00001,2025-08-29,Completed,E-Wallet,CUST-0175,Hendra Suryani,Corporate,Jakarta Selatan,Jawa,PROD-024,Pulpen Gel Pack 12 Pcs,Alat Tulis & Kantor,Alat Tulis,2,36000.00,18000.00,0.00,72000.00,36000.00
ORD-00001,2025-08-29,Completed,E-Wallet,CUST-0175,Hendra Suryani,Corporate,Jakarta Selatan,Jawa,PROD-003,Headset Gaming Surround 7.1,Elektronik,Audio,2,350000.00,210000.00,0.00,700000.00,280000.00
ORD-00829,2025-12-02,Completed,Credit Card,CUST-0175,Hendra Suryani,Corporate,Jakarta Selatan,Jawa,PROD-006,Kabel Data Type-C Fast Charge,Elektronik,Aksesoris Mobile,1,35000.00,15000.00,0.15,29750.00,14750.00
ORD-00178,2025-08-19,Completed,Transfer Bank,CUST-0176,Fajar Wijaya,Consumer,Medan,Sumatra,PROD-004,Stand Laptop Aluminium,Elektronik,Aksesoris Komputer,5,120000.00,70000.00,0.05,570000.00,220000.00
ORD-00178,2025-08-19,Completed,Transfer Bank,CUST-0176,Fajar Wijaya,Consumer,Medan,Sumatra,PROD-017,Topi Baseball Canvas,Pakaian,Aksesoris Fashion,2,50000.00,22000.00,0.05,95000.00,51000.00
ORD-00543,2025-10-17,Completed,Transfer Bank,CUST-0176,Fajar Wijaya,Consumer,Medan,Sumatra,PROD-019,Lampu Meja LED Belajar,Perlengkapan Rumah,Dekorasi,2,110000.00,60000.00,0.00,220000.00,100000.00
ORD-00543,2025-10-17,Completed,Transfer Bank,CUST-0176,Fajar Wijaya,Consumer,Medan,Sumatra,PROD-024,Pulpen Gel Pack 12 Pcs,Alat Tulis & Kantor,Alat Tulis,1,36000.00,18000.00,0.00,36000.00,18000.00
ORD-00779,2025-08-11,Completed,COD,CUST-0176,Fajar Wijaya,Consumer,Medan,Sumatra,PROD-023,Buku Catatan Hardcover A5,Alat Tulis & Kantor,Kertas & Buku,1,45000.00,20000.00,0.10,40500.00,20500.00
ORD-00779,2025-08-11,Completed,COD,CUST-0176,Fajar Wijaya,Consumer,Medan,Sumatra,PROD-016,Tunik Batik Modern,Pakaian,Wanita,1,175000.00,95000.00,0.20,140000.00,45000.00
ORD-01007,2025-02-17,Completed,Transfer Bank,CUST-0176,Fajar Wijaya,Consumer,Medan,Sumatra,PROD-024,Pulpen Gel Pack 12 Pcs,Alat Tulis & Kantor,Alat Tulis,2,36000.00,18000.00,0.10,64800.00,28800.00
ORD-01026,2025-05-02,Completed,Credit Card,CUST-0176,Fajar Wijaya,Consumer,Medan,Sumatra,PROD-022,Rak Sepatu Susun Plastik,Perlengkapan Rumah,Storage,1,125000.00,68000.00,0.00,125000.00,57000.00
ORD-01026,2025-05-02,Completed,Credit Card,CUST-0176,Fajar Wijaya,Consumer,Medan,Sumatra,PROD-002,Keyboard Mechanical RGB,Elektronik,Aksesoris Komputer,2,450000.00,280000.00,0.00,900000.00,340000.00
ORD-00265,2025-08-27,Completed,E-Wallet,CUST-0177,Hendra Suryani,Corporate,Semarang,Jawa,PROD-020,Organizer Meja Acrylic,Perlengkapan Rumah,Storage,1,65000.00,32000.00,0.00,65000.00,33000.00
ORD-00328,2026-04-04,Completed,E-Wallet,CUST-0177,Hendra Suryani,Corporate,Semarang,Jawa,PROD-025,Desk Mat Deskpad Leather,Alat Tulis & Kantor,Aksesoris Meja,3,95000.00,50000.00,0.10,256500.00,106500.00
ORD-00328,2026-04-04,Completed,E-Wallet,CUST-0177,Hendra Suryani,Corporate,Semarang,Jawa,PROD-014,Celana Chino Slim Fit,Pakaian,Pria,1,185000.00,100000.00,0.00,185000.00,85000.00
ORD-00714,2026-03-21,Completed,COD,CUST-0177,Hendra Suryani,Corporate,Semarang,Jawa,PROD-020,Organizer Meja Acrylic,Perlengkapan Rumah,Storage,1,65000.00,32000.00,0.00,65000.00,33000.00
ORD-00906,2026-01-19,Completed,E-Wallet,CUST-0177,Hendra Suryani,Corporate,Semarang,Jawa,PROD-001,Mouse Wireless M185,Elektronik,Aksesoris Komputer,1,150000.00,95000.00,0.05,142500.00,47500.00
ORD-00906,2026-01-19,Completed,E-Wallet,CUST-0177,Hendra Suryani,Corporate,Semarang,Jawa,PROD-010,USB Flashdrive 64GB,Elektronik,Storage,1,85000.00,45000.00,0.00,85000.00,40000.00
ORD-00942,2025-06-30,Completed,COD,CUST-0177,Hendra Suryani,Corporate,Semarang,Jawa,PROD-010,USB Flashdrive 64GB,Elektronik,Storage,1,85000.00,45000.00,0.00,85000.00,40000.00
ORD-00977,2025-05-10,Completed,COD,CUST-0177,Hendra Suryani,Corporate,Semarang,Jawa,PROD-009,Earphones TWS Bluetooth 5.3,Elektronik,Audio,2,250000.00,140000.00,0.15,425000.00,145000.00
ORD-00977,2025-05-10,Completed,COD,CUST-0177,Hendra Suryani,Corporate,Semarang,Jawa,PROD-003,Headset Gaming Surround 7.1,Elektronik,Audio,2,350000.00,210000.00,0.05,665000.00,245000.00
ORD-00163,2025-09-29,Completed,Credit Card,CUST-0179,Andi Wibowo,Home Office,Semarang,Jawa,PROD-006,Kabel Data Type-C Fast Charge,Elektronik,Aksesoris Mobile,2,35000.00,15000.00,0.20,56000.00,26000.00
ORD-00163,2025-09-29,Completed,Credit Card,CUST-0179,Andi Wibowo,Home Office,Semarang,Jawa,PROD-021,Bantal Leher Memory Foam,Perlengkapan Rumah,Kebutuhan Harian,2,85000.00,42000.00,0.00,170000.00,86000.00
ORD-00741,2025-08-05,Completed,COD,CUST-0179,Andi Wibowo,Home Office,Semarang,Jawa,PROD-016,Tunik Batik Modern,Pakaian,Wanita,1,175000.00,95000.00,0.00,175000.00,80000.00
ORD-00741,2025-08-05,Completed,COD,CUST-0179,Andi Wibowo,Home Office,Semarang,Jawa,PROD-020,Organizer Meja Acrylic,Perlengkapan Rumah,Storage,1,65000.00,32000.00,0.00,65000.00,33000.00
ORD-00525,2026-02-20,Completed,COD,CUST-0180,Hendra Kurniawan,Consumer,Balikpapan,Kalimantan,PROD-023,Buku Catatan Hardcover A5,Alat Tulis & Kantor,Kertas & Buku,1,45000.00,20000.00,0.05,42750.00,22750.00
ORD-00525,2026-02-20,Completed,COD,CUST-0180,Hendra Kurniawan,Consumer,Balikpapan,Kalimantan,PROD-022,Rak Sepatu Susun Plastik,Perlengkapan Rumah,Storage,1,125000.00,68000.00,0.00,125000.00,57000.00
ORD-00527,2026-02-17,Completed,Credit Card,CUST-0180,Hendra Kurniawan,Consumer,Balikpapan,Kalimantan,PROD-019,Lampu Meja LED Belajar,Perlengkapan Rumah,Dekorasi,2,110000.00,60000.00,0.00,220000.00,100000.00
ORD-00527,2026-02-17,Completed,Credit Card,CUST-0180,Hendra Kurniawan,Consumer,Balikpapan,Kalimantan,PROD-009,Earphones TWS Bluetooth 5.3,Elektronik,Audio,1,250000.00,140000.00,0.10,225000.00,85000.00
ORD-01040,2025-01-11,Cancelled,E-Wallet,CUST-0180,Hendra Kurniawan,Consumer,Balikpapan,Kalimantan,PROD-009,Earphones TWS Bluetooth 5.3,Elektronik,Audio,1,250000.00,140000.00,0.00,250000.00,110000.00
ORD-00219,2025-05-30,Completed,E-Wallet,CUST-0181,Budi Prasetyo,Consumer,Palembang,Sumatra,PROD-005,Monitor 24 inch IPS 75Hz,Elektronik,Display,1,1800000.00,1350000.00,0.00,1800000.00,450000.00
ORD-00219,2025-05-30,Completed,E-Wallet,CUST-0181,Budi Prasetyo,Consumer,Palembang,Sumatra,PROD-004,Stand Laptop Aluminium,Elektronik,Aksesoris Komputer,2,120000.00,70000.00,0.05,228000.00,88000.00
ORD-00242,2025-06-29,Completed,COD,CUST-0181,Budi Prasetyo,Consumer,Palembang,Sumatra,PROD-020,Organizer Meja Acrylic,Perlengkapan Rumah,Storage,1,65000.00,32000.00,0.05,61750.00,29750.00
ORD-00419,2025-03-28,Completed,E-Wallet,CUST-0181,Budi Prasetyo,Consumer,Palembang,Sumatra,PROD-001,Mouse Wireless M185,Elektronik,Aksesoris Komputer,5,150000.00,95000.00,0.15,637500.00,162500.00
ORD-00852,2025-12-30,Completed,COD,CUST-0181,Budi Prasetyo,Consumer,Palembang,Sumatra,PROD-020,Organizer Meja Acrylic,Perlengkapan Rumah,Storage,5,65000.00,32000.00,0.05,308750.00,148750.00
ORD-00852,2025-12-30,Completed,COD,CUST-0181,Budi Prasetyo,Consumer,Palembang,Sumatra,PROD-013,Jaket Hoodie Fleece,Pakaian,Pria,1,220000.00,125000.00,0.10,198000.00,73000.00
ORD-00991,2025-05-22,Completed,COD,CUST-0181,Budi Prasetyo,Consumer,Palembang,Sumatra,PROD-004,Stand Laptop Aluminium,Elektronik,Aksesoris Komputer,2,120000.00,70000.00,0.00,240000.00,100000.00
ORD-00130,2025-12-10,Completed,COD,CUST-0182,Rina Kurniawan,Consumer,Medan,Sumatra,PROD-002,Keyboard Mechanical RGB,Elektronik,Aksesoris Komputer,1,450000.00,280000.00,0.05,427500.00,147500.00
ORD-00130,2025-12-10,Completed,COD,CUST-0182,Rina Kurniawan,Consumer,Medan,Sumatra,PROD-004,Stand Laptop Aluminium,Elektronik,Aksesoris Komputer,2,120000.00,70000.00,0.00,240000.00,100000.00
ORD-00130,2025-12-10,Completed,COD,CUST-0182,Rina Kurniawan,Consumer,Medan,Sumatra,PROD-011,Kaos Polos Cotton Combed 30s,Pakaian,Pria,1,75000.00,35000.00,0.05,71250.00,36250.00
ORD-00457,2025-02-22,Completed,Transfer Bank,CUST-0182,Rina Kurniawan,Consumer,Medan,Sumatra,PROD-003,Headset Gaming Surround 7.1,Elektronik,Audio,1,350000.00,210000.00,0.00,350000.00,140000.00
ORD-00457,2025-02-22,Completed,Transfer Bank,CUST-0182,Rina Kurniawan,Consumer,Medan,Sumatra,PROD-016,Tunik Batik Modern,Pakaian,Wanita,1,175000.00,95000.00,0.00,175000.00,80000.00
ORD-00457,2025-02-22,Completed,Transfer Bank,CUST-0182,Rina Kurniawan,Consumer,Medan,Sumatra,PROD-023,Buku Catatan Hardcover A5,Alat Tulis & Kantor,Kertas & Buku,2,45000.00,20000.00,0.00,90000.00,50000.00
ORD-00482,2025-02-25,Completed,E-Wallet,CUST-0182,Rina Kurniawan,Consumer,Medan,Sumatra,PROD-017,Topi Baseball Canvas,Pakaian,Aksesoris Fashion,1,50000.00,22000.00,0.00,50000.00,28000.00
ORD-00482,2025-02-25,Completed,E-Wallet,CUST-0182,Rina Kurniawan,Consumer,Medan,Sumatra,PROD-025,Desk Mat Deskpad Leather,Alat Tulis & Kantor,Aksesoris Meja,2,95000.00,50000.00,0.00,190000.00,90000.00
ORD-00758,2025-12-02,Completed,E-Wallet,CUST-0182,Rina Kurniawan,Consumer,Medan,Sumatra,PROD-017,Topi Baseball Canvas,Pakaian,Aksesoris Fashion,1,50000.00,22000.00,0.05,47500.00,25500.00
ORD-00758,2025-12-02,Completed,E-Wallet,CUST-0182,Rina Kurniawan,Consumer,Medan,Sumatra,PROD-015,Blouse Wanita Casual,Pakaian,Wanita,2,135000.00,70000.00,0.00,270000.00,130000.00
ORD-00758,2025-12-02,Completed,E-Wallet,CUST-0182,Rina Kurniawan,Consumer,Medan,Sumatra,PROD-002,Keyboard Mechanical RGB,Elektronik,Aksesoris Komputer,1,450000.00,280000.00,0.20,360000.00,80000.00
ORD-01188,2025-06-27,Completed,Credit Card,CUST-0182,Rina Kurniawan,Consumer,Medan,Sumatra,PROD-021,Bantal Leher Memory Foam,Perlengkapan Rumah,Kebutuhan Harian,1,85000.00,42000.00,0.05,80750.00,38750.00
ORD-00624,2025-02-16,Cancelled,COD,CUST-0183,Ahmad Saputra,Home Office,Balikpapan,Kalimantan,PROD-020,Organizer Meja Acrylic,Perlengkapan Rumah,Storage,1,65000.00,32000.00,0.05,61750.00,29750.00
ORD-00664,2025-03-31,Completed,E-Wallet,CUST-0183,Ahmad Saputra,Home Office,Balikpapan,Kalimantan,PROD-005,Monitor 24 inch IPS 75Hz,Elektronik,Display,1,1800000.00,1350000.00,0.05,1710000.00,360000.00
ORD-00664,2025-03-31,Completed,E-Wallet,CUST-0183,Ahmad Saputra,Home Office,Balikpapan,Kalimantan,PROD-004,Stand Laptop Aluminium,Elektronik,Aksesoris Komputer,2,120000.00,70000.00,0.00,240000.00,100000.00
ORD-01012,2026-03-04,Completed,E-Wallet,CUST-0183,Ahmad Saputra,Home Office,Balikpapan,Kalimantan,PROD-013,Jaket Hoodie Fleece,Pakaian,Pria,2,220000.00,125000.00,0.00,440000.00,190000.00
ORD-01012,2026-03-04,Completed,E-Wallet,CUST-0183,Ahmad Saputra,Home Office,Balikpapan,Kalimantan,PROD-007,Powerbank 10000mAh Dual Port,Elektronik,Aksesoris Mobile,1,200000.00,120000.00,0.00,200000.00,80000.00
ORD-01012,2026-03-04,Completed,E-Wallet,CUST-0183,Ahmad Saputra,Home Office,Balikpapan,Kalimantan,PROD-006,Kabel Data Type-C Fast Charge,Elektronik,Aksesoris Mobile,1,35000.00,15000.00,0.00,35000.00,20000.00
ORD-01012,2026-03-04,Completed,E-Wallet,CUST-0183,Ahmad Saputra,Home Office,Balikpapan,Kalimantan,PROD-020,Organizer Meja Acrylic,Perlengkapan Rumah,Storage,1,65000.00,32000.00,0.00,65000.00,33000.00
ORD-01058,2025-01-15,Completed,Credit Card,CUST-0183,Ahmad Saputra,Home Office,Balikpapan,Kalimantan,PROD-019,Lampu Meja LED Belajar,Perlengkapan Rumah,Dekorasi,1,110000.00,60000.00,0.00,110000.00,50000.00
ORD-01058,2025-01-15,Completed,Credit Card,CUST-0183,Ahmad Saputra,Home Office,Balikpapan,Kalimantan,PROD-004,Stand Laptop Aluminium,Elektronik,Aksesoris Komputer,1,120000.00,70000.00,0.00,120000.00,50000.00
ORD-01145,2025-02-18,Completed,E-Wallet,CUST-0183,Ahmad Saputra,Home Office,Balikpapan,Kalimantan,PROD-001,Mouse Wireless M185,Elektronik,Aksesoris Komputer,2,150000.00,95000.00,0.05,285000.00,95000.00
ORD-01145,2025-02-18,Completed,E-Wallet,CUST-0183,Ahmad Saputra,Home Office,Balikpapan,Kalimantan,PROD-002,Keyboard Mechanical RGB,Elektronik,Aksesoris Komputer,1,450000.00,280000.00,0.00,450000.00,170000.00
ORD-01145,2025-02-18,Completed,E-Wallet,CUST-0183,Ahmad Saputra,Home Office,Balikpapan,Kalimantan,PROD-007,Powerbank 10000mAh Dual Port,Elektronik,Aksesoris Mobile,3,200000.00,120000.00,0.05,570000.00,210000.00
ORD-00101,2025-12-18,Completed,Transfer Bank,CUST-0184,Indah Nugroho,Home Office,Makassar,Sulawesi,PROD-020,Organizer Meja Acrylic,Perlengkapan Rumah,Storage,2,65000.00,32000.00,0.00,130000.00,66000.00
ORD-00101,2025-12-18,Completed,Transfer Bank,CUST-0184,Indah Nugroho,Home Office,Makassar,Sulawesi,PROD-015,Blouse Wanita Casual,Pakaian,Wanita,1,135000.00,70000.00,0.10,121500.00,51500.00
ORD-00409,2025-07-14,Completed,Credit Card,CUST-0184,Indah Nugroho,Home Office,Makassar,Sulawesi,PROD-022,Rak Sepatu Susun Plastik,Perlengkapan Rumah,Storage,1,125000.00,68000.00,0.00,125000.00,57000.00
ORD-00539,2025-11-22,Completed,Transfer Bank,CUST-0184,Indah Nugroho,Home Office,Makassar,Sulawesi,PROD-006,Kabel Data Type-C Fast Charge,Elektronik,Aksesoris Mobile,1,35000.00,15000.00,0.05,33250.00,18250.00
ORD-00539,2025-11-22,Completed,Transfer Bank,CUST-0184,Indah Nugroho,Home Office,Makassar,Sulawesi,PROD-014,Celana Chino Slim Fit,Pakaian,Pria,1,185000.00,100000.00,0.00,185000.00,85000.00
ORD-00647,2026-02-19,Completed,E-Wallet,CUST-0184,Indah Nugroho,Home Office,Makassar,Sulawesi,PROD-004,Stand Laptop Aluminium,Elektronik,Aksesoris Komputer,1,120000.00,70000.00,0.05,114000.00,44000.00
ORD-00652,2025-05-02,Completed,Transfer Bank,CUST-0184,Indah Nugroho,Home Office,Makassar,Sulawesi,PROD-019,Lampu Meja LED Belajar,Perlengkapan Rumah,Dekorasi,2,110000.00,60000.00,0.05,209000.00,89000.00
ORD-00652,2025-05-02,Completed,Transfer Bank,CUST-0184,Indah Nugroho,Home Office,Makassar,Sulawesi,PROD-001,Mouse Wireless M185,Elektronik,Aksesoris Komputer,1,150000.00,95000.00,0.00,150000.00,55000.00
ORD-00652,2025-05-02,Completed,Transfer Bank,CUST-0184,Indah Nugroho,Home Office,Makassar,Sulawesi,PROD-007,Powerbank 10000mAh Dual Port,Elektronik,Aksesoris Mobile,1,200000.00,120000.00,0.00,200000.00,80000.00
ORD-00811,2025-04-03,Completed,Transfer Bank,CUST-0184,Indah Nugroho,Home Office,Makassar,Sulawesi,PROD-005,Monitor 24 inch IPS 75Hz,Elektronik,Display,1,1800000.00,1350000.00,0.05,1710000.00,360000.00
ORD-00811,2025-04-03,Completed,Transfer Bank,CUST-0184,Indah Nugroho,Home Office,Makassar,Sulawesi,PROD-020,Organizer Meja Acrylic,Perlengkapan Rumah,Storage,1,65000.00,32000.00,0.00,65000.00,33000.00
ORD-00896,2025-12-25,Completed,Transfer Bank,CUST-0184,Indah Nugroho,Home Office,Makassar,Sulawesi,PROD-016,Tunik Batik Modern,Pakaian,Wanita,3,175000.00,95000.00,0.00,525000.00,240000.00
ORD-00896,2025-12-25,Completed,Transfer Bank,CUST-0184,Indah Nugroho,Home Office,Makassar,Sulawesi,PROD-014,Celana Chino Slim Fit,Pakaian,Pria,3,185000.00,100000.00,0.00,555000.00,255000.00
ORD-00896,2025-12-25,Completed,Transfer Bank,CUST-0184,Indah Nugroho,Home Office,Makassar,Sulawesi,PROD-020,Organizer Meja Acrylic,Perlengkapan Rumah,Storage,2,65000.00,32000.00,0.05,123500.00,59500.00
ORD-01132,2026-01-28,Completed,COD,CUST-0184,Indah Nugroho,Home Office,Makassar,Sulawesi,PROD-019,Lampu Meja LED Belajar,Perlengkapan Rumah,Dekorasi,1,110000.00,60000.00,0.00,110000.00,50000.00
ORD-00453,2026-01-14,Completed,Transfer Bank,CUST-0185,Rina Suryani,Consumer,Denpasar,Bali & Nusa Tenggara,PROD-024,Pulpen Gel Pack 12 Pcs,Alat Tulis & Kantor,Alat Tulis,2,36000.00,18000.00,0.00,72000.00,36000.00
ORD-00464,2025-09-05,Completed,Credit Card,CUST-0185,Rina Suryani,Consumer,Denpasar,Bali & Nusa Tenggara,PROD-018,Botol Minum Tumbler 500ml,Perlengkapan Rumah,Dapur & Makan,2,95000.00,48000.00,0.20,152000.00,56000.00
ORD-00464,2025-09-05,Completed,Credit Card,CUST-0185,Rina Suryani,Consumer,Denpasar,Bali & Nusa Tenggara,PROD-020,Organizer Meja Acrylic,Perlengkapan Rumah,Storage,1,65000.00,32000.00,0.00,65000.00,33000.00
ORD-00464,2025-09-05,Completed,Credit Card,CUST-0185,Rina Suryani,Consumer,Denpasar,Bali & Nusa Tenggara,PROD-025,Desk Mat Deskpad Leather,Alat Tulis & Kantor,Aksesoris Meja,3,95000.00,50000.00,0.00,285000.00,135000.00
ORD-00589,2025-09-12,Completed,Transfer Bank,CUST-0185,Rina Suryani,Consumer,Denpasar,Bali & Nusa Tenggara,PROD-006,Kabel Data Type-C Fast Charge,Elektronik,Aksesoris Mobile,1,35000.00,15000.00,0.00,35000.00,20000.00
ORD-01181,2025-12-05,Completed,Transfer Bank,CUST-0185,Rina Suryani,Consumer,Denpasar,Bali & Nusa Tenggara,PROD-016,Tunik Batik Modern,Pakaian,Wanita,1,175000.00,95000.00,0.10,157500.00,62500.00
ORD-01181,2025-12-05,Completed,Transfer Bank,CUST-0185,Rina Suryani,Consumer,Denpasar,Bali & Nusa Tenggara,PROD-012,Kemeja Flanel Lengan Panjang,Pakaian,Pria,5,165000.00,90000.00,0.05,783750.00,333750.00
ORD-00033,2025-01-28,Completed,COD,CUST-0186,Andi Saputra,Corporate,Denpasar,Bali & Nusa Tenggara,PROD-021,Bantal Leher Memory Foam,Perlengkapan Rumah,Kebutuhan Harian,5,85000.00,42000.00,0.00,425000.00,215000.00
ORD-00033,2025-01-28,Completed,COD,CUST-0186,Andi Saputra,Corporate,Denpasar,Bali & Nusa Tenggara,PROD-019,Lampu Meja LED Belajar,Perlengkapan Rumah,Dekorasi,2,110000.00,60000.00,0.00,220000.00,100000.00
ORD-00100,2025-08-16,Completed,Transfer Bank,CUST-0186,Andi Saputra,Corporate,Denpasar,Bali & Nusa Tenggara,PROD-001,Mouse Wireless M185,Elektronik,Aksesoris Komputer,1,150000.00,95000.00,0.00,150000.00,55000.00
ORD-00100,2025-08-16,Completed,Transfer Bank,CUST-0186,Andi Saputra,Corporate,Denpasar,Bali & Nusa Tenggara,PROD-005,Monitor 24 inch IPS 75Hz,Elektronik,Display,1,1800000.00,1350000.00,0.00,1800000.00,450000.00
ORD-00113,2025-09-01,Cancelled,Transfer Bank,CUST-0186,Andi Saputra,Corporate,Denpasar,Bali & Nusa Tenggara,PROD-001,Mouse Wireless M185,Elektronik,Aksesoris Komputer,1,150000.00,95000.00,0.00,150000.00,55000.00
ORD-01049,2025-05-19,Completed,COD,CUST-0186,Andi Saputra,Corporate,Denpasar,Bali & Nusa Tenggara,PROD-019,Lampu Meja LED Belajar,Perlengkapan Rumah,Dekorasi,2,110000.00,60000.00,0.00,220000.00,100000.00
ORD-01049,2025-05-19,Completed,COD,CUST-0186,Andi Saputra,Corporate,Denpasar,Bali & Nusa Tenggara,PROD-012,Kemeja Flanel Lengan Panjang,Pakaian,Pria,1,165000.00,90000.00,0.10,148500.00,58500.00
ORD-00244,2025-12-10,Completed,E-Wallet,CUST-0187,Hendra Suryani,Home Office,Jakarta Selatan,Jawa,PROD-008,Webcam Full HD 1080p,Elektronik,Aksesoris Komputer,1,280000.00,175000.00,0.00,280000.00,105000.00
ORD-00244,2025-12-10,Completed,E-Wallet,CUST-0187,Hendra Suryani,Home Office,Jakarta Selatan,Jawa,PROD-002,Keyboard Mechanical RGB,Elektronik,Aksesoris Komputer,1,450000.00,280000.00,0.00,450000.00,170000.00
ORD-00660,2026-03-10,Completed,Transfer Bank,CUST-0187,Hendra Suryani,Home Office,Jakarta Selatan,Jawa,PROD-014,Celana Chino Slim Fit,Pakaian,Pria,2,185000.00,100000.00,0.20,296000.00,96000.00
ORD-01028,2025-12-25,Completed,COD,CUST-0187,Hendra Suryani,Home Office,Jakarta Selatan,Jawa,PROD-023,Buku Catatan Hardcover A5,Alat Tulis & Kantor,Kertas & Buku,2,45000.00,20000.00,0.05,85500.00,45500.00
ORD-00083,2026-02-07,Completed,Credit Card,CUST-0188,Maya Aminah,Corporate,Balikpapan,Kalimantan,PROD-019,Lampu Meja LED Belajar,Perlengkapan Rumah,Dekorasi,1,110000.00,60000.00,0.00,110000.00,50000.00
ORD-00246,2025-03-06,Completed,Credit Card,CUST-0188,Maya Aminah,Corporate,Balikpapan,Kalimantan,PROD-024,Pulpen Gel Pack 12 Pcs,Alat Tulis & Kantor,Alat Tulis,5,36000.00,18000.00,0.00,180000.00,90000.00
ORD-00246,2025-03-06,Completed,Credit Card,CUST-0188,Maya Aminah,Corporate,Balikpapan,Kalimantan,PROD-016,Tunik Batik Modern,Pakaian,Wanita,1,175000.00,95000.00,0.20,140000.00,45000.00
ORD-00249,2025-10-21,Completed,COD,CUST-0188,Maya Aminah,Corporate,Balikpapan,Kalimantan,PROD-019,Lampu Meja LED Belajar,Perlengkapan Rumah,Dekorasi,1,110000.00,60000.00,0.00,110000.00,50000.00
ORD-00296,2025-03-10,Completed,COD,CUST-0188,Maya Aminah,Corporate,Balikpapan,Kalimantan,PROD-008,Webcam Full HD 1080p,Elektronik,Aksesoris Komputer,2,280000.00,175000.00,0.00,560000.00,210000.00
ORD-00296,2025-03-10,Completed,COD,CUST-0188,Maya Aminah,Corporate,Balikpapan,Kalimantan,PROD-016,Tunik Batik Modern,Pakaian,Wanita,5,175000.00,95000.00,0.10,787500.00,312500.00
ORD-00928,2025-12-01,Completed,COD,CUST-0188,Maya Aminah,Corporate,Balikpapan,Kalimantan,PROD-019,Lampu Meja LED Belajar,Perlengkapan Rumah,Dekorasi,1,110000.00,60000.00,0.10,99000.00,39000.00
ORD-00928,2025-12-01,Completed,COD,CUST-0188,Maya Aminah,Corporate,Balikpapan,Kalimantan,PROD-009,Earphones TWS Bluetooth 5.3,Elektronik,Audio,3,250000.00,140000.00,0.00,750000.00,330000.00
ORD-00928,2025-12-01,Completed,COD,CUST-0188,Maya Aminah,Corporate,Balikpapan,Kalimantan,PROD-016,Tunik Batik Modern,Pakaian,Wanita,3,175000.00,95000.00,0.10,472500.00,187500.00
ORD-00940,2025-07-12,Cancelled,Transfer Bank,CUST-0188,Maya Aminah,Corporate,Balikpapan,Kalimantan,PROD-016,Tunik Batik Modern,Pakaian,Wanita,2,175000.00,95000.00,0.00,350000.00,160000.00
ORD-01110,2026-02-24,Completed,COD,CUST-0188,Maya Aminah,Corporate,Balikpapan,Kalimantan,PROD-020,Organizer Meja Acrylic,Perlengkapan Rumah,Storage,5,65000.00,32000.00,0.10,292500.00,132500.00
ORD-01110,2026-02-24,Completed,COD,CUST-0188,Maya Aminah,Corporate,Balikpapan,Kalimantan,PROD-002,Keyboard Mechanical RGB,Elektronik,Aksesoris Komputer,1,450000.00,280000.00,0.00,450000.00,170000.00
ORD-01110,2026-02-24,Completed,COD,CUST-0188,Maya Aminah,Corporate,Balikpapan,Kalimantan,PROD-025,Desk Mat Deskpad Leather,Alat Tulis & Kantor,Aksesoris Meja,2,95000.00,50000.00,0.00,190000.00,90000.00
ORD-00089,2025-10-02,Completed,Credit Card,CUST-0189,Hendra Hidayat,Corporate,Bandung,Jawa,PROD-002,Keyboard Mechanical RGB,Elektronik,Aksesoris Komputer,2,450000.00,280000.00,0.15,765000.00,205000.00
ORD-00089,2025-10-02,Completed,Credit Card,CUST-0189,Hendra Hidayat,Corporate,Bandung,Jawa,PROD-018,Botol Minum Tumbler 500ml,Perlengkapan Rumah,Dapur & Makan,2,95000.00,48000.00,0.10,171000.00,75000.00
ORD-00134,2025-06-29,Completed,Transfer Bank,CUST-0189,Hendra Hidayat,Corporate,Bandung,Jawa,PROD-023,Buku Catatan Hardcover A5,Alat Tulis & Kantor,Kertas & Buku,1,45000.00,20000.00,0.20,36000.00,16000.00
ORD-00134,2025-06-29,Completed,Transfer Bank,CUST-0189,Hendra Hidayat,Corporate,Bandung,Jawa,PROD-008,Webcam Full HD 1080p,Elektronik,Aksesoris Komputer,2,280000.00,175000.00,0.05,532000.00,182000.00
ORD-00173,2025-08-20,Returned,Credit Card,CUST-0189,Hendra Hidayat,Corporate,Bandung,Jawa,PROD-012,Kemeja Flanel Lengan Panjang,Pakaian,Pria,2,165000.00,90000.00,0.00,330000.00,150000.00
ORD-00234,2025-05-20,Completed,COD,CUST-0189,Hendra Hidayat,Corporate,Bandung,Jawa,PROD-005,Monitor 24 inch IPS 75Hz,Elektronik,Display,1,1800000.00,1350000.00,0.15,1530000.00,180000.00
ORD-00234,2025-05-20,Completed,COD,CUST-0189,Hendra Hidayat,Corporate,Bandung,Jawa,PROD-019,Lampu Meja LED Belajar,Perlengkapan Rumah,Dekorasi,3,110000.00,60000.00,0.00,330000.00,150000.00
ORD-00536,2025-09-21,Completed,COD,CUST-0189,Hendra Hidayat,Corporate,Bandung,Jawa,PROD-021,Bantal Leher Memory Foam,Perlengkapan Rumah,Kebutuhan Harian,1,85000.00,42000.00,0.00,85000.00,43000.00
ORD-00730,2025-12-27,Completed,COD,CUST-0189,Hendra Hidayat,Corporate,Bandung,Jawa,PROD-019,Lampu Meja LED Belajar,Perlengkapan Rumah,Dekorasi,1,110000.00,60000.00,0.00,110000.00,50000.00
ORD-00730,2025-12-27,Completed,COD,CUST-0189,Hendra Hidayat,Corporate,Bandung,Jawa,PROD-011,Kaos Polos Cotton Combed 30s,Pakaian,Pria,1,75000.00,35000.00,0.10,67500.00,32500.00
ORD-00730,2025-12-27,Completed,COD,CUST-0189,Hendra Hidayat,Corporate,Bandung,Jawa,PROD-006,Kabel Data Type-C Fast Charge,Elektronik,Aksesoris Mobile,2,35000.00,15000.00,0.05,66500.00,36500.00
ORD-00865,2026-04-12,Completed,E-Wallet,CUST-0189,Hendra Hidayat,Corporate,Bandung,Jawa,PROD-022,Rak Sepatu Susun Plastik,Perlengkapan Rumah,Storage,1,125000.00,68000.00,0.00,125000.00,57000.00
ORD-00865,2026-04-12,Completed,E-Wallet,CUST-0189,Hendra Hidayat,Corporate,Bandung,Jawa,PROD-025,Desk Mat Deskpad Leather,Alat Tulis & Kantor,Aksesoris Meja,2,95000.00,50000.00,0.00,190000.00,90000.00
ORD-00099,2026-04-26,Completed,E-Wallet,CUST-0190,Eko Santoso,Consumer,Bandung,Jawa,PROD-006,Kabel Data Type-C Fast Charge,Elektronik,Aksesoris Mobile,2,35000.00,15000.00,0.00,70000.00,40000.00
ORD-00099,2026-04-26,Completed,E-Wallet,CUST-0190,Eko Santoso,Consumer,Bandung,Jawa,PROD-002,Keyboard Mechanical RGB,Elektronik,Aksesoris Komputer,1,450000.00,280000.00,0.05,427500.00,147500.00
ORD-00099,2026-04-26,Completed,E-Wallet,CUST-0190,Eko Santoso,Consumer,Bandung,Jawa,PROD-020,Organizer Meja Acrylic,Perlengkapan Rumah,Storage,1,65000.00,32000.00,0.05,61750.00,29750.00
ORD-00099,2026-04-26,Completed,E-Wallet,CUST-0190,Eko Santoso,Consumer,Bandung,Jawa,PROD-016,Tunik Batik Modern,Pakaian,Wanita,1,175000.00,95000.00,0.00,175000.00,80000.00
ORD-00142,2025-08-21,Completed,Credit Card,CUST-0190,Eko Santoso,Consumer,Bandung,Jawa,PROD-004,Stand Laptop Aluminium,Elektronik,Aksesoris Komputer,1,120000.00,70000.00,0.00,120000.00,50000.00
ORD-00935,2025-04-29,Returned,E-Wallet,CUST-0190,Eko Santoso,Consumer,Bandung,Jawa,PROD-015,Blouse Wanita Casual,Pakaian,Wanita,1,135000.00,70000.00,0.05,128250.00,58250.00
ORD-00935,2025-04-29,Returned,E-Wallet,CUST-0190,Eko Santoso,Consumer,Bandung,Jawa,PROD-002,Keyboard Mechanical RGB,Elektronik,Aksesoris Komputer,1,450000.00,280000.00,0.05,427500.00,147500.00
ORD-00983,2025-02-02,Completed,Transfer Bank,CUST-0190,Eko Santoso,Consumer,Bandung,Jawa,PROD-019,Lampu Meja LED Belajar,Perlengkapan Rumah,Dekorasi,2,110000.00,60000.00,0.00,220000.00,100000.00
ORD-00983,2025-02-02,Completed,Transfer Bank,CUST-0190,Eko Santoso,Consumer,Bandung,Jawa,PROD-014,Celana Chino Slim Fit,Pakaian,Pria,2,185000.00,100000.00,0.05,351500.00,151500.00
ORD-00090,2025-10-27,Completed,Transfer Bank,CUST-0191,Agus Nugroho,Consumer,Yogyakarta,Jawa,PROD-013,Jaket Hoodie Fleece,Pakaian,Pria,2,220000.00,125000.00,0.05,418000.00,168000.00
ORD-00090,2025-10-27,Completed,Transfer Bank,CUST-0191,Agus Nugroho,Consumer,Yogyakarta,Jawa,PROD-024,Pulpen Gel Pack 12 Pcs,Alat Tulis & Kantor,Alat Tulis,3,36000.00,18000.00,0.00,108000.00,54000.00
ORD-00090,2025-10-27,Completed,Transfer Bank,CUST-0191,Agus Nugroho,Consumer,Yogyakarta,Jawa,PROD-007,Powerbank 10000mAh Dual Port,Elektronik,Aksesoris Mobile,1,200000.00,120000.00,0.00,200000.00,80000.00
ORD-00128,2025-08-10,Completed,E-Wallet,CUST-0191,Agus Nugroho,Consumer,Yogyakarta,Jawa,PROD-003,Headset Gaming Surround 7.1,Elektronik,Audio,1,350000.00,210000.00,0.10,315000.00,105000.00
ORD-00630,2025-04-12,Completed,Transfer Bank,CUST-0191,Agus Nugroho,Consumer,Yogyakarta,Jawa,PROD-014,Celana Chino Slim Fit,Pakaian,Pria,2,185000.00,100000.00,0.15,314500.00,114500.00
ORD-00301,2026-05-15,Completed,Credit Card,CUST-0192,Dewi Nugroho,Home Office,Balikpapan,Kalimantan,PROD-007,Powerbank 10000mAh Dual Port,Elektronik,Aksesoris Mobile,1,200000.00,120000.00,0.05,190000.00,70000.00
ORD-00301,2026-05-15,Completed,Credit Card,CUST-0192,Dewi Nugroho,Home Office,Balikpapan,Kalimantan,PROD-016,Tunik Batik Modern,Pakaian,Wanita,1,175000.00,95000.00,0.00,175000.00,80000.00
ORD-00507,2025-06-06,Completed,E-Wallet,CUST-0192,Dewi Nugroho,Home Office,Balikpapan,Kalimantan,PROD-014,Celana Chino Slim Fit,Pakaian,Pria,1,185000.00,100000.00,0.15,157250.00,57250.00
ORD-00725,2026-01-24,Completed,Transfer Bank,CUST-0192,Dewi Nugroho,Home Office,Balikpapan,Kalimantan,PROD-001,Mouse Wireless M185,Elektronik,Aksesoris Komputer,3,150000.00,95000.00,0.00,450000.00,165000.00
ORD-00772,2025-10-01,Cancelled,Transfer Bank,CUST-0192,Dewi Nugroho,Home Office,Balikpapan,Kalimantan,PROD-009,Earphones TWS Bluetooth 5.3,Elektronik,Audio,2,250000.00,140000.00,0.05,475000.00,195000.00
ORD-01070,2026-02-12,Completed,E-Wallet,CUST-0192,Dewi Nugroho,Home Office,Balikpapan,Kalimantan,PROD-023,Buku Catatan Hardcover A5,Alat Tulis & Kantor,Kertas & Buku,3,45000.00,20000.00,0.00,135000.00,75000.00
ORD-00141,2026-01-18,Completed,COD,CUST-0193,Nani Hidayat,Home Office,Semarang,Jawa,PROD-014,Celana Chino Slim Fit,Pakaian,Pria,1,185000.00,100000.00,0.00,185000.00,85000.00
ORD-00320,2025-12-06,Completed,Credit Card,CUST-0193,Nani Hidayat,Home Office,Semarang,Jawa,PROD-002,Keyboard Mechanical RGB,Elektronik,Aksesoris Komputer,1,450000.00,280000.00,0.00,450000.00,170000.00
ORD-00449,2025-04-27,Completed,COD,CUST-0193,Nani Hidayat,Home Office,Semarang,Jawa,PROD-024,Pulpen Gel Pack 12 Pcs,Alat Tulis & Kantor,Alat Tulis,1,36000.00,18000.00,0.00,36000.00,18000.00
ORD-00607,2025-01-01,Completed,Credit Card,CUST-0193,Nani Hidayat,Home Office,Semarang,Jawa,PROD-017,Topi Baseball Canvas,Pakaian,Aksesoris Fashion,3,50000.00,22000.00,0.00,150000.00,84000.00
ORD-00680,2025-06-25,Completed,E-Wallet,CUST-0193,Nani Hidayat,Home Office,Semarang,Jawa,PROD-009,Earphones TWS Bluetooth 5.3,Elektronik,Audio,1,250000.00,140000.00,0.10,225000.00,85000.00
ORD-00680,2025-06-25,Completed,E-Wallet,CUST-0193,Nani Hidayat,Home Office,Semarang,Jawa,PROD-010,USB Flashdrive 64GB,Elektronik,Storage,1,85000.00,45000.00,0.10,76500.00,31500.00
ORD-00680,2025-06-25,Completed,E-Wallet,CUST-0193,Nani Hidayat,Home Office,Semarang,Jawa,PROD-002,Keyboard Mechanical RGB,Elektronik,Aksesoris Komputer,1,450000.00,280000.00,0.00,450000.00,170000.00
ORD-00375,2025-07-11,Returned,COD,CUST-0194,Bambang Kurniawan,Corporate,Semarang,Jawa,PROD-011,Kaos Polos Cotton Combed 30s,Pakaian,Pria,1,75000.00,35000.00,0.05,71250.00,36250.00
ORD-00375,2025-07-11,Returned,COD,CUST-0194,Bambang Kurniawan,Corporate,Semarang,Jawa,PROD-008,Webcam Full HD 1080p,Elektronik,Aksesoris Komputer,1,280000.00,175000.00,0.00,280000.00,105000.00
ORD-00434,2025-02-17,Completed,COD,CUST-0194,Bambang Kurniawan,Corporate,Semarang,Jawa,PROD-024,Pulpen Gel Pack 12 Pcs,Alat Tulis & Kantor,Alat Tulis,1,36000.00,18000.00,0.05,34200.00,16200.00
ORD-00676,2026-03-29,Completed,Credit Card,CUST-0194,Bambang Kurniawan,Corporate,Semarang,Jawa,PROD-015,Blouse Wanita Casual,Pakaian,Wanita,3,135000.00,70000.00,0.05,384750.00,174750.00
ORD-00676,2026-03-29,Completed,Credit Card,CUST-0194,Bambang Kurniawan,Corporate,Semarang,Jawa,PROD-011,Kaos Polos Cotton Combed 30s,Pakaian,Pria,1,75000.00,35000.00,0.00,75000.00,40000.00
ORD-00676,2026-03-29,Completed,Credit Card,CUST-0194,Bambang Kurniawan,Corporate,Semarang,Jawa,PROD-003,Headset Gaming Surround 7.1,Elektronik,Audio,2,350000.00,210000.00,0.00,700000.00,280000.00
ORD-00868,2026-01-12,Completed,Transfer Bank,CUST-0194,Bambang Kurniawan,Corporate,Semarang,Jawa,PROD-019,Lampu Meja LED Belajar,Perlengkapan Rumah,Dekorasi,2,110000.00,60000.00,0.10,198000.00,78000.00
ORD-00868,2026-01-12,Completed,Transfer Bank,CUST-0194,Bambang Kurniawan,Corporate,Semarang,Jawa,PROD-009,Earphones TWS Bluetooth 5.3,Elektronik,Audio,2,250000.00,140000.00,0.00,500000.00,220000.00
ORD-00314,2025-09-26,Completed,E-Wallet,CUST-0195,Eko Saputra,Consumer,Bandung,Jawa,PROD-011,Kaos Polos Cotton Combed 30s,Pakaian,Pria,1,75000.00,35000.00,0.05,71250.00,36250.00
ORD-00314,2025-09-26,Completed,E-Wallet,CUST-0195,Eko Saputra,Consumer,Bandung,Jawa,PROD-018,Botol Minum Tumbler 500ml,Perlengkapan Rumah,Dapur & Makan,1,95000.00,48000.00,0.05,90250.00,42250.00
ORD-00450,2025-04-06,Completed,Transfer Bank,CUST-0195,Eko Saputra,Consumer,Bandung,Jawa,PROD-004,Stand Laptop Aluminium,Elektronik,Aksesoris Komputer,2,120000.00,70000.00,0.00,240000.00,100000.00
ORD-00450,2025-04-06,Completed,Transfer Bank,CUST-0195,Eko Saputra,Consumer,Bandung,Jawa,PROD-003,Headset Gaming Surround 7.1,Elektronik,Audio,2,350000.00,210000.00,0.00,700000.00,280000.00
ORD-00450,2025-04-06,Completed,Transfer Bank,CUST-0195,Eko Saputra,Consumer,Bandung,Jawa,PROD-018,Botol Minum Tumbler 500ml,Perlengkapan Rumah,Dapur & Makan,5,95000.00,48000.00,0.00,475000.00,235000.00
ORD-00452,2025-02-12,Returned,E-Wallet,CUST-0195,Eko Saputra,Consumer,Bandung,Jawa,PROD-014,Celana Chino Slim Fit,Pakaian,Pria,1,185000.00,100000.00,0.05,175750.00,75750.00
ORD-00467,2026-05-01,Completed,Credit Card,CUST-0195,Eko Saputra,Consumer,Bandung,Jawa,PROD-013,Jaket Hoodie Fleece,Pakaian,Pria,1,220000.00,125000.00,0.05,209000.00,84000.00
ORD-00052,2025-06-12,Completed,COD,CUST-0196,Rian Pertiwi,Consumer,Yogyakarta,Jawa,PROD-024,Pulpen Gel Pack 12 Pcs,Alat Tulis & Kantor,Alat Tulis,1,36000.00,18000.00,0.00,36000.00,18000.00
ORD-00052,2025-06-12,Completed,COD,CUST-0196,Rian Pertiwi,Consumer,Yogyakarta,Jawa,PROD-016,Tunik Batik Modern,Pakaian,Wanita,1,175000.00,95000.00,0.00,175000.00,80000.00
ORD-00052,2025-06-12,Completed,COD,CUST-0196,Rian Pertiwi,Consumer,Yogyakarta,Jawa,PROD-021,Bantal Leher Memory Foam,Perlengkapan Rumah,Kebutuhan Harian,1,85000.00,42000.00,0.00,85000.00,43000.00
ORD-00067,2025-03-31,Completed,E-Wallet,CUST-0196,Rian Pertiwi,Consumer,Yogyakarta,Jawa,PROD-022,Rak Sepatu Susun Plastik,Perlengkapan Rumah,Storage,5,125000.00,68000.00,0.00,625000.00,285000.00
ORD-00067,2025-03-31,Completed,E-Wallet,CUST-0196,Rian Pertiwi,Consumer,Yogyakarta,Jawa,PROD-013,Jaket Hoodie Fleece,Pakaian,Pria,3,220000.00,125000.00,0.00,660000.00,285000.00
ORD-00200,2026-01-29,Completed,COD,CUST-0196,Rian Pertiwi,Consumer,Yogyakarta,Jawa,PROD-007,Powerbank 10000mAh Dual Port,Elektronik,Aksesoris Mobile,1,200000.00,120000.00,0.00,200000.00,80000.00
ORD-00394,2025-01-25,Completed,Credit Card,CUST-0196,Rian Pertiwi,Consumer,Yogyakarta,Jawa,PROD-002,Keyboard Mechanical RGB,Elektronik,Aksesoris Komputer,1,450000.00,280000.00,0.00,450000.00,170000.00
ORD-00394,2025-01-25,Completed,Credit Card,CUST-0196,Rian Pertiwi,Consumer,Yogyakarta,Jawa,PROD-014,Celana Chino Slim Fit,Pakaian,Pria,2,185000.00,100000.00,0.05,351500.00,151500.00
ORD-00966,2025-04-28,Completed,Credit Card,CUST-0196,Rian Pertiwi,Consumer,Yogyakarta,Jawa,PROD-001,Mouse Wireless M185,Elektronik,Aksesoris Komputer,1,150000.00,95000.00,0.05,142500.00,47500.00
ORD-00966,2025-04-28,Completed,Credit Card,CUST-0196,Rian Pertiwi,Consumer,Yogyakarta,Jawa,PROD-015,Blouse Wanita Casual,Pakaian,Wanita,3,135000.00,70000.00,0.20,324000.00,114000.00
ORD-01003,2025-03-01,Completed,E-Wallet,CUST-0196,Rian Pertiwi,Consumer,Yogyakarta,Jawa,PROD-016,Tunik Batik Modern,Pakaian,Wanita,1,175000.00,95000.00,0.10,157500.00,62500.00
ORD-01003,2025-03-01,Completed,E-Wallet,CUST-0196,Rian Pertiwi,Consumer,Yogyakarta,Jawa,PROD-010,USB Flashdrive 64GB,Elektronik,Storage,1,85000.00,45000.00,0.00,85000.00,40000.00
ORD-00043,2025-08-22,Completed,E-Wallet,CUST-0197,Agus Lestari,Corporate,Semarang,Jawa,PROD-002,Keyboard Mechanical RGB,Elektronik,Aksesoris Komputer,1,450000.00,280000.00,0.00,450000.00,170000.00
ORD-00043,2025-08-22,Completed,E-Wallet,CUST-0197,Agus Lestari,Corporate,Semarang,Jawa,PROD-005,Monitor 24 inch IPS 75Hz,Elektronik,Display,1,1800000.00,1350000.00,0.00,1800000.00,450000.00
ORD-00444,2025-12-13,Completed,E-Wallet,CUST-0197,Agus Lestari,Corporate,Semarang,Jawa,PROD-023,Buku Catatan Hardcover A5,Alat Tulis & Kantor,Kertas & Buku,1,45000.00,20000.00,0.00,45000.00,25000.00
ORD-00444,2025-12-13,Completed,E-Wallet,CUST-0197,Agus Lestari,Corporate,Semarang,Jawa,PROD-011,Kaos Polos Cotton Combed 30s,Pakaian,Pria,2,75000.00,35000.00,0.05,142500.00,72500.00
ORD-00640,2025-02-01,Completed,E-Wallet,CUST-0197,Agus Lestari,Corporate,Semarang,Jawa,PROD-007,Powerbank 10000mAh Dual Port,Elektronik,Aksesoris Mobile,1,200000.00,120000.00,0.10,180000.00,60000.00
ORD-00640,2025-02-01,Completed,E-Wallet,CUST-0197,Agus Lestari,Corporate,Semarang,Jawa,PROD-002,Keyboard Mechanical RGB,Elektronik,Aksesoris Komputer,2,450000.00,280000.00,0.00,900000.00,340000.00
ORD-00984,2025-11-08,Completed,COD,CUST-0197,Agus Lestari,Corporate,Semarang,Jawa,PROD-003,Headset Gaming Surround 7.1,Elektronik,Audio,1,350000.00,210000.00,0.00,350000.00,140000.00
ORD-00984,2025-11-08,Completed,COD,CUST-0197,Agus Lestari,Corporate,Semarang,Jawa,PROD-011,Kaos Polos Cotton Combed 30s,Pakaian,Pria,2,75000.00,35000.00,0.00,150000.00,80000.00
ORD-00208,2025-09-15,Completed,Transfer Bank,CUST-0198,Indah Santoso,Home Office,Palembang,Sumatra,PROD-022,Rak Sepatu Susun Plastik,Perlengkapan Rumah,Storage,1,125000.00,68000.00,0.00,125000.00,57000.00
ORD-00208,2025-09-15,Completed,Transfer Bank,CUST-0198,Indah Santoso,Home Office,Palembang,Sumatra,PROD-003,Headset Gaming Surround 7.1,Elektronik,Audio,2,350000.00,210000.00,0.10,630000.00,210000.00
ORD-00818,2025-06-27,Completed,E-Wallet,CUST-0198,Indah Santoso,Home Office,Palembang,Sumatra,PROD-007,Powerbank 10000mAh Dual Port,Elektronik,Aksesoris Mobile,1,200000.00,120000.00,0.00,200000.00,80000.00
ORD-00818,2025-06-27,Completed,E-Wallet,CUST-0198,Indah Santoso,Home Office,Palembang,Sumatra,PROD-001,Mouse Wireless M185,Elektronik,Aksesoris Komputer,1,150000.00,95000.00,0.00,150000.00,55000.00
ORD-00882,2026-04-14,Completed,Credit Card,CUST-0198,Indah Santoso,Home Office,Palembang,Sumatra,PROD-023,Buku Catatan Hardcover A5,Alat Tulis & Kantor,Kertas & Buku,1,45000.00,20000.00,0.00,45000.00,25000.00
ORD-01129,2026-01-07,Completed,E-Wallet,CUST-0198,Indah Santoso,Home Office,Palembang,Sumatra,PROD-014,Celana Chino Slim Fit,Pakaian,Pria,5,185000.00,100000.00,0.00,925000.00,425000.00
ORD-01129,2026-01-07,Completed,E-Wallet,CUST-0198,Indah Santoso,Home Office,Palembang,Sumatra,PROD-013,Jaket Hoodie Fleece,Pakaian,Pria,2,220000.00,125000.00,0.00,440000.00,190000.00
ORD-01182,2025-01-10,Completed,E-Wallet,CUST-0198,Indah Santoso,Home Office,Palembang,Sumatra,PROD-016,Tunik Batik Modern,Pakaian,Wanita,2,175000.00,95000.00,0.00,350000.00,160000.00
ORD-01182,2025-01-10,Completed,E-Wallet,CUST-0198,Indah Santoso,Home Office,Palembang,Sumatra,PROD-018,Botol Minum Tumbler 500ml,Perlengkapan Rumah,Dapur & Makan,1,95000.00,48000.00,0.05,90250.00,42250.00
ORD-01182,2025-01-10,Completed,E-Wallet,CUST-0198,Indah Santoso,Home Office,Palembang,Sumatra,PROD-002,Keyboard Mechanical RGB,Elektronik,Aksesoris Komputer,1,450000.00,280000.00,0.00,450000.00,170000.00
ORD-01182,2025-01-10,Completed,E-Wallet,CUST-0198,Indah Santoso,Home Office,Palembang,Sumatra,PROD-004,Stand Laptop Aluminium,Elektronik,Aksesoris Komputer,1,120000.00,70000.00,0.00,120000.00,50000.00
ORD-00459,2025-01-07,Completed,Transfer Bank,CUST-0199,Agus Setiawan,Home Office,Palembang,Sumatra,PROD-007,Powerbank 10000mAh Dual Port,Elektronik,Aksesoris Mobile,1,200000.00,120000.00,0.15,170000.00,50000.00
ORD-00650,2025-10-22,Completed,Credit Card,CUST-0199,Agus Setiawan,Home Office,Palembang,Sumatra,PROD-001,Mouse Wireless M185,Elektronik,Aksesoris Komputer,1,150000.00,95000.00,0.00,150000.00,55000.00
ORD-00693,2025-02-16,Completed,E-Wallet,CUST-0199,Agus Setiawan,Home Office,Palembang,Sumatra,PROD-008,Webcam Full HD 1080p,Elektronik,Aksesoris Komputer,2,280000.00,175000.00,0.00,560000.00,210000.00
ORD-00693,2025-02-16,Completed,E-Wallet,CUST-0199,Agus Setiawan,Home Office,Palembang,Sumatra,PROD-020,Organizer Meja Acrylic,Perlengkapan Rumah,Storage,2,65000.00,32000.00,0.00,130000.00,66000.00
ORD-01114,2025-12-04,Completed,E-Wallet,CUST-0199,Agus Setiawan,Home Office,Palembang,Sumatra,PROD-008,Webcam Full HD 1080p,Elektronik,Aksesoris Komputer,2,280000.00,175000.00,0.00,560000.00,210000.00
ORD-01120,2025-10-20,Completed,COD,CUST-0199,Agus Setiawan,Home Office,Palembang,Sumatra,PROD-022,Rak Sepatu Susun Plastik,Perlengkapan Rumah,Storage,2,125000.00,68000.00,0.00,250000.00,114000.00
ORD-01120,2025-10-20,Completed,COD,CUST-0199,Agus Setiawan,Home Office,Palembang,Sumatra,PROD-017,Topi Baseball Canvas,Pakaian,Aksesoris Fashion,1,50000.00,22000.00,0.05,47500.00,25500.00
ORD-00860,2026-01-16,Completed,E-Wallet,CUST-0200,Indah Lestari,Corporate,Jakarta Selatan,Jawa,PROD-009,Earphones TWS Bluetooth 5.3,Elektronik,Audio,1,250000.00,140000.00,0.00,250000.00,110000.00
ORD-00860,2026-01-16,Completed,E-Wallet,CUST-0200,Indah Lestari,Corporate,Jakarta Selatan,Jawa,PROD-007,Powerbank 10000mAh Dual Port,Elektronik,Aksesoris Mobile,2,200000.00,120000.00,0.00,400000.00,160000.00
ORD-00860,2026-01-16,Completed,E-Wallet,CUST-0200,Indah Lestari,Corporate,Jakarta Selatan,Jawa,PROD-011,Kaos Polos Cotton Combed 30s,Pakaian,Pria,1,75000.00,35000.00,0.00,75000.00,40000.00
ORD-01072,2025-03-25,Completed,COD,CUST-0200,Indah Lestari,Corporate,Jakarta Selatan,Jawa,PROD-015,Blouse Wanita Casual,Pakaian,Wanita,1,135000.00,70000.00,0.10,121500.00,51500.00
ORD-01072,2025-03-25,Completed,COD,CUST-0200,Indah Lestari,Corporate,Jakarta Selatan,Jawa,PROD-019,Lampu Meja LED Belajar,Perlengkapan Rumah,Dekorasi,2,110000.00,60000.00,0.00,220000.00,100000.00
ORD-00186,2025-06-08,Completed,E-Wallet,CUST-0201,Titi Suryani,Corporate,Denpasar,Bali & Nusa Tenggara,PROD-023,Buku Catatan Hardcover A5,Alat Tulis & Kantor,Kertas & Buku,3,45000.00,20000.00,0.00,135000.00,75000.00
ORD-00186,2025-06-08,Completed,E-Wallet,CUST-0201,Titi Suryani,Corporate,Denpasar,Bali & Nusa Tenggara,PROD-001,Mouse Wireless M185,Elektronik,Aksesoris Komputer,1,150000.00,95000.00,0.00,150000.00,55000.00
ORD-00186,2025-06-08,Completed,E-Wallet,CUST-0201,Titi Suryani,Corporate,Denpasar,Bali & Nusa Tenggara,PROD-015,Blouse Wanita Casual,Pakaian,Wanita,1,135000.00,70000.00,0.00,135000.00,65000.00
ORD-00503,2025-11-02,Completed,Transfer Bank,CUST-0201,Titi Suryani,Corporate,Denpasar,Bali & Nusa Tenggara,PROD-002,Keyboard Mechanical RGB,Elektronik,Aksesoris Komputer,1,450000.00,280000.00,0.15,382500.00,102500.00
ORD-00472,2025-06-16,Completed,Credit Card,CUST-0202,Maya Pertiwi,Consumer,Balikpapan,Kalimantan,PROD-014,Celana Chino Slim Fit,Pakaian,Pria,2,185000.00,100000.00,0.05,351500.00,151500.00
ORD-00472,2025-06-16,Completed,Credit Card,CUST-0202,Maya Pertiwi,Consumer,Balikpapan,Kalimantan,PROD-003,Headset Gaming Surround 7.1,Elektronik,Audio,3,350000.00,210000.00,0.15,892500.00,262500.00
ORD-00472,2025-06-16,Completed,Credit Card,CUST-0202,Maya Pertiwi,Consumer,Balikpapan,Kalimantan,PROD-020,Organizer Meja Acrylic,Perlengkapan Rumah,Storage,2,65000.00,32000.00,0.00,130000.00,66000.00
ORD-00472,2025-06-16,Completed,Credit Card,CUST-0202,Maya Pertiwi,Consumer,Balikpapan,Kalimantan,PROD-010,USB Flashdrive 64GB,Elektronik,Storage,1,85000.00,45000.00,0.00,85000.00,40000.00
ORD-00533,2026-01-25,Completed,COD,CUST-0202,Maya Pertiwi,Consumer,Balikpapan,Kalimantan,PROD-002,Keyboard Mechanical RGB,Elektronik,Aksesoris Komputer,1,450000.00,280000.00,0.00,450000.00,170000.00
ORD-00612,2025-09-16,Completed,Transfer Bank,CUST-0202,Maya Pertiwi,Consumer,Balikpapan,Kalimantan,PROD-010,USB Flashdrive 64GB,Elektronik,Storage,2,85000.00,45000.00,0.05,161500.00,71500.00
ORD-00612,2025-09-16,Completed,Transfer Bank,CUST-0202,Maya Pertiwi,Consumer,Balikpapan,Kalimantan,PROD-019,Lampu Meja LED Belajar,Perlengkapan Rumah,Dekorasi,1,110000.00,60000.00,0.00,110000.00,50000.00
ORD-00612,2025-09-16,Completed,Transfer Bank,CUST-0202,Maya Pertiwi,Consumer,Balikpapan,Kalimantan,PROD-008,Webcam Full HD 1080p,Elektronik,Aksesoris Komputer,1,280000.00,175000.00,0.10,252000.00,77000.00
ORD-00612,2025-09-16,Completed,Transfer Bank,CUST-0202,Maya Pertiwi,Consumer,Balikpapan,Kalimantan,PROD-012,Kemeja Flanel Lengan Panjang,Pakaian,Pria,1,165000.00,90000.00,0.05,156750.00,66750.00
ORD-01157,2025-03-20,Completed,COD,CUST-0202,Maya Pertiwi,Consumer,Balikpapan,Kalimantan,PROD-013,Jaket Hoodie Fleece,Pakaian,Pria,1,220000.00,125000.00,0.00,220000.00,95000.00
ORD-01159,2025-04-24,Completed,E-Wallet,CUST-0202,Maya Pertiwi,Consumer,Balikpapan,Kalimantan,PROD-020,Organizer Meja Acrylic,Perlengkapan Rumah,Storage,1,65000.00,32000.00,0.10,58500.00,26500.00
ORD-01191,2025-04-26,Completed,E-Wallet,CUST-0202,Maya Pertiwi,Consumer,Balikpapan,Kalimantan,PROD-003,Headset Gaming Surround 7.1,Elektronik,Audio,1,350000.00,210000.00,0.05,332500.00,122500.00
ORD-01191,2025-04-26,Completed,E-Wallet,CUST-0202,Maya Pertiwi,Consumer,Balikpapan,Kalimantan,PROD-006,Kabel Data Type-C Fast Charge,Elektronik,Aksesoris Mobile,1,35000.00,15000.00,0.00,35000.00,20000.00
ORD-00075,2025-12-25,Completed,Credit Card,CUST-0203,Ahmad Hadi,Consumer,Denpasar,Bali & Nusa Tenggara,PROD-015,Blouse Wanita Casual,Pakaian,Wanita,2,135000.00,70000.00,0.00,270000.00,130000.00
ORD-00661,2025-07-11,Completed,Transfer Bank,CUST-0203,Ahmad Hadi,Consumer,Denpasar,Bali & Nusa Tenggara,PROD-015,Blouse Wanita Casual,Pakaian,Wanita,2,135000.00,70000.00,0.10,243000.00,103000.00
ORD-00661,2025-07-11,Completed,Transfer Bank,CUST-0203,Ahmad Hadi,Consumer,Denpasar,Bali & Nusa Tenggara,PROD-014,Celana Chino Slim Fit,Pakaian,Pria,3,185000.00,100000.00,0.00,555000.00,255000.00
ORD-00661,2025-07-11,Completed,Transfer Bank,CUST-0203,Ahmad Hadi,Consumer,Denpasar,Bali & Nusa Tenggara,PROD-025,Desk Mat Deskpad Leather,Alat Tulis & Kantor,Aksesoris Meja,1,95000.00,50000.00,0.05,90250.00,40250.00
ORD-00702,2025-09-01,Completed,Transfer Bank,CUST-0203,Ahmad Hadi,Consumer,Denpasar,Bali & Nusa Tenggara,PROD-001,Mouse Wireless M185,Elektronik,Aksesoris Komputer,3,150000.00,95000.00,0.00,450000.00,165000.00
ORD-01071,2025-07-30,Completed,E-Wallet,CUST-0203,Ahmad Hadi,Consumer,Denpasar,Bali & Nusa Tenggara,PROD-015,Blouse Wanita Casual,Pakaian,Wanita,3,135000.00,70000.00,0.10,364500.00,154500.00
ORD-01071,2025-07-30,Completed,E-Wallet,CUST-0203,Ahmad Hadi,Consumer,Denpasar,Bali & Nusa Tenggara,PROD-001,Mouse Wireless M185,Elektronik,Aksesoris Komputer,1,150000.00,95000.00,0.00,150000.00,55000.00
ORD-00058,2026-02-05,Completed,Transfer Bank,CUST-0204,Fajar Hadi,Home Office,Palembang,Sumatra,PROD-015,Blouse Wanita Casual,Pakaian,Wanita,1,135000.00,70000.00,0.00,135000.00,65000.00
ORD-00058,2026-02-05,Completed,Transfer Bank,CUST-0204,Fajar Hadi,Home Office,Palembang,Sumatra,PROD-004,Stand Laptop Aluminium,Elektronik,Aksesoris Komputer,5,120000.00,70000.00,0.00,600000.00,250000.00
ORD-00058,2026-02-05,Completed,Transfer Bank,CUST-0204,Fajar Hadi,Home Office,Palembang,Sumatra,PROD-025,Desk Mat Deskpad Leather,Alat Tulis & Kantor,Aksesoris Meja,2,95000.00,50000.00,0.00,190000.00,90000.00
ORD-00231,2025-06-11,Completed,COD,CUST-0204,Fajar Hadi,Home Office,Palembang,Sumatra,PROD-004,Stand Laptop Aluminium,Elektronik,Aksesoris Komputer,1,120000.00,70000.00,0.00,120000.00,50000.00
ORD-00231,2025-06-11,Completed,COD,CUST-0204,Fajar Hadi,Home Office,Palembang,Sumatra,PROD-018,Botol Minum Tumbler 500ml,Perlengkapan Rumah,Dapur & Makan,2,95000.00,48000.00,0.00,190000.00,94000.00
ORD-00442,2025-10-28,Completed,Transfer Bank,CUST-0204,Fajar Hadi,Home Office,Palembang,Sumatra,PROD-016,Tunik Batik Modern,Pakaian,Wanita,2,175000.00,95000.00,0.00,350000.00,160000.00
ORD-00442,2025-10-28,Completed,Transfer Bank,CUST-0204,Fajar Hadi,Home Office,Palembang,Sumatra,PROD-009,Earphones TWS Bluetooth 5.3,Elektronik,Audio,2,250000.00,140000.00,0.05,475000.00,195000.00
ORD-00447,2025-06-24,Completed,Credit Card,CUST-0204,Fajar Hadi,Home Office,Palembang,Sumatra,PROD-012,Kemeja Flanel Lengan Panjang,Pakaian,Pria,1,165000.00,90000.00,0.00,165000.00,75000.00
ORD-00447,2025-06-24,Completed,Credit Card,CUST-0204,Fajar Hadi,Home Office,Palembang,Sumatra,PROD-024,Pulpen Gel Pack 12 Pcs,Alat Tulis & Kantor,Alat Tulis,3,36000.00,18000.00,0.10,97200.00,43200.00
ORD-00447,2025-06-24,Completed,Credit Card,CUST-0204,Fajar Hadi,Home Office,Palembang,Sumatra,PROD-021,Bantal Leher Memory Foam,Perlengkapan Rumah,Kebutuhan Harian,1,85000.00,42000.00,0.00,85000.00,43000.00
ORD-01140,2026-05-08,Completed,Transfer Bank,CUST-0204,Fajar Hadi,Home Office,Palembang,Sumatra,PROD-021,Bantal Leher Memory Foam,Perlengkapan Rumah,Kebutuhan Harian,1,85000.00,42000.00,0.20,68000.00,26000.00
ORD-01140,2026-05-08,Completed,Transfer Bank,CUST-0204,Fajar Hadi,Home Office,Palembang,Sumatra,PROD-017,Topi Baseball Canvas,Pakaian,Aksesoris Fashion,1,50000.00,22000.00,0.00,50000.00,28000.00
ORD-01140,2026-05-08,Completed,Transfer Bank,CUST-0204,Fajar Hadi,Home Office,Palembang,Sumatra,PROD-010,USB Flashdrive 64GB,Elektronik,Storage,2,85000.00,45000.00,0.10,153000.00,63000.00
ORD-01140,2026-05-08,Completed,Transfer Bank,CUST-0204,Fajar Hadi,Home Office,Palembang,Sumatra,PROD-012,Kemeja Flanel Lengan Panjang,Pakaian,Pria,2,165000.00,90000.00,0.15,280500.00,100500.00
ORD-00124,2025-06-23,Completed,COD,CUST-0205,Indah Setiawan,Corporate,Palembang,Sumatra,PROD-019,Lampu Meja LED Belajar,Perlengkapan Rumah,Dekorasi,2,110000.00,60000.00,0.00,220000.00,100000.00
ORD-00124,2025-06-23,Completed,COD,CUST-0205,Indah Setiawan,Corporate,Palembang,Sumatra,PROD-014,Celana Chino Slim Fit,Pakaian,Pria,5,185000.00,100000.00,0.10,832500.00,332500.00
ORD-00283,2026-01-11,Completed,E-Wallet,CUST-0205,Indah Setiawan,Corporate,Palembang,Sumatra,PROD-004,Stand Laptop Aluminium,Elektronik,Aksesoris Komputer,1,120000.00,70000.00,0.00,120000.00,50000.00
ORD-00351,2025-09-21,Cancelled,Transfer Bank,CUST-0206,Bambang Nugroho,Consumer,Surabaya,Jawa,PROD-024,Pulpen Gel Pack 12 Pcs,Alat Tulis & Kantor,Alat Tulis,1,36000.00,18000.00,0.20,28800.00,10800.00
ORD-00351,2025-09-21,Cancelled,Transfer Bank,CUST-0206,Bambang Nugroho,Consumer,Surabaya,Jawa,PROD-001,Mouse Wireless M185,Elektronik,Aksesoris Komputer,2,150000.00,95000.00,0.05,285000.00,95000.00
ORD-00717,2025-11-13,Completed,Transfer Bank,CUST-0206,Bambang Nugroho,Consumer,Surabaya,Jawa,PROD-013,Jaket Hoodie Fleece,Pakaian,Pria,3,220000.00,125000.00,0.00,660000.00,285000.00
ORD-00717,2025-11-13,Completed,Transfer Bank,CUST-0206,Bambang Nugroho,Consumer,Surabaya,Jawa,PROD-008,Webcam Full HD 1080p,Elektronik,Aksesoris Komputer,2,280000.00,175000.00,0.00,560000.00,210000.00
ORD-00717,2025-11-13,Completed,Transfer Bank,CUST-0206,Bambang Nugroho,Consumer,Surabaya,Jawa,PROD-020,Organizer Meja Acrylic,Perlengkapan Rumah,Storage,1,65000.00,32000.00,0.00,65000.00,33000.00
ORD-01134,2026-02-10,Completed,Credit Card,CUST-0206,Bambang Nugroho,Consumer,Surabaya,Jawa,PROD-001,Mouse Wireless M185,Elektronik,Aksesoris Komputer,1,150000.00,95000.00,0.20,120000.00,25000.00
ORD-00716,2025-01-20,Completed,E-Wallet,CUST-0207,Agus Hadi,Consumer,Medan,Sumatra,PROD-004,Stand Laptop Aluminium,Elektronik,Aksesoris Komputer,1,120000.00,70000.00,0.00,120000.00,50000.00
ORD-00716,2025-01-20,Completed,E-Wallet,CUST-0207,Agus Hadi,Consumer,Medan,Sumatra,PROD-017,Topi Baseball Canvas,Pakaian,Aksesoris Fashion,1,50000.00,22000.00,0.05,47500.00,25500.00
ORD-00749,2026-02-17,Completed,Credit Card,CUST-0207,Agus Hadi,Consumer,Medan,Sumatra,PROD-019,Lampu Meja LED Belajar,Perlengkapan Rumah,Dekorasi,1,110000.00,60000.00,0.05,104500.00,44500.00
ORD-00823,2025-10-09,Completed,E-Wallet,CUST-0207,Agus Hadi,Consumer,Medan,Sumatra,PROD-009,Earphones TWS Bluetooth 5.3,Elektronik,Audio,5,250000.00,140000.00,0.05,1187500.00,487500.00
ORD-00823,2025-10-09,Completed,E-Wallet,CUST-0207,Agus Hadi,Consumer,Medan,Sumatra,PROD-004,Stand Laptop Aluminium,Elektronik,Aksesoris Komputer,5,120000.00,70000.00,0.00,600000.00,250000.00
ORD-00823,2025-10-09,Completed,E-Wallet,CUST-0207,Agus Hadi,Consumer,Medan,Sumatra,PROD-011,Kaos Polos Cotton Combed 30s,Pakaian,Pria,1,75000.00,35000.00,0.00,75000.00,40000.00
ORD-00876,2025-08-01,Completed,Transfer Bank,CUST-0207,Agus Hadi,Consumer,Medan,Sumatra,PROD-013,Jaket Hoodie Fleece,Pakaian,Pria,2,220000.00,125000.00,0.05,418000.00,168000.00
ORD-00156,2025-10-22,Completed,COD,CUST-0208,Titi Nugroho,Corporate,Medan,Sumatra,PROD-021,Bantal Leher Memory Foam,Perlengkapan Rumah,Kebutuhan Harian,3,85000.00,42000.00,0.15,216750.00,90750.00
ORD-00156,2025-10-22,Completed,COD,CUST-0208,Titi Nugroho,Corporate,Medan,Sumatra,PROD-011,Kaos Polos Cotton Combed 30s,Pakaian,Pria,3,75000.00,35000.00,0.05,213750.00,108750.00
ORD-00350,2025-03-31,Completed,COD,CUST-0208,Titi Nugroho,Corporate,Medan,Sumatra,PROD-013,Jaket Hoodie Fleece,Pakaian,Pria,1,220000.00,125000.00,0.15,187000.00,62000.00
ORD-00495,2026-05-06,Completed,E-Wallet,CUST-0208,Titi Nugroho,Corporate,Medan,Sumatra,PROD-008,Webcam Full HD 1080p,Elektronik,Aksesoris Komputer,1,280000.00,175000.00,0.00,280000.00,105000.00
ORD-00495,2026-05-06,Completed,E-Wallet,CUST-0208,Titi Nugroho,Corporate,Medan,Sumatra,PROD-022,Rak Sepatu Susun Plastik,Perlengkapan Rumah,Storage,2,125000.00,68000.00,0.00,250000.00,114000.00
ORD-00626,2026-02-24,Completed,COD,CUST-0208,Titi Nugroho,Corporate,Medan,Sumatra,PROD-013,Jaket Hoodie Fleece,Pakaian,Pria,1,220000.00,125000.00,0.00,220000.00,95000.00
ORD-00893,2025-07-18,Completed,COD,CUST-0208,Titi Nugroho,Corporate,Medan,Sumatra,PROD-021,Bantal Leher Memory Foam,Perlengkapan Rumah,Kebutuhan Harian,1,85000.00,42000.00,0.00,85000.00,43000.00
ORD-00893,2025-07-18,Completed,COD,CUST-0208,Titi Nugroho,Corporate,Medan,Sumatra,PROD-011,Kaos Polos Cotton Combed 30s,Pakaian,Pria,1,75000.00,35000.00,0.10,67500.00,32500.00
ORD-00926,2026-02-21,Completed,E-Wallet,CUST-0208,Titi Nugroho,Corporate,Medan,Sumatra,PROD-011,Kaos Polos Cotton Combed 30s,Pakaian,Pria,1,75000.00,35000.00,0.00,75000.00,40000.00
ORD-00926,2026-02-21,Completed,E-Wallet,CUST-0208,Titi Nugroho,Corporate,Medan,Sumatra,PROD-021,Bantal Leher Memory Foam,Perlengkapan Rumah,Kebutuhan Harian,3,85000.00,42000.00,0.05,242250.00,116250.00
ORD-00926,2026-02-21,Completed,E-Wallet,CUST-0208,Titi Nugroho,Corporate,Medan,Sumatra,PROD-012,Kemeja Flanel Lengan Panjang,Pakaian,Pria,1,165000.00,90000.00,0.00,165000.00,75000.00
ORD-01046,2025-11-20,Completed,Transfer Bank,CUST-0208,Titi Nugroho,Corporate,Medan,Sumatra,PROD-017,Topi Baseball Canvas,Pakaian,Aksesoris Fashion,2,50000.00,22000.00,0.05,95000.00,51000.00
ORD-01046,2025-11-20,Completed,Transfer Bank,CUST-0208,Titi Nugroho,Corporate,Medan,Sumatra,PROD-007,Powerbank 10000mAh Dual Port,Elektronik,Aksesoris Mobile,1,200000.00,120000.00,0.00,200000.00,80000.00
ORD-00724,2025-08-15,Completed,COD,CUST-0209,Lestari Nugroho,Consumer,Bandung,Jawa,PROD-006,Kabel Data Type-C Fast Charge,Elektronik,Aksesoris Mobile,3,35000.00,15000.00,0.00,105000.00,60000.00
ORD-00724,2025-08-15,Completed,COD,CUST-0209,Lestari Nugroho,Consumer,Bandung,Jawa,PROD-017,Topi Baseball Canvas,Pakaian,Aksesoris Fashion,2,50000.00,22000.00,0.00,100000.00,56000.00
ORD-00724,2025-08-15,Completed,COD,CUST-0209,Lestari Nugroho,Consumer,Bandung,Jawa,PROD-013,Jaket Hoodie Fleece,Pakaian,Pria,1,220000.00,125000.00,0.05,209000.00,84000.00
ORD-00093,2026-04-11,Completed,Transfer Bank,CUST-0210,Hendra Hidayat,Consumer,Jakarta Selatan,Jawa,PROD-009,Earphones TWS Bluetooth 5.3,Elektronik,Audio,5,250000.00,140000.00,0.00,1250000.00,550000.00
ORD-00476,2026-03-02,Completed,COD,CUST-0210,Hendra Hidayat,Consumer,Jakarta Selatan,Jawa,PROD-019,Lampu Meja LED Belajar,Perlengkapan Rumah,Dekorasi,1,110000.00,60000.00,0.05,104500.00,44500.00
ORD-00605,2025-03-19,Completed,Transfer Bank,CUST-0210,Hendra Hidayat,Consumer,Jakarta Selatan,Jawa,PROD-002,Keyboard Mechanical RGB,Elektronik,Aksesoris Komputer,5,450000.00,280000.00,0.00,2250000.00,850000.00
ORD-00605,2025-03-19,Completed,Transfer Bank,CUST-0210,Hendra Hidayat,Consumer,Jakarta Selatan,Jawa,PROD-005,Monitor 24 inch IPS 75Hz,Elektronik,Display,1,1800000.00,1350000.00,0.00,1800000.00,450000.00
ORD-00605,2025-03-19,Completed,Transfer Bank,CUST-0210,Hendra Hidayat,Consumer,Jakarta Selatan,Jawa,PROD-007,Powerbank 10000mAh Dual Port,Elektronik,Aksesoris Mobile,1,200000.00,120000.00,0.00,200000.00,80000.00
ORD-00764,2025-03-12,Completed,COD,CUST-0210,Hendra Hidayat,Consumer,Jakarta Selatan,Jawa,PROD-025,Desk Mat Deskpad Leather,Alat Tulis & Kantor,Aksesoris Meja,1,95000.00,50000.00,0.05,90250.00,40250.00
ORD-00835,2025-03-13,Cancelled,Transfer Bank,CUST-0210,Hendra Hidayat,Consumer,Jakarta Selatan,Jawa,PROD-019,Lampu Meja LED Belajar,Perlengkapan Rumah,Dekorasi,1,110000.00,60000.00,0.00,110000.00,50000.00
ORD-00835,2025-03-13,Cancelled,Transfer Bank,CUST-0210,Hendra Hidayat,Consumer,Jakarta Selatan,Jawa,PROD-006,Kabel Data Type-C Fast Charge,Elektronik,Aksesoris Mobile,2,35000.00,15000.00,0.20,56000.00,26000.00
ORD-01116,2025-11-10,Returned,Credit Card,CUST-0210,Hendra Hidayat,Consumer,Jakarta Selatan,Jawa,PROD-016,Tunik Batik Modern,Pakaian,Wanita,2,175000.00,95000.00,0.00,350000.00,160000.00
ORD-00028,2026-03-16,Completed,COD,CUST-0211,Maya Wijaya,Corporate,Medan,Sumatra,PROD-022,Rak Sepatu Susun Plastik,Perlengkapan Rumah,Storage,1,125000.00,68000.00,0.00,125000.00,57000.00
ORD-00051,2025-10-20,Completed,Transfer Bank,CUST-0211,Maya Wijaya,Corporate,Medan,Sumatra,PROD-024,Pulpen Gel Pack 12 Pcs,Alat Tulis & Kantor,Alat Tulis,1,36000.00,18000.00,0.05,34200.00,16200.00
ORD-00051,2025-10-20,Completed,Transfer Bank,CUST-0211,Maya Wijaya,Corporate,Medan,Sumatra,PROD-006,Kabel Data Type-C Fast Charge,Elektronik,Aksesoris Mobile,5,35000.00,15000.00,0.00,175000.00,100000.00
ORD-00051,2025-10-20,Completed,Transfer Bank,CUST-0211,Maya Wijaya,Corporate,Medan,Sumatra,PROD-007,Powerbank 10000mAh Dual Port,Elektronik,Aksesoris Mobile,5,200000.00,120000.00,0.00,1000000.00,400000.00
ORD-00051,2025-10-20,Completed,Transfer Bank,CUST-0211,Maya Wijaya,Corporate,Medan,Sumatra,PROD-021,Bantal Leher Memory Foam,Perlengkapan Rumah,Kebutuhan Harian,3,85000.00,42000.00,0.05,242250.00,116250.00
ORD-00530,2025-03-11,Completed,Transfer Bank,CUST-0211,Maya Wijaya,Corporate,Medan,Sumatra,PROD-008,Webcam Full HD 1080p,Elektronik,Aksesoris Komputer,3,280000.00,175000.00,0.00,840000.00,315000.00
ORD-00813,2026-04-17,Completed,COD,CUST-0211,Maya Wijaya,Corporate,Medan,Sumatra,PROD-023,Buku Catatan Hardcover A5,Alat Tulis & Kantor,Kertas & Buku,1,45000.00,20000.00,0.00,45000.00,25000.00
ORD-00813,2026-04-17,Completed,COD,CUST-0211,Maya Wijaya,Corporate,Medan,Sumatra,PROD-003,Headset Gaming Surround 7.1,Elektronik,Audio,1,350000.00,210000.00,0.00,350000.00,140000.00
ORD-01200,2026-01-27,Completed,COD,CUST-0212,Dewi Lestari,Corporate,Palembang,Sumatra,PROD-023,Buku Catatan Hardcover A5,Alat Tulis & Kantor,Kertas & Buku,1,45000.00,20000.00,0.05,42750.00,22750.00
ORD-00045,2025-05-22,Completed,Credit Card,CUST-0213,Agus Kurniawan,Corporate,Surabaya,Jawa,PROD-021,Bantal Leher Memory Foam,Perlengkapan Rumah,Kebutuhan Harian,1,85000.00,42000.00,0.20,68000.00,26000.00
ORD-00045,2025-05-22,Completed,Credit Card,CUST-0213,Agus Kurniawan,Corporate,Surabaya,Jawa,PROD-013,Jaket Hoodie Fleece,Pakaian,Pria,1,220000.00,125000.00,0.00,220000.00,95000.00
ORD-00045,2025-05-22,Completed,Credit Card,CUST-0213,Agus Kurniawan,Corporate,Surabaya,Jawa,PROD-012,Kemeja Flanel Lengan Panjang,Pakaian,Pria,2,165000.00,90000.00,0.05,313500.00,133500.00
ORD-00146,2025-09-06,Completed,Credit Card,CUST-0213,Agus Kurniawan,Corporate,Surabaya,Jawa,PROD-003,Headset Gaming Surround 7.1,Elektronik,Audio,2,350000.00,210000.00,0.00,700000.00,280000.00
ORD-00360,2026-01-18,Completed,COD,CUST-0213,Agus Kurniawan,Corporate,Surabaya,Jawa,PROD-018,Botol Minum Tumbler 500ml,Perlengkapan Rumah,Dapur & Makan,2,95000.00,48000.00,0.00,190000.00,94000.00
ORD-00360,2026-01-18,Completed,COD,CUST-0213,Agus Kurniawan,Corporate,Surabaya,Jawa,PROD-015,Blouse Wanita Casual,Pakaian,Wanita,1,135000.00,70000.00,0.00,135000.00,65000.00
ORD-00514,2025-07-29,Completed,COD,CUST-0213,Agus Kurniawan,Corporate,Surabaya,Jawa,PROD-014,Celana Chino Slim Fit,Pakaian,Pria,1,185000.00,100000.00,0.15,157250.00,57250.00
ORD-00575,2025-11-18,Completed,COD,CUST-0213,Agus Kurniawan,Corporate,Surabaya,Jawa,PROD-005,Monitor 24 inch IPS 75Hz,Elektronik,Display,1,1800000.00,1350000.00,0.00,1800000.00,450000.00
ORD-01125,2025-10-13,Completed,Credit Card,CUST-0213,Agus Kurniawan,Corporate,Surabaya,Jawa,PROD-020,Organizer Meja Acrylic,Perlengkapan Rumah,Storage,1,65000.00,32000.00,0.00,65000.00,33000.00
ORD-01131,2025-10-13,Completed,Transfer Bank,CUST-0213,Agus Kurniawan,Corporate,Surabaya,Jawa,PROD-023,Buku Catatan Hardcover A5,Alat Tulis & Kantor,Kertas & Buku,1,45000.00,20000.00,0.00,45000.00,25000.00
ORD-01131,2025-10-13,Completed,Transfer Bank,CUST-0213,Agus Kurniawan,Corporate,Surabaya,Jawa,PROD-002,Keyboard Mechanical RGB,Elektronik,Aksesoris Komputer,1,450000.00,280000.00,0.00,450000.00,170000.00
ORD-01131,2025-10-13,Completed,Transfer Bank,CUST-0213,Agus Kurniawan,Corporate,Surabaya,Jawa,PROD-011,Kaos Polos Cotton Combed 30s,Pakaian,Pria,1,75000.00,35000.00,0.00,75000.00,40000.00
ORD-00006,2025-05-08,Completed,E-Wallet,CUST-0214,Rina Aminah,Consumer,Surabaya,Jawa,PROD-024,Pulpen Gel Pack 12 Pcs,Alat Tulis & Kantor,Alat Tulis,2,36000.00,18000.00,0.05,68400.00,32400.00
ORD-00596,2025-04-25,Completed,Credit Card,CUST-0214,Rina Aminah,Consumer,Surabaya,Jawa,PROD-011,Kaos Polos Cotton Combed 30s,Pakaian,Pria,1,75000.00,35000.00,0.00,75000.00,40000.00
ORD-00786,2025-01-25,Completed,COD,CUST-0214,Rina Aminah,Consumer,Surabaya,Jawa,PROD-017,Topi Baseball Canvas,Pakaian,Aksesoris Fashion,1,50000.00,22000.00,0.00,50000.00,28000.00
ORD-00786,2025-01-25,Completed,COD,CUST-0214,Rina Aminah,Consumer,Surabaya,Jawa,PROD-008,Webcam Full HD 1080p,Elektronik,Aksesoris Komputer,2,280000.00,175000.00,0.00,560000.00,210000.00
ORD-00853,2025-10-26,Completed,Credit Card,CUST-0214,Rina Aminah,Consumer,Surabaya,Jawa,PROD-010,USB Flashdrive 64GB,Elektronik,Storage,5,85000.00,45000.00,0.00,425000.00,200000.00
ORD-00853,2025-10-26,Completed,Credit Card,CUST-0214,Rina Aminah,Consumer,Surabaya,Jawa,PROD-018,Botol Minum Tumbler 500ml,Perlengkapan Rumah,Dapur & Makan,1,95000.00,48000.00,0.00,95000.00,47000.00
ORD-00862,2026-04-20,Completed,Credit Card,CUST-0214,Rina Aminah,Consumer,Surabaya,Jawa,PROD-016,Tunik Batik Modern,Pakaian,Wanita,5,175000.00,95000.00,0.00,875000.00,400000.00
ORD-00862,2026-04-20,Completed,Credit Card,CUST-0214,Rina Aminah,Consumer,Surabaya,Jawa,PROD-023,Buku Catatan Hardcover A5,Alat Tulis & Kantor,Kertas & Buku,2,45000.00,20000.00,0.00,90000.00,50000.00
ORD-01153,2026-03-27,Completed,Transfer Bank,CUST-0214,Rina Aminah,Consumer,Surabaya,Jawa,PROD-021,Bantal Leher Memory Foam,Perlengkapan Rumah,Kebutuhan Harian,2,85000.00,42000.00,0.00,170000.00,86000.00
ORD-01153,2026-03-27,Completed,Transfer Bank,CUST-0214,Rina Aminah,Consumer,Surabaya,Jawa,PROD-013,Jaket Hoodie Fleece,Pakaian,Pria,1,220000.00,125000.00,0.00,220000.00,95000.00
ORD-00216,2025-03-04,Completed,COD,CUST-0215,Fajar Wijaya,Corporate,Semarang,Jawa,PROD-006,Kabel Data Type-C Fast Charge,Elektronik,Aksesoris Mobile,1,35000.00,15000.00,0.00,35000.00,20000.00
ORD-00287,2025-05-29,Completed,E-Wallet,CUST-0215,Fajar Wijaya,Corporate,Semarang,Jawa,PROD-003,Headset Gaming Surround 7.1,Elektronik,Audio,1,350000.00,210000.00,0.00,350000.00,140000.00
ORD-00480,2025-10-01,Completed,Transfer Bank,CUST-0215,Fajar Wijaya,Corporate,Semarang,Jawa,PROD-009,Earphones TWS Bluetooth 5.3,Elektronik,Audio,1,250000.00,140000.00,0.20,200000.00,60000.00
ORD-00675,2025-01-25,Completed,E-Wallet,CUST-0215,Fajar Wijaya,Corporate,Semarang,Jawa,PROD-013,Jaket Hoodie Fleece,Pakaian,Pria,2,220000.00,125000.00,0.00,440000.00,190000.00
ORD-00751,2025-06-01,Completed,COD,CUST-0215,Fajar Wijaya,Corporate,Semarang,Jawa,PROD-014,Celana Chino Slim Fit,Pakaian,Pria,3,185000.00,100000.00,0.05,527250.00,227250.00
ORD-00751,2025-06-01,Completed,COD,CUST-0215,Fajar Wijaya,Corporate,Semarang,Jawa,PROD-007,Powerbank 10000mAh Dual Port,Elektronik,Aksesoris Mobile,2,200000.00,120000.00,0.10,360000.00,120000.00
ORD-00463,2025-03-27,Completed,Credit Card,CUST-0216,Indah Kurniawan,Consumer,Palembang,Sumatra,PROD-003,Headset Gaming Surround 7.1,Elektronik,Audio,1,350000.00,210000.00,0.00,350000.00,140000.00
ORD-00463,2025-03-27,Completed,Credit Card,CUST-0216,Indah Kurniawan,Consumer,Palembang,Sumatra,PROD-002,Keyboard Mechanical RGB,Elektronik,Aksesoris Komputer,1,450000.00,280000.00,0.00,450000.00,170000.00
ORD-00463,2025-03-27,Completed,Credit Card,CUST-0216,Indah Kurniawan,Consumer,Palembang,Sumatra,PROD-007,Powerbank 10000mAh Dual Port,Elektronik,Aksesoris Mobile,3,200000.00,120000.00,0.05,570000.00,210000.00
ORD-00759,2026-01-17,Completed,Credit Card,CUST-0216,Indah Kurniawan,Consumer,Palembang,Sumatra,PROD-019,Lampu Meja LED Belajar,Perlengkapan Rumah,Dekorasi,2,110000.00,60000.00,0.00,220000.00,100000.00
ORD-00808,2025-12-20,Completed,E-Wallet,CUST-0216,Indah Kurniawan,Consumer,Palembang,Sumatra,PROD-024,Pulpen Gel Pack 12 Pcs,Alat Tulis & Kantor,Alat Tulis,2,36000.00,18000.00,0.00,72000.00,36000.00
ORD-01033,2026-02-17,Completed,COD,CUST-0216,Indah Kurniawan,Consumer,Palembang,Sumatra,PROD-013,Jaket Hoodie Fleece,Pakaian,Pria,5,220000.00,125000.00,0.00,1100000.00,475000.00
ORD-00478,2025-12-04,Completed,COD,CUST-0217,Rina Hadi,Consumer,Yogyakarta,Jawa,PROD-022,Rak Sepatu Susun Plastik,Perlengkapan Rumah,Storage,1,125000.00,68000.00,0.00,125000.00,57000.00
ORD-01019,2025-01-28,Cancelled,COD,CUST-0217,Rina Hadi,Consumer,Yogyakarta,Jawa,PROD-002,Keyboard Mechanical RGB,Elektronik,Aksesoris Komputer,1,450000.00,280000.00,0.00,450000.00,170000.00
ORD-01073,2025-04-23,Completed,E-Wallet,CUST-0217,Rina Hadi,Consumer,Yogyakarta,Jawa,PROD-015,Blouse Wanita Casual,Pakaian,Wanita,1,135000.00,70000.00,0.15,114750.00,44750.00
ORD-00125,2026-01-09,Completed,Credit Card,CUST-0219,Budi Hadi,Corporate,Balikpapan,Kalimantan,PROD-011,Kaos Polos Cotton Combed 30s,Pakaian,Pria,1,75000.00,35000.00,0.05,71250.00,36250.00
ORD-00125,2026-01-09,Completed,Credit Card,CUST-0219,Budi Hadi,Corporate,Balikpapan,Kalimantan,PROD-016,Tunik Batik Modern,Pakaian,Wanita,1,175000.00,95000.00,0.10,157500.00,62500.00
ORD-00125,2026-01-09,Completed,Credit Card,CUST-0219,Budi Hadi,Corporate,Balikpapan,Kalimantan,PROD-005,Monitor 24 inch IPS 75Hz,Elektronik,Display,2,1800000.00,1350000.00,0.10,3240000.00,540000.00
ORD-00008,2025-06-02,Completed,Credit Card,CUST-0220,Dian Nugroho,Home Office,Balikpapan,Kalimantan,PROD-014,Celana Chino Slim Fit,Pakaian,Pria,3,185000.00,100000.00,0.00,555000.00,255000.00
ORD-00008,2025-06-02,Completed,Credit Card,CUST-0220,Dian Nugroho,Home Office,Balikpapan,Kalimantan,PROD-008,Webcam Full HD 1080p,Elektronik,Aksesoris Komputer,1,280000.00,175000.00,0.15,238000.00,63000.00
ORD-00587,2026-01-30,Completed,Credit Card,CUST-0220,Dian Nugroho,Home Office,Balikpapan,Kalimantan,PROD-001,Mouse Wireless M185,Elektronik,Aksesoris Komputer,1,150000.00,95000.00,0.00,150000.00,55000.00
ORD-00587,2026-01-30,Completed,Credit Card,CUST-0220,Dian Nugroho,Home Office,Balikpapan,Kalimantan,PROD-011,Kaos Polos Cotton Combed 30s,Pakaian,Pria,1,75000.00,35000.00,0.00,75000.00,40000.00
ORD-00587,2026-01-30,Completed,Credit Card,CUST-0220,Dian Nugroho,Home Office,Balikpapan,Kalimantan,PROD-007,Powerbank 10000mAh Dual Port,Elektronik,Aksesoris Mobile,1,200000.00,120000.00,0.00,200000.00,80000.00
ORD-00770,2025-11-11,Completed,COD,CUST-0220,Dian Nugroho,Home Office,Balikpapan,Kalimantan,PROD-006,Kabel Data Type-C Fast Charge,Elektronik,Aksesoris Mobile,1,35000.00,15000.00,0.00,35000.00,20000.00
ORD-00770,2025-11-11,Completed,COD,CUST-0220,Dian Nugroho,Home Office,Balikpapan,Kalimantan,PROD-019,Lampu Meja LED Belajar,Perlengkapan Rumah,Dekorasi,1,110000.00,60000.00,0.00,110000.00,50000.00
ORD-00238,2026-01-08,Completed,E-Wallet,CUST-0221,Rizky Prasetyo,Corporate,Yogyakarta,Jawa,PROD-021,Bantal Leher Memory Foam,Perlengkapan Rumah,Kebutuhan Harian,2,85000.00,42000.00,0.00,170000.00,86000.00
ORD-00238,2026-01-08,Completed,E-Wallet,CUST-0221,Rizky Prasetyo,Corporate,Yogyakarta,Jawa,PROD-008,Webcam Full HD 1080p,Elektronik,Aksesoris Komputer,1,280000.00,175000.00,0.05,266000.00,91000.00
ORD-00428,2025-01-09,Completed,E-Wallet,CUST-0221,Rizky Prasetyo,Corporate,Yogyakarta,Jawa,PROD-005,Monitor 24 inch IPS 75Hz,Elektronik,Display,2,1800000.00,1350000.00,0.00,3600000.00,900000.00
ORD-00484,2026-05-11,Completed,Transfer Bank,CUST-0221,Rizky Prasetyo,Corporate,Yogyakarta,Jawa,PROD-022,Rak Sepatu Susun Plastik,Perlengkapan Rumah,Storage,1,125000.00,68000.00,0.00,125000.00,57000.00
ORD-00964,2026-04-05,Completed,COD,CUST-0221,Rizky Prasetyo,Corporate,Yogyakarta,Jawa,PROD-015,Blouse Wanita Casual,Pakaian,Wanita,1,135000.00,70000.00,0.05,128250.00,58250.00
ORD-01137,2025-07-31,Completed,Credit Card,CUST-0221,Rizky Prasetyo,Corporate,Yogyakarta,Jawa,PROD-016,Tunik Batik Modern,Pakaian,Wanita,5,175000.00,95000.00,0.00,875000.00,400000.00
ORD-01165,2025-05-05,Completed,Credit Card,CUST-0221,Rizky Prasetyo,Corporate,Yogyakarta,Jawa,PROD-005,Monitor 24 inch IPS 75Hz,Elektronik,Display,1,1800000.00,1350000.00,0.00,1800000.00,450000.00
ORD-01165,2025-05-05,Completed,Credit Card,CUST-0221,Rizky Prasetyo,Corporate,Yogyakarta,Jawa,PROD-001,Mouse Wireless M185,Elektronik,Aksesoris Komputer,2,150000.00,95000.00,0.00,300000.00,110000.00
ORD-00496,2025-04-06,Completed,COD,CUST-0222,Fajar Suryani,Corporate,Semarang,Jawa,PROD-016,Tunik Batik Modern,Pakaian,Wanita,2,175000.00,95000.00,0.00,350000.00,160000.00
ORD-01031,2026-02-16,Completed,COD,CUST-0222,Fajar Suryani,Corporate,Semarang,Jawa,PROD-009,Earphones TWS Bluetooth 5.3,Elektronik,Audio,1,250000.00,140000.00,0.00,250000.00,110000.00
ORD-01031,2026-02-16,Completed,COD,CUST-0222,Fajar Suryani,Corporate,Semarang,Jawa,PROD-020,Organizer Meja Acrylic,Perlengkapan Rumah,Storage,1,65000.00,32000.00,0.10,58500.00,26500.00
ORD-01031,2026-02-16,Completed,COD,CUST-0222,Fajar Suryani,Corporate,Semarang,Jawa,PROD-022,Rak Sepatu Susun Plastik,Perlengkapan Rumah,Storage,2,125000.00,68000.00,0.10,225000.00,89000.00
ORD-00581,2025-05-06,Completed,Transfer Bank,CUST-0223,Ahmad Setiawan,Consumer,Palembang,Sumatra,PROD-019,Lampu Meja LED Belajar,Perlengkapan Rumah,Dekorasi,2,110000.00,60000.00,0.05,209000.00,89000.00
ORD-00581,2025-05-06,Completed,Transfer Bank,CUST-0223,Ahmad Setiawan,Consumer,Palembang,Sumatra,PROD-006,Kabel Data Type-C Fast Charge,Elektronik,Aksesoris Mobile,1,35000.00,15000.00,0.05,33250.00,18250.00
ORD-00613,2025-10-31,Completed,E-Wallet,CUST-0223,Ahmad Setiawan,Consumer,Palembang,Sumatra,PROD-025,Desk Mat Deskpad Leather,Alat Tulis & Kantor,Aksesoris Meja,1,95000.00,50000.00,0.00,95000.00,45000.00
ORD-00613,2025-10-31,Completed,E-Wallet,CUST-0223,Ahmad Setiawan,Consumer,Palembang,Sumatra,PROD-003,Headset Gaming Surround 7.1,Elektronik,Audio,1,350000.00,210000.00,0.00,350000.00,140000.00
ORD-00613,2025-10-31,Completed,E-Wallet,CUST-0223,Ahmad Setiawan,Consumer,Palembang,Sumatra,PROD-014,Celana Chino Slim Fit,Pakaian,Pria,2,185000.00,100000.00,0.05,351500.00,151500.00
ORD-00683,2025-08-09,Completed,E-Wallet,CUST-0223,Ahmad Setiawan,Consumer,Palembang,Sumatra,PROD-023,Buku Catatan Hardcover A5,Alat Tulis & Kantor,Kertas & Buku,5,45000.00,20000.00,0.15,191250.00,91250.00
ORD-00683,2025-08-09,Completed,E-Wallet,CUST-0223,Ahmad Setiawan,Consumer,Palembang,Sumatra,PROD-004,Stand Laptop Aluminium,Elektronik,Aksesoris Komputer,1,120000.00,70000.00,0.05,114000.00,44000.00
ORD-00683,2025-08-09,Completed,E-Wallet,CUST-0223,Ahmad Setiawan,Consumer,Palembang,Sumatra,PROD-020,Organizer Meja Acrylic,Perlengkapan Rumah,Storage,1,65000.00,32000.00,0.00,65000.00,33000.00
ORD-00706,2025-01-22,Completed,E-Wallet,CUST-0223,Ahmad Setiawan,Consumer,Palembang,Sumatra,PROD-017,Topi Baseball Canvas,Pakaian,Aksesoris Fashion,1,50000.00,22000.00,0.00,50000.00,28000.00
ORD-00706,2025-01-22,Completed,E-Wallet,CUST-0223,Ahmad Setiawan,Consumer,Palembang,Sumatra,PROD-013,Jaket Hoodie Fleece,Pakaian,Pria,5,220000.00,125000.00,0.00,1100000.00,475000.00
ORD-00706,2025-01-22,Completed,E-Wallet,CUST-0223,Ahmad Setiawan,Consumer,Palembang,Sumatra,PROD-011,Kaos Polos Cotton Combed 30s,Pakaian,Pria,1,75000.00,35000.00,0.10,67500.00,32500.00
ORD-00706,2025-01-22,Completed,E-Wallet,CUST-0223,Ahmad Setiawan,Consumer,Palembang,Sumatra,PROD-015,Blouse Wanita Casual,Pakaian,Wanita,1,135000.00,70000.00,0.00,135000.00,65000.00
ORD-00982,2026-02-26,Completed,Transfer Bank,CUST-0223,Ahmad Setiawan,Consumer,Palembang,Sumatra,PROD-023,Buku Catatan Hardcover A5,Alat Tulis & Kantor,Kertas & Buku,5,45000.00,20000.00,0.05,213750.00,113750.00
ORD-00205,2025-08-19,Completed,Transfer Bank,CUST-0224,Bambang Hidayat,Consumer,Bandung,Jawa,PROD-005,Monitor 24 inch IPS 75Hz,Elektronik,Display,1,1800000.00,1350000.00,0.05,1710000.00,360000.00
ORD-00205,2025-08-19,Completed,Transfer Bank,CUST-0224,Bambang Hidayat,Consumer,Bandung,Jawa,PROD-015,Blouse Wanita Casual,Pakaian,Wanita,2,135000.00,70000.00,0.10,243000.00,103000.00
ORD-00245,2026-05-03,Completed,Transfer Bank,CUST-0225,Fajar Nugroho,Consumer,Medan,Sumatra,PROD-021,Bantal Leher Memory Foam,Perlengkapan Rumah,Kebutuhan Harian,2,85000.00,42000.00,0.00,170000.00,86000.00
ORD-00245,2026-05-03,Completed,Transfer Bank,CUST-0225,Fajar Nugroho,Consumer,Medan,Sumatra,PROD-004,Stand Laptop Aluminium,Elektronik,Aksesoris Komputer,1,120000.00,70000.00,0.05,114000.00,44000.00
ORD-00245,2026-05-03,Completed,Transfer Bank,CUST-0225,Fajar Nugroho,Consumer,Medan,Sumatra,PROD-019,Lampu Meja LED Belajar,Perlengkapan Rumah,Dekorasi,3,110000.00,60000.00,0.05,313500.00,133500.00
ORD-00245,2026-05-03,Completed,Transfer Bank,CUST-0225,Fajar Nugroho,Consumer,Medan,Sumatra,PROD-012,Kemeja Flanel Lengan Panjang,Pakaian,Pria,1,165000.00,90000.00,0.00,165000.00,75000.00
ORD-00387,2026-01-15,Completed,E-Wallet,CUST-0225,Fajar Nugroho,Consumer,Medan,Sumatra,PROD-001,Mouse Wireless M185,Elektronik,Aksesoris Komputer,1,150000.00,95000.00,0.15,127500.00,32500.00
ORD-00387,2026-01-15,Completed,E-Wallet,CUST-0225,Fajar Nugroho,Consumer,Medan,Sumatra,PROD-022,Rak Sepatu Susun Plastik,Perlengkapan Rumah,Storage,1,125000.00,68000.00,0.00,125000.00,57000.00
ORD-00387,2026-01-15,Completed,E-Wallet,CUST-0225,Fajar Nugroho,Consumer,Medan,Sumatra,PROD-007,Powerbank 10000mAh Dual Port,Elektronik,Aksesoris Mobile,1,200000.00,120000.00,0.00,200000.00,80000.00
ORD-00475,2026-04-28,Cancelled,Credit Card,CUST-0225,Fajar Nugroho,Consumer,Medan,Sumatra,PROD-002,Keyboard Mechanical RGB,Elektronik,Aksesoris Komputer,2,450000.00,280000.00,0.10,810000.00,250000.00
ORD-00490,2025-06-28,Completed,COD,CUST-0225,Fajar Nugroho,Consumer,Medan,Sumatra,PROD-022,Rak Sepatu Susun Plastik,Perlengkapan Rumah,Storage,3,125000.00,68000.00,0.00,375000.00,171000.00
ORD-00490,2025-06-28,Completed,COD,CUST-0225,Fajar Nugroho,Consumer,Medan,Sumatra,PROD-023,Buku Catatan Hardcover A5,Alat Tulis & Kantor,Kertas & Buku,1,45000.00,20000.00,0.15,38250.00,18250.00
ORD-00490,2025-06-28,Completed,COD,CUST-0225,Fajar Nugroho,Consumer,Medan,Sumatra,PROD-001,Mouse Wireless M185,Elektronik,Aksesoris Komputer,1,150000.00,95000.00,0.05,142500.00,47500.00
ORD-00898,2025-05-25,Completed,COD,CUST-0225,Fajar Nugroho,Consumer,Medan,Sumatra,PROD-003,Headset Gaming Surround 7.1,Elektronik,Audio,2,350000.00,210000.00,0.05,665000.00,245000.00
ORD-00898,2025-05-25,Completed,COD,CUST-0225,Fajar Nugroho,Consumer,Medan,Sumatra,PROD-016,Tunik Batik Modern,Pakaian,Wanita,1,175000.00,95000.00,0.00,175000.00,80000.00
ORD-01105,2026-04-06,Completed,Credit Card,CUST-0225,Fajar Nugroho,Consumer,Medan,Sumatra,PROD-013,Jaket Hoodie Fleece,Pakaian,Pria,1,220000.00,125000.00,0.05,209000.00,84000.00
ORD-01105,2026-04-06,Completed,Credit Card,CUST-0225,Fajar Nugroho,Consumer,Medan,Sumatra,PROD-010,USB Flashdrive 64GB,Elektronik,Storage,1,85000.00,45000.00,0.10,76500.00,31500.00
ORD-00055,2026-03-22,Completed,Transfer Bank,CUST-0226,Dian Wijaya,Consumer,Yogyakarta,Jawa,PROD-016,Tunik Batik Modern,Pakaian,Wanita,2,175000.00,95000.00,0.00,350000.00,160000.00
ORD-00199,2025-07-08,Completed,COD,CUST-0226,Dian Wijaya,Consumer,Yogyakarta,Jawa,PROD-020,Organizer Meja Acrylic,Perlengkapan Rumah,Storage,1,65000.00,32000.00,0.00,65000.00,33000.00
ORD-00199,2025-07-08,Completed,COD,CUST-0226,Dian Wijaya,Consumer,Yogyakarta,Jawa,PROD-023,Buku Catatan Hardcover A5,Alat Tulis & Kantor,Kertas & Buku,2,45000.00,20000.00,0.00,90000.00,50000.00
ORD-00235,2026-04-01,Returned,COD,CUST-0226,Dian Wijaya,Consumer,Yogyakarta,Jawa,PROD-006,Kabel Data Type-C Fast Charge,Elektronik,Aksesoris Mobile,2,35000.00,15000.00,0.00,70000.00,40000.00
ORD-00235,2026-04-01,Returned,COD,CUST-0226,Dian Wijaya,Consumer,Yogyakarta,Jawa,PROD-013,Jaket Hoodie Fleece,Pakaian,Pria,1,220000.00,125000.00,0.00,220000.00,95000.00
ORD-00235,2026-04-01,Returned,COD,CUST-0226,Dian Wijaya,Consumer,Yogyakarta,Jawa,PROD-021,Bantal Leher Memory Foam,Perlengkapan Rumah,Kebutuhan Harian,1,85000.00,42000.00,0.00,85000.00,43000.00
ORD-00545,2025-03-05,Completed,COD,CUST-0226,Dian Wijaya,Consumer,Yogyakarta,Jawa,PROD-016,Tunik Batik Modern,Pakaian,Wanita,3,175000.00,95000.00,0.00,525000.00,240000.00
ORD-00145,2025-12-12,Completed,COD,CUST-0227,Andi Hadi,Home Office,Semarang,Jawa,PROD-024,Pulpen Gel Pack 12 Pcs,Alat Tulis & Kantor,Alat Tulis,2,36000.00,18000.00,0.00,72000.00,36000.00
ORD-00145,2025-12-12,Completed,COD,CUST-0227,Andi Hadi,Home Office,Semarang,Jawa,PROD-019,Lampu Meja LED Belajar,Perlengkapan Rumah,Dekorasi,1,110000.00,60000.00,0.00,110000.00,50000.00
ORD-00561,2026-04-16,Completed,E-Wallet,CUST-0227,Andi Hadi,Home Office,Semarang,Jawa,PROD-011,Kaos Polos Cotton Combed 30s,Pakaian,Pria,1,75000.00,35000.00,0.00,75000.00,40000.00
ORD-00561,2026-04-16,Completed,E-Wallet,CUST-0227,Andi Hadi,Home Office,Semarang,Jawa,PROD-014,Celana Chino Slim Fit,Pakaian,Pria,3,185000.00,100000.00,0.00,555000.00,255000.00
ORD-00561,2026-04-16,Completed,E-Wallet,CUST-0227,Andi Hadi,Home Office,Semarang,Jawa,PROD-023,Buku Catatan Hardcover A5,Alat Tulis & Kantor,Kertas & Buku,1,45000.00,20000.00,0.00,45000.00,25000.00
ORD-00722,2025-03-10,Completed,Credit Card,CUST-0227,Andi Hadi,Home Office,Semarang,Jawa,PROD-020,Organizer Meja Acrylic,Perlengkapan Rumah,Storage,1,65000.00,32000.00,0.10,58500.00,26500.00
ORD-00722,2025-03-10,Completed,Credit Card,CUST-0227,Andi Hadi,Home Office,Semarang,Jawa,PROD-004,Stand Laptop Aluminium,Elektronik,Aksesoris Komputer,1,120000.00,70000.00,0.00,120000.00,50000.00
ORD-00722,2025-03-10,Completed,Credit Card,CUST-0227,Andi Hadi,Home Office,Semarang,Jawa,PROD-003,Headset Gaming Surround 7.1,Elektronik,Audio,3,350000.00,210000.00,0.00,1050000.00,420000.00
ORD-00722,2025-03-10,Completed,Credit Card,CUST-0227,Andi Hadi,Home Office,Semarang,Jawa,PROD-021,Bantal Leher Memory Foam,Perlengkapan Rumah,Kebutuhan Harian,1,85000.00,42000.00,0.00,85000.00,43000.00
ORD-00864,2025-04-14,Completed,E-Wallet,CUST-0227,Andi Hadi,Home Office,Semarang,Jawa,PROD-025,Desk Mat Deskpad Leather,Alat Tulis & Kantor,Aksesoris Meja,1,95000.00,50000.00,0.00,95000.00,45000.00
ORD-00864,2025-04-14,Completed,E-Wallet,CUST-0227,Andi Hadi,Home Office,Semarang,Jawa,PROD-004,Stand Laptop Aluminium,Elektronik,Aksesoris Komputer,1,120000.00,70000.00,0.00,120000.00,50000.00
ORD-01135,2025-12-03,Completed,Credit Card,CUST-0227,Andi Hadi,Home Office,Semarang,Jawa,PROD-006,Kabel Data Type-C Fast Charge,Elektronik,Aksesoris Mobile,2,35000.00,15000.00,0.00,70000.00,40000.00
ORD-01169,2025-03-28,Completed,E-Wallet,CUST-0227,Andi Hadi,Home Office,Semarang,Jawa,PROD-017,Topi Baseball Canvas,Pakaian,Aksesoris Fashion,1,50000.00,22000.00,0.00,50000.00,28000.00
ORD-01169,2025-03-28,Completed,E-Wallet,CUST-0227,Andi Hadi,Home Office,Semarang,Jawa,PROD-019,Lampu Meja LED Belajar,Perlengkapan Rumah,Dekorasi,2,110000.00,60000.00,0.00,220000.00,100000.00
ORD-00248,2026-05-01,Completed,Transfer Bank,CUST-0228,Eko Wibowo,Consumer,Denpasar,Bali & Nusa Tenggara,PROD-020,Organizer Meja Acrylic,Perlengkapan Rumah,Storage,1,65000.00,32000.00,0.05,61750.00,29750.00
ORD-00248,2026-05-01,Completed,Transfer Bank,CUST-0228,Eko Wibowo,Consumer,Denpasar,Bali & Nusa Tenggara,PROD-019,Lampu Meja LED Belajar,Perlengkapan Rumah,Dekorasi,1,110000.00,60000.00,0.05,104500.00,44500.00
ORD-00454,2025-02-16,Completed,Credit Card,CUST-0228,Eko Wibowo,Consumer,Denpasar,Bali & Nusa Tenggara,PROD-020,Organizer Meja Acrylic,Perlengkapan Rumah,Storage,1,65000.00,32000.00,0.00,65000.00,33000.00
ORD-00632,2025-02-03,Completed,E-Wallet,CUST-0228,Eko Wibowo,Consumer,Denpasar,Bali & Nusa Tenggara,PROD-015,Blouse Wanita Casual,Pakaian,Wanita,1,135000.00,70000.00,0.05,128250.00,58250.00
ORD-00632,2025-02-03,Completed,E-Wallet,CUST-0228,Eko Wibowo,Consumer,Denpasar,Bali & Nusa Tenggara,PROD-013,Jaket Hoodie Fleece,Pakaian,Pria,3,220000.00,125000.00,0.00,660000.00,285000.00
ORD-00732,2025-05-04,Completed,E-Wallet,CUST-0229,Budi Setiawan,Home Office,Palembang,Sumatra,PROD-002,Keyboard Mechanical RGB,Elektronik,Aksesoris Komputer,2,450000.00,280000.00,0.05,855000.00,295000.00
ORD-00825,2025-02-15,Completed,Credit Card,CUST-0229,Budi Setiawan,Home Office,Palembang,Sumatra,PROD-016,Tunik Batik Modern,Pakaian,Wanita,5,175000.00,95000.00,0.00,875000.00,400000.00
ORD-00825,2025-02-15,Completed,Credit Card,CUST-0229,Budi Setiawan,Home Office,Palembang,Sumatra,PROD-011,Kaos Polos Cotton Combed 30s,Pakaian,Pria,1,75000.00,35000.00,0.10,67500.00,32500.00
ORD-00884,2025-09-21,Completed,COD,CUST-0229,Budi Setiawan,Home Office,Palembang,Sumatra,PROD-020,Organizer Meja Acrylic,Perlengkapan Rumah,Storage,3,65000.00,32000.00,0.10,175500.00,79500.00
ORD-00920,2026-03-26,Completed,Credit Card,CUST-0229,Budi Setiawan,Home Office,Palembang,Sumatra,PROD-010,USB Flashdrive 64GB,Elektronik,Storage,5,85000.00,45000.00,0.00,425000.00,200000.00
ORD-00932,2026-01-23,Completed,E-Wallet,CUST-0229,Budi Setiawan,Home Office,Palembang,Sumatra,PROD-006,Kabel Data Type-C Fast Charge,Elektronik,Aksesoris Mobile,1,35000.00,15000.00,0.05,33250.00,18250.00
ORD-00932,2026-01-23,Completed,E-Wallet,CUST-0229,Budi Setiawan,Home Office,Palembang,Sumatra,PROD-002,Keyboard Mechanical RGB,Elektronik,Aksesoris Komputer,2,450000.00,280000.00,0.20,720000.00,160000.00
ORD-00197,2025-11-09,Completed,E-Wallet,CUST-0230,Nani Wibowo,Corporate,Semarang,Jawa,PROD-002,Keyboard Mechanical RGB,Elektronik,Aksesoris Komputer,1,450000.00,280000.00,0.10,405000.00,125000.00
ORD-00197,2025-11-09,Completed,E-Wallet,CUST-0230,Nani Wibowo,Corporate,Semarang,Jawa,PROD-017,Topi Baseball Canvas,Pakaian,Aksesoris Fashion,1,50000.00,22000.00,0.05,47500.00,25500.00
ORD-00212,2026-01-24,Completed,Transfer Bank,CUST-0230,Nani Wibowo,Corporate,Semarang,Jawa,PROD-015,Blouse Wanita Casual,Pakaian,Wanita,2,135000.00,70000.00,0.15,229500.00,89500.00
ORD-00954,2026-04-30,Completed,COD,CUST-0230,Nani Wibowo,Corporate,Semarang,Jawa,PROD-010,USB Flashdrive 64GB,Elektronik,Storage,1,85000.00,45000.00,0.05,80750.00,35750.00
ORD-00954,2026-04-30,Completed,COD,CUST-0230,Nani Wibowo,Corporate,Semarang,Jawa,PROD-002,Keyboard Mechanical RGB,Elektronik,Aksesoris Komputer,1,450000.00,280000.00,0.00,450000.00,170000.00
ORD-00007,2026-02-02,Completed,COD,CUST-0231,Dewi Saputra,Corporate,Yogyakarta,Jawa,PROD-025,Desk Mat Deskpad Leather,Alat Tulis & Kantor,Aksesoris Meja,1,95000.00,50000.00,0.05,90250.00,40250.00
ORD-00007,2026-02-02,Completed,COD,CUST-0231,Dewi Saputra,Corporate,Yogyakarta,Jawa,PROD-008,Webcam Full HD 1080p,Elektronik,Aksesoris Komputer,2,280000.00,175000.00,0.10,504000.00,154000.00
ORD-00007,2026-02-02,Completed,COD,CUST-0231,Dewi Saputra,Corporate,Yogyakarta,Jawa,PROD-002,Keyboard Mechanical RGB,Elektronik,Aksesoris Komputer,2,450000.00,280000.00,0.05,855000.00,295000.00
ORD-00007,2026-02-02,Completed,COD,CUST-0231,Dewi Saputra,Corporate,Yogyakarta,Jawa,PROD-023,Buku Catatan Hardcover A5,Alat Tulis & Kantor,Kertas & Buku,1,45000.00,20000.00,0.00,45000.00,25000.00
ORD-00206,2026-04-30,Completed,Credit Card,CUST-0231,Dewi Saputra,Corporate,Yogyakarta,Jawa,PROD-003,Headset Gaming Surround 7.1,Elektronik,Audio,3,350000.00,210000.00,0.05,997500.00,367500.00
ORD-00401,2025-11-28,Completed,Credit Card,CUST-0231,Dewi Saputra,Corporate,Yogyakarta,Jawa,PROD-023,Buku Catatan Hardcover A5,Alat Tulis & Kantor,Kertas & Buku,1,45000.00,20000.00,0.05,42750.00,22750.00
ORD-00401,2025-11-28,Completed,Credit Card,CUST-0231,Dewi Saputra,Corporate,Yogyakarta,Jawa,PROD-007,Powerbank 10000mAh Dual Port,Elektronik,Aksesoris Mobile,3,200000.00,120000.00,0.00,600000.00,240000.00
ORD-00401,2025-11-28,Completed,Credit Card,CUST-0231,Dewi Saputra,Corporate,Yogyakarta,Jawa,PROD-006,Kabel Data Type-C Fast Charge,Elektronik,Aksesoris Mobile,2,35000.00,15000.00,0.00,70000.00,40000.00
ORD-00401,2025-11-28,Completed,Credit Card,CUST-0231,Dewi Saputra,Corporate,Yogyakarta,Jawa,PROD-012,Kemeja Flanel Lengan Panjang,Pakaian,Pria,1,165000.00,90000.00,0.00,165000.00,75000.00
ORD-00448,2025-01-16,Completed,COD,CUST-0231,Dewi Saputra,Corporate,Yogyakarta,Jawa,PROD-024,Pulpen Gel Pack 12 Pcs,Alat Tulis & Kantor,Alat Tulis,1,36000.00,18000.00,0.00,36000.00,18000.00
ORD-00448,2025-01-16,Completed,COD,CUST-0231,Dewi Saputra,Corporate,Yogyakarta,Jawa,PROD-008,Webcam Full HD 1080p,Elektronik,Aksesoris Komputer,1,280000.00,175000.00,0.00,280000.00,105000.00
ORD-00511,2025-04-06,Completed,Transfer Bank,CUST-0231,Dewi Saputra,Corporate,Yogyakarta,Jawa,PROD-015,Blouse Wanita Casual,Pakaian,Wanita,1,135000.00,70000.00,0.05,128250.00,58250.00
ORD-00522,2025-06-02,Completed,Credit Card,CUST-0231,Dewi Saputra,Corporate,Yogyakarta,Jawa,PROD-001,Mouse Wireless M185,Elektronik,Aksesoris Komputer,2,150000.00,95000.00,0.00,300000.00,110000.00
ORD-00522,2025-06-02,Completed,Credit Card,CUST-0231,Dewi Saputra,Corporate,Yogyakarta,Jawa,PROD-017,Topi Baseball Canvas,Pakaian,Aksesoris Fashion,1,50000.00,22000.00,0.00,50000.00,28000.00
ORD-00522,2025-06-02,Completed,Credit Card,CUST-0231,Dewi Saputra,Corporate,Yogyakarta,Jawa,PROD-011,Kaos Polos Cotton Combed 30s,Pakaian,Pria,1,75000.00,35000.00,0.00,75000.00,40000.00
ORD-00618,2025-03-21,Completed,COD,CUST-0231,Dewi Saputra,Corporate,Yogyakarta,Jawa,PROD-023,Buku Catatan Hardcover A5,Alat Tulis & Kantor,Kertas & Buku,1,45000.00,20000.00,0.05,42750.00,22750.00
ORD-01109,2025-02-05,Cancelled,Credit Card,CUST-0231,Dewi Saputra,Corporate,Yogyakarta,Jawa,PROD-008,Webcam Full HD 1080p,Elektronik,Aksesoris Komputer,2,280000.00,175000.00,0.15,476000.00,126000.00
ORD-01109,2025-02-05,Cancelled,Credit Card,CUST-0231,Dewi Saputra,Corporate,Yogyakarta,Jawa,PROD-014,Celana Chino Slim Fit,Pakaian,Pria,2,185000.00,100000.00,0.10,333000.00,133000.00
ORD-01109,2025-02-05,Cancelled,Credit Card,CUST-0231,Dewi Saputra,Corporate,Yogyakarta,Jawa,PROD-007,Powerbank 10000mAh Dual Port,Elektronik,Aksesoris Mobile,2,200000.00,120000.00,0.00,400000.00,160000.00
ORD-01109,2025-02-05,Cancelled,Credit Card,CUST-0231,Dewi Saputra,Corporate,Yogyakarta,Jawa,PROD-013,Jaket Hoodie Fleece,Pakaian,Pria,1,220000.00,125000.00,0.10,198000.00,73000.00
ORD-00620,2026-05-09,Returned,Credit Card,CUST-0232,Eko Hadi,Corporate,Semarang,Jawa,PROD-014,Celana Chino Slim Fit,Pakaian,Pria,1,185000.00,100000.00,0.00,185000.00,85000.00
ORD-00620,2026-05-09,Returned,Credit Card,CUST-0232,Eko Hadi,Corporate,Semarang,Jawa,PROD-005,Monitor 24 inch IPS 75Hz,Elektronik,Display,5,1800000.00,1350000.00,0.00,9000000.00,2250000.00
ORD-00767,2025-11-21,Completed,Credit Card,CUST-0232,Eko Hadi,Corporate,Semarang,Jawa,PROD-009,Earphones TWS Bluetooth 5.3,Elektronik,Audio,2,250000.00,140000.00,0.10,450000.00,170000.00
ORD-00767,2025-11-21,Completed,Credit Card,CUST-0232,Eko Hadi,Corporate,Semarang,Jawa,PROD-023,Buku Catatan Hardcover A5,Alat Tulis & Kantor,Kertas & Buku,2,45000.00,20000.00,0.00,90000.00,50000.00
ORD-00847,2025-07-23,Completed,E-Wallet,CUST-0232,Eko Hadi,Corporate,Semarang,Jawa,PROD-004,Stand Laptop Aluminium,Elektronik,Aksesoris Komputer,1,120000.00,70000.00,0.00,120000.00,50000.00
ORD-00847,2025-07-23,Completed,E-Wallet,CUST-0232,Eko Hadi,Corporate,Semarang,Jawa,PROD-021,Bantal Leher Memory Foam,Perlengkapan Rumah,Kebutuhan Harian,2,85000.00,42000.00,0.15,144500.00,60500.00
ORD-00937,2025-07-18,Completed,Transfer Bank,CUST-0233,Andi Santoso,Corporate,Denpasar,Bali & Nusa Tenggara,PROD-018,Botol Minum Tumbler 500ml,Perlengkapan Rumah,Dapur & Makan,2,95000.00,48000.00,0.00,190000.00,94000.00
ORD-00958,2026-01-06,Completed,Transfer Bank,CUST-0233,Andi Santoso,Corporate,Denpasar,Bali & Nusa Tenggara,PROD-023,Buku Catatan Hardcover A5,Alat Tulis & Kantor,Kertas & Buku,1,45000.00,20000.00,0.05,42750.00,22750.00
ORD-00601,2025-06-17,Completed,Transfer Bank,CUST-0234,Dian Wijaya,Consumer,Medan,Sumatra,PROD-009,Earphones TWS Bluetooth 5.3,Elektronik,Audio,1,250000.00,140000.00,0.00,250000.00,110000.00
ORD-01077,2025-05-29,Completed,COD,CUST-0234,Dian Wijaya,Consumer,Medan,Sumatra,PROD-025,Desk Mat Deskpad Leather,Alat Tulis & Kantor,Aksesoris Meja,1,95000.00,50000.00,0.00,95000.00,45000.00
ORD-00292,2026-04-29,Returned,E-Wallet,CUST-0235,Indah Wijaya,Consumer,Bandung,Jawa,PROD-007,Powerbank 10000mAh Dual Port,Elektronik,Aksesoris Mobile,1,200000.00,120000.00,0.10,180000.00,60000.00
ORD-00504,2025-06-28,Returned,E-Wallet,CUST-0235,Indah Wijaya,Consumer,Bandung,Jawa,PROD-021,Bantal Leher Memory Foam,Perlengkapan Rumah,Kebutuhan Harian,1,85000.00,42000.00,0.05,80750.00,38750.00
ORD-00504,2025-06-28,Returned,E-Wallet,CUST-0235,Indah Wijaya,Consumer,Bandung,Jawa,PROD-011,Kaos Polos Cotton Combed 30s,Pakaian,Pria,3,75000.00,35000.00,0.15,191250.00,86250.00
ORD-00504,2025-06-28,Returned,E-Wallet,CUST-0235,Indah Wijaya,Consumer,Bandung,Jawa,PROD-024,Pulpen Gel Pack 12 Pcs,Alat Tulis & Kantor,Alat Tulis,1,36000.00,18000.00,0.00,36000.00,18000.00
ORD-00710,2026-03-15,Completed,Transfer Bank,CUST-0235,Indah Wijaya,Consumer,Bandung,Jawa,PROD-007,Powerbank 10000mAh Dual Port,Elektronik,Aksesoris Mobile,1,200000.00,120000.00,0.00,200000.00,80000.00
ORD-01185,2025-04-06,Completed,Transfer Bank,CUST-0235,Indah Wijaya,Consumer,Bandung,Jawa,PROD-023,Buku Catatan Hardcover A5,Alat Tulis & Kantor,Kertas & Buku,1,45000.00,20000.00,0.00,45000.00,25000.00
ORD-01185,2025-04-06,Completed,Transfer Bank,CUST-0235,Indah Wijaya,Consumer,Bandung,Jawa,PROD-012,Kemeja Flanel Lengan Panjang,Pakaian,Pria,2,165000.00,90000.00,0.00,330000.00,150000.00
ORD-01185,2025-04-06,Completed,Transfer Bank,CUST-0235,Indah Wijaya,Consumer,Bandung,Jawa,PROD-015,Blouse Wanita Casual,Pakaian,Wanita,3,135000.00,70000.00,0.00,405000.00,195000.00
ORD-00158,2025-03-29,Completed,Credit Card,CUST-0236,Dian Prasetyo,Corporate,Makassar,Sulawesi,PROD-008,Webcam Full HD 1080p,Elektronik,Aksesoris Komputer,1,280000.00,175000.00,0.05,266000.00,91000.00
ORD-00158,2025-03-29,Completed,Credit Card,CUST-0236,Dian Prasetyo,Corporate,Makassar,Sulawesi,PROD-025,Desk Mat Deskpad Leather,Alat Tulis & Kantor,Aksesoris Meja,1,95000.00,50000.00,0.00,95000.00,45000.00
ORD-00544,2025-01-24,Completed,Transfer Bank,CUST-0236,Dian Prasetyo,Corporate,Makassar,Sulawesi,PROD-020,Organizer Meja Acrylic,Perlengkapan Rumah,Storage,1,65000.00,32000.00,0.05,61750.00,29750.00
ORD-00544,2025-01-24,Completed,Transfer Bank,CUST-0236,Dian Prasetyo,Corporate,Makassar,Sulawesi,PROD-009,Earphones TWS Bluetooth 5.3,Elektronik,Audio,3,250000.00,140000.00,0.00,750000.00,330000.00
ORD-00544,2025-01-24,Completed,Transfer Bank,CUST-0236,Dian Prasetyo,Corporate,Makassar,Sulawesi,PROD-011,Kaos Polos Cotton Combed 30s,Pakaian,Pria,2,75000.00,35000.00,0.00,150000.00,80000.00
ORD-00032,2025-12-03,Completed,COD,CUST-0237,Lestari Hadi,Consumer,Semarang,Jawa,PROD-010,USB Flashdrive 64GB,Elektronik,Storage,1,85000.00,45000.00,0.00,85000.00,40000.00
ORD-00032,2025-12-03,Completed,COD,CUST-0237,Lestari Hadi,Consumer,Semarang,Jawa,PROD-005,Monitor 24 inch IPS 75Hz,Elektronik,Display,1,1800000.00,1350000.00,0.00,1800000.00,450000.00
ORD-00227,2026-03-02,Completed,COD,CUST-0238,Bambang Santoso,Consumer,Jakarta Selatan,Jawa,PROD-003,Headset Gaming Surround 7.1,Elektronik,Audio,1,350000.00,210000.00,0.00,350000.00,140000.00
ORD-00281,2025-08-14,Completed,E-Wallet,CUST-0238,Bambang Santoso,Consumer,Jakarta Selatan,Jawa,PROD-015,Blouse Wanita Casual,Pakaian,Wanita,1,135000.00,70000.00,0.00,135000.00,65000.00
ORD-00281,2025-08-14,Completed,E-Wallet,CUST-0238,Bambang Santoso,Consumer,Jakarta Selatan,Jawa,PROD-017,Topi Baseball Canvas,Pakaian,Aksesoris Fashion,1,50000.00,22000.00,0.00,50000.00,28000.00
ORD-00486,2025-08-17,Completed,E-Wallet,CUST-0238,Bambang Santoso,Consumer,Jakarta Selatan,Jawa,PROD-009,Earphones TWS Bluetooth 5.3,Elektronik,Audio,1,250000.00,140000.00,0.00,250000.00,110000.00
ORD-00486,2025-08-17,Completed,E-Wallet,CUST-0238,Bambang Santoso,Consumer,Jakarta Selatan,Jawa,PROD-018,Botol Minum Tumbler 500ml,Perlengkapan Rumah,Dapur & Makan,1,95000.00,48000.00,0.15,80750.00,32750.00
ORD-00603,2026-01-14,Completed,Credit Card,CUST-0238,Bambang Santoso,Consumer,Jakarta Selatan,Jawa,PROD-012,Kemeja Flanel Lengan Panjang,Pakaian,Pria,2,165000.00,90000.00,0.15,280500.00,100500.00
ORD-00603,2026-01-14,Completed,Credit Card,CUST-0238,Bambang Santoso,Consumer,Jakarta Selatan,Jawa,PROD-014,Celana Chino Slim Fit,Pakaian,Pria,3,185000.00,100000.00,0.00,555000.00,255000.00
ORD-00603,2026-01-14,Completed,Credit Card,CUST-0238,Bambang Santoso,Consumer,Jakarta Selatan,Jawa,PROD-007,Powerbank 10000mAh Dual Port,Elektronik,Aksesoris Mobile,1,200000.00,120000.00,0.00,200000.00,80000.00
ORD-00800,2025-08-22,Completed,Transfer Bank,CUST-0238,Bambang Santoso,Consumer,Jakarta Selatan,Jawa,PROD-010,USB Flashdrive 64GB,Elektronik,Storage,2,85000.00,45000.00,0.10,153000.00,63000.00
ORD-00800,2025-08-22,Completed,Transfer Bank,CUST-0238,Bambang Santoso,Consumer,Jakarta Selatan,Jawa,PROD-009,Earphones TWS Bluetooth 5.3,Elektronik,Audio,1,250000.00,140000.00,0.00,250000.00,110000.00
ORD-00695,2025-01-23,Completed,Credit Card,CUST-0239,Siti Wijaya,Corporate,Palembang,Sumatra,PROD-016,Tunik Batik Modern,Pakaian,Wanita,2,175000.00,95000.00,0.00,350000.00,160000.00
ORD-00695,2025-01-23,Completed,Credit Card,CUST-0239,Siti Wijaya,Corporate,Palembang,Sumatra,PROD-004,Stand Laptop Aluminium,Elektronik,Aksesoris Komputer,1,120000.00,70000.00,0.00,120000.00,50000.00
ORD-01107,2025-10-06,Completed,Credit Card,CUST-0240,Dewi Pertiwi,Consumer,Bandung,Jawa,PROD-004,Stand Laptop Aluminium,Elektronik,Aksesoris Komputer,1,120000.00,70000.00,0.05,114000.00,44000.00
ORD-01107,2025-10-06,Completed,Credit Card,CUST-0240,Dewi Pertiwi,Consumer,Bandung,Jawa,PROD-018,Botol Minum Tumbler 500ml,Perlengkapan Rumah,Dapur & Makan,1,95000.00,48000.00,0.00,95000.00,47000.00
ORD-00012,2025-01-02,Completed,Credit Card,CUST-0241,Budi Hidayat,Home Office,Yogyakarta,Jawa,PROD-003,Headset Gaming Surround 7.1,Elektronik,Audio,1,350000.00,210000.00,0.05,332500.00,122500.00
ORD-00012,2025-01-02,Completed,Credit Card,CUST-0241,Budi Hidayat,Home Office,Yogyakarta,Jawa,PROD-007,Powerbank 10000mAh Dual Port,Elektronik,Aksesoris Mobile,1,200000.00,120000.00,0.00,200000.00,80000.00
ORD-00024,2026-01-26,Completed,COD,CUST-0241,Budi Hidayat,Home Office,Yogyakarta,Jawa,PROD-010,USB Flashdrive 64GB,Elektronik,Storage,1,85000.00,45000.00,0.00,85000.00,40000.00
ORD-00170,2025-03-19,Completed,COD,CUST-0241,Budi Hidayat,Home Office,Yogyakarta,Jawa,PROD-002,Keyboard Mechanical RGB,Elektronik,Aksesoris Komputer,1,450000.00,280000.00,0.05,427500.00,147500.00
ORD-00170,2025-03-19,Completed,COD,CUST-0241,Budi Hidayat,Home Office,Yogyakarta,Jawa,PROD-001,Mouse Wireless M185,Elektronik,Aksesoris Komputer,2,150000.00,95000.00,0.00,300000.00,110000.00
ORD-00198,2025-10-01,Completed,E-Wallet,CUST-0241,Budi Hidayat,Home Office,Yogyakarta,Jawa,PROD-005,Monitor 24 inch IPS 75Hz,Elektronik,Display,1,1800000.00,1350000.00,0.00,1800000.00,450000.00
ORD-00198,2025-10-01,Completed,E-Wallet,CUST-0241,Budi Hidayat,Home Office,Yogyakarta,Jawa,PROD-018,Botol Minum Tumbler 500ml,Perlengkapan Rumah,Dapur & Makan,1,95000.00,48000.00,0.00,95000.00,47000.00
ORD-00294,2025-05-25,Completed,Credit Card,CUST-0241,Budi Hidayat,Home Office,Yogyakarta,Jawa,PROD-008,Webcam Full HD 1080p,Elektronik,Aksesoris Komputer,1,280000.00,175000.00,0.00,280000.00,105000.00
ORD-00411,2025-02-20,Completed,Credit Card,CUST-0241,Budi Hidayat,Home Office,Yogyakarta,Jawa,PROD-011,Kaos Polos Cotton Combed 30s,Pakaian,Pria,2,75000.00,35000.00,0.00,150000.00,80000.00
ORD-00411,2025-02-20,Completed,Credit Card,CUST-0241,Budi Hidayat,Home Office,Yogyakarta,Jawa,PROD-006,Kabel Data Type-C Fast Charge,Elektronik,Aksesoris Mobile,1,35000.00,15000.00,0.00,35000.00,20000.00
ORD-00820,2025-11-26,Completed,COD,CUST-0241,Budi Hidayat,Home Office,Yogyakarta,Jawa,PROD-008,Webcam Full HD 1080p,Elektronik,Aksesoris Komputer,2,280000.00,175000.00,0.10,504000.00,154000.00
ORD-00820,2025-11-26,Completed,COD,CUST-0241,Budi Hidayat,Home Office,Yogyakarta,Jawa,PROD-011,Kaos Polos Cotton Combed 30s,Pakaian,Pria,1,75000.00,35000.00,0.05,71250.00,36250.00
ORD-00042,2025-08-01,Completed,E-Wallet,CUST-0242,Budi Wibowo,Home Office,Bandung,Jawa,PROD-022,Rak Sepatu Susun Plastik,Perlengkapan Rumah,Storage,1,125000.00,68000.00,0.00,125000.00,57000.00
ORD-00211,2025-03-12,Completed,E-Wallet,CUST-0242,Budi Wibowo,Home Office,Bandung,Jawa,PROD-011,Kaos Polos Cotton Combed 30s,Pakaian,Pria,1,75000.00,35000.00,0.00,75000.00,40000.00
ORD-00318,2025-09-14,Completed,Transfer Bank,CUST-0242,Budi Wibowo,Home Office,Bandung,Jawa,PROD-008,Webcam Full HD 1080p,Elektronik,Aksesoris Komputer,1,280000.00,175000.00,0.00,280000.00,105000.00
ORD-00373,2026-04-24,Completed,Transfer Bank,CUST-0242,Budi Wibowo,Home Office,Bandung,Jawa,PROD-003,Headset Gaming Surround 7.1,Elektronik,Audio,1,350000.00,210000.00,0.20,280000.00,70000.00
ORD-00373,2026-04-24,Completed,Transfer Bank,CUST-0242,Budi Wibowo,Home Office,Bandung,Jawa,PROD-001,Mouse Wireless M185,Elektronik,Aksesoris Komputer,2,150000.00,95000.00,0.05,285000.00,95000.00
ORD-00373,2026-04-24,Completed,Transfer Bank,CUST-0242,Budi Wibowo,Home Office,Bandung,Jawa,PROD-005,Monitor 24 inch IPS 75Hz,Elektronik,Display,1,1800000.00,1350000.00,0.10,1620000.00,270000.00
ORD-00831,2025-06-19,Completed,Credit Card,CUST-0243,Agus Lestari,Home Office,Surabaya,Jawa,PROD-021,Bantal Leher Memory Foam,Perlengkapan Rumah,Kebutuhan Harian,1,85000.00,42000.00,0.00,85000.00,43000.00
ORD-00831,2025-06-19,Completed,Credit Card,CUST-0243,Agus Lestari,Home Office,Surabaya,Jawa,PROD-015,Blouse Wanita Casual,Pakaian,Wanita,1,135000.00,70000.00,0.00,135000.00,65000.00
ORD-00831,2025-06-19,Completed,Credit Card,CUST-0243,Agus Lestari,Home Office,Surabaya,Jawa,PROD-006,Kabel Data Type-C Fast Charge,Elektronik,Aksesoris Mobile,1,35000.00,15000.00,0.00,35000.00,20000.00
ORD-00309,2025-12-29,Completed,Transfer Bank,CUST-0244,Rian Wibowo,Consumer,Denpasar,Bali & Nusa Tenggara,PROD-014,Celana Chino Slim Fit,Pakaian,Pria,2,185000.00,100000.00,0.00,370000.00,170000.00
ORD-00309,2025-12-29,Completed,Transfer Bank,CUST-0244,Rian Wibowo,Consumer,Denpasar,Bali & Nusa Tenggara,PROD-017,Topi Baseball Canvas,Pakaian,Aksesoris Fashion,1,50000.00,22000.00,0.05,47500.00,25500.00
ORD-00701,2026-05-10,Completed,E-Wallet,CUST-0244,Rian Wibowo,Consumer,Denpasar,Bali & Nusa Tenggara,PROD-009,Earphones TWS Bluetooth 5.3,Elektronik,Audio,1,250000.00,140000.00,0.05,237500.00,97500.00
ORD-00701,2026-05-10,Completed,E-Wallet,CUST-0244,Rian Wibowo,Consumer,Denpasar,Bali & Nusa Tenggara,PROD-003,Headset Gaming Surround 7.1,Elektronik,Audio,1,350000.00,210000.00,0.00,350000.00,140000.00
ORD-01037,2025-04-21,Completed,Transfer Bank,CUST-0244,Rian Wibowo,Consumer,Denpasar,Bali & Nusa Tenggara,PROD-001,Mouse Wireless M185,Elektronik,Aksesoris Komputer,1,150000.00,95000.00,0.00,150000.00,55000.00
ORD-01037,2025-04-21,Completed,Transfer Bank,CUST-0244,Rian Wibowo,Consumer,Denpasar,Bali & Nusa Tenggara,PROD-024,Pulpen Gel Pack 12 Pcs,Alat Tulis & Kantor,Alat Tulis,1,36000.00,18000.00,0.00,36000.00,18000.00
ORD-01037,2025-04-21,Completed,Transfer Bank,CUST-0244,Rian Wibowo,Consumer,Denpasar,Bali & Nusa Tenggara,PROD-020,Organizer Meja Acrylic,Perlengkapan Rumah,Storage,1,65000.00,32000.00,0.00,65000.00,33000.00
ORD-01037,2025-04-21,Completed,Transfer Bank,CUST-0244,Rian Wibowo,Consumer,Denpasar,Bali & Nusa Tenggara,PROD-007,Powerbank 10000mAh Dual Port,Elektronik,Aksesoris Mobile,5,200000.00,120000.00,0.05,950000.00,350000.00
ORD-01098,2025-10-25,Completed,E-Wallet,CUST-0244,Rian Wibowo,Consumer,Denpasar,Bali & Nusa Tenggara,PROD-010,USB Flashdrive 64GB,Elektronik,Storage,1,85000.00,45000.00,0.20,68000.00,23000.00
ORD-01160,2025-03-09,Completed,Transfer Bank,CUST-0244,Rian Wibowo,Consumer,Denpasar,Bali & Nusa Tenggara,PROD-013,Jaket Hoodie Fleece,Pakaian,Pria,1,220000.00,125000.00,0.00,220000.00,95000.00
ORD-00002,2026-05-10,Completed,Transfer Bank,CUST-0245,Indah Utami,Consumer,Bandung,Jawa,PROD-018,Botol Minum Tumbler 500ml,Perlengkapan Rumah,Dapur & Makan,1,95000.00,48000.00,0.05,90250.00,42250.00
ORD-00002,2026-05-10,Completed,Transfer Bank,CUST-0245,Indah Utami,Consumer,Bandung,Jawa,PROD-003,Headset Gaming Surround 7.1,Elektronik,Audio,1,350000.00,210000.00,0.10,315000.00,105000.00
ORD-00968,2025-08-06,Completed,E-Wallet,CUST-0245,Indah Utami,Consumer,Bandung,Jawa,PROD-012,Kemeja Flanel Lengan Panjang,Pakaian,Pria,3,165000.00,90000.00,0.00,495000.00,225000.00
ORD-00968,2025-08-06,Completed,E-Wallet,CUST-0245,Indah Utami,Consumer,Bandung,Jawa,PROD-009,Earphones TWS Bluetooth 5.3,Elektronik,Audio,1,250000.00,140000.00,0.10,225000.00,85000.00
ORD-00262,2025-02-03,Completed,COD,CUST-0246,Rizky Lestari,Home Office,Medan,Sumatra,PROD-010,USB Flashdrive 64GB,Elektronik,Storage,5,85000.00,45000.00,0.15,361250.00,136250.00
ORD-00313,2026-01-05,Completed,E-Wallet,CUST-0246,Rizky Lestari,Home Office,Medan,Sumatra,PROD-006,Kabel Data Type-C Fast Charge,Elektronik,Aksesoris Mobile,1,35000.00,15000.00,0.00,35000.00,20000.00
ORD-00479,2025-02-07,Completed,COD,CUST-0246,Rizky Lestari,Home Office,Medan,Sumatra,PROD-022,Rak Sepatu Susun Plastik,Perlengkapan Rumah,Storage,1,125000.00,68000.00,0.00,125000.00,57000.00
ORD-00479,2025-02-07,Completed,COD,CUST-0246,Rizky Lestari,Home Office,Medan,Sumatra,PROD-020,Organizer Meja Acrylic,Perlengkapan Rumah,Storage,2,65000.00,32000.00,0.00,130000.00,66000.00
ORD-00479,2025-02-07,Completed,COD,CUST-0246,Rizky Lestari,Home Office,Medan,Sumatra,PROD-014,Celana Chino Slim Fit,Pakaian,Pria,5,185000.00,100000.00,0.00,925000.00,425000.00
ORD-00479,2025-02-07,Completed,COD,CUST-0246,Rizky Lestari,Home Office,Medan,Sumatra,PROD-018,Botol Minum Tumbler 500ml,Perlengkapan Rumah,Dapur & Makan,3,95000.00,48000.00,0.15,242250.00,98250.00
ORD-00643,2026-02-05,Completed,COD,CUST-0246,Rizky Lestari,Home Office,Medan,Sumatra,PROD-014,Celana Chino Slim Fit,Pakaian,Pria,1,185000.00,100000.00,0.10,166500.00,66500.00
ORD-00677,2025-10-07,Completed,E-Wallet,CUST-0246,Rizky Lestari,Home Office,Medan,Sumatra,PROD-022,Rak Sepatu Susun Plastik,Perlengkapan Rumah,Storage,1,125000.00,68000.00,0.15,106250.00,38250.00
ORD-00677,2025-10-07,Completed,E-Wallet,CUST-0246,Rizky Lestari,Home Office,Medan,Sumatra,PROD-018,Botol Minum Tumbler 500ml,Perlengkapan Rumah,Dapur & Makan,1,95000.00,48000.00,0.00,95000.00,47000.00
ORD-00689,2025-02-14,Completed,E-Wallet,CUST-0246,Rizky Lestari,Home Office,Medan,Sumatra,PROD-005,Monitor 24 inch IPS 75Hz,Elektronik,Display,1,1800000.00,1350000.00,0.00,1800000.00,450000.00
ORD-00689,2025-02-14,Completed,E-Wallet,CUST-0246,Rizky Lestari,Home Office,Medan,Sumatra,PROD-023,Buku Catatan Hardcover A5,Alat Tulis & Kantor,Kertas & Buku,1,45000.00,20000.00,0.00,45000.00,25000.00
ORD-00689,2025-02-14,Completed,E-Wallet,CUST-0246,Rizky Lestari,Home Office,Medan,Sumatra,PROD-011,Kaos Polos Cotton Combed 30s,Pakaian,Pria,2,75000.00,35000.00,0.20,120000.00,50000.00
ORD-00084,2026-03-02,Completed,Credit Card,CUST-0247,Ahmad Utami,Consumer,Balikpapan,Kalimantan,PROD-024,Pulpen Gel Pack 12 Pcs,Alat Tulis & Kantor,Alat Tulis,1,36000.00,18000.00,0.00,36000.00,18000.00
ORD-00202,2026-03-23,Completed,Credit Card,CUST-0247,Ahmad Utami,Consumer,Balikpapan,Kalimantan,PROD-019,Lampu Meja LED Belajar,Perlengkapan Rumah,Dekorasi,5,110000.00,60000.00,0.05,522500.00,222500.00
ORD-00202,2026-03-23,Completed,Credit Card,CUST-0247,Ahmad Utami,Consumer,Balikpapan,Kalimantan,PROD-015,Blouse Wanita Casual,Pakaian,Wanita,5,135000.00,70000.00,0.00,675000.00,325000.00
ORD-00425,2025-07-11,Completed,COD,CUST-0248,Andi Prasetyo,Home Office,Jakarta Selatan,Jawa,PROD-005,Monitor 24 inch IPS 75Hz,Elektronik,Display,1,1800000.00,1350000.00,0.20,1440000.00,90000.00
ORD-00682,2025-11-01,Completed,Transfer Bank,CUST-0248,Andi Prasetyo,Home Office,Jakarta Selatan,Jawa,PROD-023,Buku Catatan Hardcover A5,Alat Tulis & Kantor,Kertas & Buku,3,45000.00,20000.00,0.00,135000.00,75000.00
ORD-00682,2025-11-01,Completed,Transfer Bank,CUST-0248,Andi Prasetyo,Home Office,Jakarta Selatan,Jawa,PROD-021,Bantal Leher Memory Foam,Perlengkapan Rumah,Kebutuhan Harian,2,85000.00,42000.00,0.00,170000.00,86000.00
ORD-00810,2025-02-23,Completed,COD,CUST-0248,Andi Prasetyo,Home Office,Jakarta Selatan,Jawa,PROD-004,Stand Laptop Aluminium,Elektronik,Aksesoris Komputer,1,120000.00,70000.00,0.10,108000.00,38000.00
ORD-01149,2026-01-06,Completed,E-Wallet,CUST-0248,Andi Prasetyo,Home Office,Jakarta Selatan,Jawa,PROD-004,Stand Laptop Aluminium,Elektronik,Aksesoris Komputer,1,120000.00,70000.00,0.00,120000.00,50000.00
ORD-00512,2026-03-20,Completed,E-Wallet,CUST-0249,Nani Santoso,Home Office,Jakarta Selatan,Jawa,PROD-007,Powerbank 10000mAh Dual Port,Elektronik,Aksesoris Mobile,1,200000.00,120000.00,0.15,170000.00,50000.00
ORD-00715,2025-05-16,Completed,COD,CUST-0249,Nani Santoso,Home Office,Jakarta Selatan,Jawa,PROD-001,Mouse Wireless M185,Elektronik,Aksesoris Komputer,1,150000.00,95000.00,0.00,150000.00,55000.00
ORD-00060,2026-05-04,Completed,Transfer Bank,CUST-0250,Nani Saputra,Home Office,Medan,Sumatra,PROD-010,USB Flashdrive 64GB,Elektronik,Storage,3,85000.00,45000.00,0.00,255000.00,120000.00
ORD-00060,2026-05-04,Completed,Transfer Bank,CUST-0250,Nani Saputra,Home Office,Medan,Sumatra,PROD-015,Blouse Wanita Casual,Pakaian,Wanita,5,135000.00,70000.00,0.10,607500.00,257500.00
ORD-00060,2026-05-04,Completed,Transfer Bank,CUST-0250,Nani Saputra,Home Office,Medan,Sumatra,PROD-019,Lampu Meja LED Belajar,Perlengkapan Rumah,Dekorasi,1,110000.00,60000.00,0.15,93500.00,33500.00
ORD-00148,2025-08-09,Completed,Credit Card,CUST-0250,Nani Saputra,Home Office,Medan,Sumatra,PROD-004,Stand Laptop Aluminium,Elektronik,Aksesoris Komputer,1,120000.00,70000.00,0.05,114000.00,44000.00
ORD-00148,2025-08-09,Completed,Credit Card,CUST-0250,Nani Saputra,Home Office,Medan,Sumatra,PROD-015,Blouse Wanita Casual,Pakaian,Wanita,1,135000.00,70000.00,0.05,128250.00,58250.00
ORD-00148,2025-08-09,Completed,Credit Card,CUST-0250,Nani Saputra,Home Office,Medan,Sumatra,PROD-002,Keyboard Mechanical RGB,Elektronik,Aksesoris Komputer,1,450000.00,280000.00,0.00,450000.00,170000.00
ORD-00663,2026-01-10,Completed,Credit Card,CUST-0250,Nani Saputra,Home Office,Medan,Sumatra,PROD-022,Rak Sepatu Susun Plastik,Perlengkapan Rumah,Storage,1,125000.00,68000.00,0.15,106250.00,38250.00
ORD-01163,2025-09-04,Completed,COD,CUST-0250,Nani Saputra,Home Office,Medan,Sumatra,PROD-023,Buku Catatan Hardcover A5,Alat Tulis & Kantor,Kertas & Buku,2,45000.00,20000.00,0.05,85500.00,45500.00
ORD-00098,2025-12-02,Completed,COD,CUST-0251,Dian Utami,Consumer,Semarang,Jawa,PROD-012,Kemeja Flanel Lengan Panjang,Pakaian,Pria,1,165000.00,90000.00,0.10,148500.00,58500.00
ORD-00420,2025-03-13,Completed,E-Wallet,CUST-0251,Dian Utami,Consumer,Semarang,Jawa,PROD-008,Webcam Full HD 1080p,Elektronik,Aksesoris Komputer,1,280000.00,175000.00,0.05,266000.00,91000.00
ORD-00692,2026-02-06,Completed,Credit Card,CUST-0251,Dian Utami,Consumer,Semarang,Jawa,PROD-018,Botol Minum Tumbler 500ml,Perlengkapan Rumah,Dapur & Makan,2,95000.00,48000.00,0.10,171000.00,75000.00
ORD-00003,2026-02-25,Completed,Transfer Bank,CUST-0252,Dewi Wibowo,Consumer,Bandung,Jawa,PROD-006,Kabel Data Type-C Fast Charge,Elektronik,Aksesoris Mobile,1,35000.00,15000.00,0.00,35000.00,20000.00
ORD-00418,2026-01-26,Completed,COD,CUST-0252,Dewi Wibowo,Consumer,Bandung,Jawa,PROD-003,Headset Gaming Surround 7.1,Elektronik,Audio,1,350000.00,210000.00,0.05,332500.00,122500.00
ORD-00471,2026-01-12,Completed,E-Wallet,CUST-0252,Dewi Wibowo,Consumer,Bandung,Jawa,PROD-009,Earphones TWS Bluetooth 5.3,Elektronik,Audio,1,250000.00,140000.00,0.05,237500.00,97500.00
ORD-00471,2026-01-12,Completed,E-Wallet,CUST-0252,Dewi Wibowo,Consumer,Bandung,Jawa,PROD-011,Kaos Polos Cotton Combed 30s,Pakaian,Pria,5,75000.00,35000.00,0.05,356250.00,181250.00
ORD-00471,2026-01-12,Completed,E-Wallet,CUST-0252,Dewi Wibowo,Consumer,Bandung,Jawa,PROD-022,Rak Sepatu Susun Plastik,Perlengkapan Rumah,Storage,1,125000.00,68000.00,0.05,118750.00,50750.00
ORD-00471,2026-01-12,Completed,E-Wallet,CUST-0252,Dewi Wibowo,Consumer,Bandung,Jawa,PROD-020,Organizer Meja Acrylic,Perlengkapan Rumah,Storage,3,65000.00,32000.00,0.05,185250.00,89250.00
ORD-00821,2026-03-22,Completed,Credit Card,CUST-0252,Dewi Wibowo,Consumer,Bandung,Jawa,PROD-005,Monitor 24 inch IPS 75Hz,Elektronik,Display,1,1800000.00,1350000.00,0.00,1800000.00,450000.00
ORD-00821,2026-03-22,Completed,Credit Card,CUST-0252,Dewi Wibowo,Consumer,Bandung,Jawa,PROD-015,Blouse Wanita Casual,Pakaian,Wanita,1,135000.00,70000.00,0.05,128250.00,58250.00
ORD-01078,2025-05-20,Completed,E-Wallet,CUST-0252,Dewi Wibowo,Consumer,Bandung,Jawa,PROD-015,Blouse Wanita Casual,Pakaian,Wanita,1,135000.00,70000.00,0.05,128250.00,58250.00
ORD-01078,2025-05-20,Completed,E-Wallet,CUST-0252,Dewi Wibowo,Consumer,Bandung,Jawa,PROD-011,Kaos Polos Cotton Combed 30s,Pakaian,Pria,5,75000.00,35000.00,0.15,318750.00,143750.00
ORD-01078,2025-05-20,Completed,E-Wallet,CUST-0252,Dewi Wibowo,Consumer,Bandung,Jawa,PROD-019,Lampu Meja LED Belajar,Perlengkapan Rumah,Dekorasi,1,110000.00,60000.00,0.00,110000.00,50000.00
ORD-01078,2025-05-20,Completed,E-Wallet,CUST-0252,Dewi Wibowo,Consumer,Bandung,Jawa,PROD-004,Stand Laptop Aluminium,Elektronik,Aksesoris Komputer,1,120000.00,70000.00,0.00,120000.00,50000.00
ORD-01123,2026-04-22,Completed,Transfer Bank,CUST-0252,Dewi Wibowo,Consumer,Bandung,Jawa,PROD-016,Tunik Batik Modern,Pakaian,Wanita,1,175000.00,95000.00,0.00,175000.00,80000.00
ORD-00167,2026-05-03,Completed,COD,CUST-0253,Rian Utami,Home Office,Bandung,Jawa,PROD-010,USB Flashdrive 64GB,Elektronik,Storage,2,85000.00,45000.00,0.15,144500.00,54500.00
ORD-00167,2026-05-03,Completed,COD,CUST-0253,Rian Utami,Home Office,Bandung,Jawa,PROD-012,Kemeja Flanel Lengan Panjang,Pakaian,Pria,1,165000.00,90000.00,0.00,165000.00,75000.00
ORD-00654,2025-10-16,Completed,Credit Card,CUST-0253,Rian Utami,Home Office,Bandung,Jawa,PROD-006,Kabel Data Type-C Fast Charge,Elektronik,Aksesoris Mobile,5,35000.00,15000.00,0.00,175000.00,100000.00
ORD-00654,2025-10-16,Completed,Credit Card,CUST-0253,Rian Utami,Home Office,Bandung,Jawa,PROD-021,Bantal Leher Memory Foam,Perlengkapan Rumah,Kebutuhan Harian,1,85000.00,42000.00,0.00,85000.00,43000.00
ORD-00654,2025-10-16,Completed,Credit Card,CUST-0253,Rian Utami,Home Office,Bandung,Jawa,PROD-005,Monitor 24 inch IPS 75Hz,Elektronik,Display,1,1800000.00,1350000.00,0.00,1800000.00,450000.00
ORD-00654,2025-10-16,Completed,Credit Card,CUST-0253,Rian Utami,Home Office,Bandung,Jawa,PROD-025,Desk Mat Deskpad Leather,Alat Tulis & Kantor,Aksesoris Meja,2,95000.00,50000.00,0.00,190000.00,90000.00
ORD-01082,2025-02-16,Completed,E-Wallet,CUST-0253,Rian Utami,Home Office,Bandung,Jawa,PROD-020,Organizer Meja Acrylic,Perlengkapan Rumah,Storage,1,65000.00,32000.00,0.05,61750.00,29750.00
ORD-00342,2026-03-05,Completed,E-Wallet,CUST-0254,Ahmad Pertiwi,Consumer,Medan,Sumatra,PROD-004,Stand Laptop Aluminium,Elektronik,Aksesoris Komputer,1,120000.00,70000.00,0.00,120000.00,50000.00
ORD-00342,2026-03-05,Completed,E-Wallet,CUST-0254,Ahmad Pertiwi,Consumer,Medan,Sumatra,PROD-016,Tunik Batik Modern,Pakaian,Wanita,2,175000.00,95000.00,0.00,350000.00,160000.00
ORD-00342,2026-03-05,Completed,E-Wallet,CUST-0254,Ahmad Pertiwi,Consumer,Medan,Sumatra,PROD-013,Jaket Hoodie Fleece,Pakaian,Pria,3,220000.00,125000.00,0.00,660000.00,285000.00
ORD-00342,2026-03-05,Completed,E-Wallet,CUST-0254,Ahmad Pertiwi,Consumer,Medan,Sumatra,PROD-018,Botol Minum Tumbler 500ml,Perlengkapan Rumah,Dapur & Makan,3,95000.00,48000.00,0.10,256500.00,112500.00
ORD-00465,2026-04-29,Completed,E-Wallet,CUST-0254,Ahmad Pertiwi,Consumer,Medan,Sumatra,PROD-008,Webcam Full HD 1080p,Elektronik,Aksesoris Komputer,3,280000.00,175000.00,0.05,798000.00,273000.00
ORD-00465,2026-04-29,Completed,E-Wallet,CUST-0254,Ahmad Pertiwi,Consumer,Medan,Sumatra,PROD-014,Celana Chino Slim Fit,Pakaian,Pria,1,185000.00,100000.00,0.15,157250.00,57250.00
ORD-00518,2026-02-04,Completed,Transfer Bank,CUST-0254,Ahmad Pertiwi,Consumer,Medan,Sumatra,PROD-007,Powerbank 10000mAh Dual Port,Elektronik,Aksesoris Mobile,2,200000.00,120000.00,0.05,380000.00,140000.00
ORD-00518,2026-02-04,Completed,Transfer Bank,CUST-0254,Ahmad Pertiwi,Consumer,Medan,Sumatra,PROD-002,Keyboard Mechanical RGB,Elektronik,Aksesoris Komputer,1,450000.00,280000.00,0.05,427500.00,147500.00
ORD-00236,2025-06-23,Completed,Credit Card,CUST-0255,Nani Pertiwi,Consumer,Jakarta Selatan,Jawa,PROD-017,Topi Baseball Canvas,Pakaian,Aksesoris Fashion,2,50000.00,22000.00,0.20,80000.00,36000.00
ORD-00236,2025-06-23,Completed,Credit Card,CUST-0255,Nani Pertiwi,Consumer,Jakarta Selatan,Jawa,PROD-011,Kaos Polos Cotton Combed 30s,Pakaian,Pria,1,75000.00,35000.00,0.05,71250.00,36250.00
ORD-00278,2025-11-13,Completed,Credit Card,CUST-0255,Nani Pertiwi,Consumer,Jakarta Selatan,Jawa,PROD-011,Kaos Polos Cotton Combed 30s,Pakaian,Pria,1,75000.00,35000.00,0.00,75000.00,40000.00
ORD-00410,2025-05-14,Completed,COD,CUST-0255,Nani Pertiwi,Consumer,Jakarta Selatan,Jawa,PROD-022,Rak Sepatu Susun Plastik,Perlengkapan Rumah,Storage,2,125000.00,68000.00,0.00,250000.00,114000.00
ORD-00635,2026-02-25,Completed,Transfer Bank,CUST-0255,Nani Pertiwi,Consumer,Jakarta Selatan,Jawa,PROD-015,Blouse Wanita Casual,Pakaian,Wanita,1,135000.00,70000.00,0.00,135000.00,65000.00
ORD-00792,2025-02-28,Completed,E-Wallet,CUST-0255,Nani Pertiwi,Consumer,Jakarta Selatan,Jawa,PROD-002,Keyboard Mechanical RGB,Elektronik,Aksesoris Komputer,2,450000.00,280000.00,0.05,855000.00,295000.00
ORD-00217,2025-02-02,Completed,Transfer Bank,CUST-0256,Rizky Suryani,Corporate,Yogyakarta,Jawa,PROD-003,Headset Gaming Surround 7.1,Elektronik,Audio,1,350000.00,210000.00,0.05,332500.00,122500.00
ORD-00251,2025-01-14,Completed,COD,CUST-0256,Rizky Suryani,Corporate,Yogyakarta,Jawa,PROD-020,Organizer Meja Acrylic,Perlengkapan Rumah,Storage,1,65000.00,32000.00,0.00,65000.00,33000.00
ORD-00568,2025-07-17,Completed,Transfer Bank,CUST-0256,Rizky Suryani,Corporate,Yogyakarta,Jawa,PROD-012,Kemeja Flanel Lengan Panjang,Pakaian,Pria,1,165000.00,90000.00,0.00,165000.00,75000.00
ORD-01083,2025-06-25,Cancelled,Credit Card,CUST-0256,Rizky Suryani,Corporate,Yogyakarta,Jawa,PROD-025,Desk Mat Deskpad Leather,Alat Tulis & Kantor,Aksesoris Meja,3,95000.00,50000.00,0.00,285000.00,135000.00
ORD-00153,2025-09-30,Completed,Credit Card,CUST-0257,Rizky Aminah,Home Office,Semarang,Jawa,PROD-019,Lampu Meja LED Belajar,Perlengkapan Rumah,Dekorasi,1,110000.00,60000.00,0.00,110000.00,50000.00
ORD-00303,2025-11-05,Completed,Transfer Bank,CUST-0257,Rizky Aminah,Home Office,Semarang,Jawa,PROD-015,Blouse Wanita Casual,Pakaian,Wanita,2,135000.00,70000.00,0.00,270000.00,130000.00
ORD-00303,2025-11-05,Completed,Transfer Bank,CUST-0257,Rizky Aminah,Home Office,Semarang,Jawa,PROD-007,Powerbank 10000mAh Dual Port,Elektronik,Aksesoris Mobile,1,200000.00,120000.00,0.05,190000.00,70000.00
ORD-00054,2026-05-09,Completed,Credit Card,CUST-0258,Maya Santoso,Corporate,Palembang,Sumatra,PROD-001,Mouse Wireless M185,Elektronik,Aksesoris Komputer,1,150000.00,95000.00,0.05,142500.00,47500.00
ORD-00054,2026-05-09,Completed,Credit Card,CUST-0258,Maya Santoso,Corporate,Palembang,Sumatra,PROD-018,Botol Minum Tumbler 500ml,Perlengkapan Rumah,Dapur & Makan,2,95000.00,48000.00,0.00,190000.00,94000.00
ORD-00054,2026-05-09,Completed,Credit Card,CUST-0258,Maya Santoso,Corporate,Palembang,Sumatra,PROD-008,Webcam Full HD 1080p,Elektronik,Aksesoris Komputer,1,280000.00,175000.00,0.00,280000.00,105000.00
ORD-00267,2026-01-29,Completed,Transfer Bank,CUST-0258,Maya Santoso,Corporate,Palembang,Sumatra,PROD-022,Rak Sepatu Susun Plastik,Perlengkapan Rumah,Storage,1,125000.00,68000.00,0.05,118750.00,50750.00
ORD-00267,2026-01-29,Completed,Transfer Bank,CUST-0258,Maya Santoso,Corporate,Palembang,Sumatra,PROD-008,Webcam Full HD 1080p,Elektronik,Aksesoris Komputer,2,280000.00,175000.00,0.05,532000.00,182000.00
ORD-00267,2026-01-29,Completed,Transfer Bank,CUST-0258,Maya Santoso,Corporate,Palembang,Sumatra,PROD-005,Monitor 24 inch IPS 75Hz,Elektronik,Display,1,1800000.00,1350000.00,0.00,1800000.00,450000.00
ORD-00267,2026-01-29,Completed,Transfer Bank,CUST-0258,Maya Santoso,Corporate,Palembang,Sumatra,PROD-001,Mouse Wireless M185,Elektronik,Aksesoris Komputer,5,150000.00,95000.00,0.00,750000.00,275000.00
ORD-01020,2026-04-27,Completed,Credit Card,CUST-0258,Maya Santoso,Corporate,Palembang,Sumatra,PROD-011,Kaos Polos Cotton Combed 30s,Pakaian,Pria,1,75000.00,35000.00,0.00,75000.00,40000.00
ORD-00346,2026-04-01,Completed,COD,CUST-0259,Bambang Aminah,Corporate,Semarang,Jawa,PROD-003,Headset Gaming Surround 7.1,Elektronik,Audio,2,350000.00,210000.00,0.05,665000.00,245000.00
ORD-00364,2025-02-01,Completed,E-Wallet,CUST-0259,Bambang Aminah,Corporate,Semarang,Jawa,PROD-008,Webcam Full HD 1080p,Elektronik,Aksesoris Komputer,2,280000.00,175000.00,0.00,560000.00,210000.00
ORD-00364,2025-02-01,Completed,E-Wallet,CUST-0259,Bambang Aminah,Corporate,Semarang,Jawa,PROD-021,Bantal Leher Memory Foam,Perlengkapan Rumah,Kebutuhan Harian,1,85000.00,42000.00,0.00,85000.00,43000.00
ORD-00782,2026-01-11,Completed,E-Wallet,CUST-0259,Bambang Aminah,Corporate,Semarang,Jawa,PROD-025,Desk Mat Deskpad Leather,Alat Tulis & Kantor,Aksesoris Meja,1,95000.00,50000.00,0.00,95000.00,45000.00
ORD-00840,2025-08-23,Completed,E-Wallet,CUST-0259,Bambang Aminah,Corporate,Semarang,Jawa,PROD-020,Organizer Meja Acrylic,Perlengkapan Rumah,Storage,3,65000.00,32000.00,0.00,195000.00,99000.00
ORD-00840,2025-08-23,Completed,E-Wallet,CUST-0259,Bambang Aminah,Corporate,Semarang,Jawa,PROD-022,Rak Sepatu Susun Plastik,Perlengkapan Rumah,Storage,1,125000.00,68000.00,0.00,125000.00,57000.00
ORD-00840,2025-08-23,Completed,E-Wallet,CUST-0259,Bambang Aminah,Corporate,Semarang,Jawa,PROD-025,Desk Mat Deskpad Leather,Alat Tulis & Kantor,Aksesoris Meja,3,95000.00,50000.00,0.00,285000.00,135000.00
ORD-00960,2025-01-09,Completed,COD,CUST-0259,Bambang Aminah,Corporate,Semarang,Jawa,PROD-004,Stand Laptop Aluminium,Elektronik,Aksesoris Komputer,1,120000.00,70000.00,0.00,120000.00,50000.00
ORD-01158,2026-01-21,Completed,Transfer Bank,CUST-0259,Bambang Aminah,Corporate,Semarang,Jawa,PROD-006,Kabel Data Type-C Fast Charge,Elektronik,Aksesoris Mobile,3,35000.00,15000.00,0.00,105000.00,60000.00
ORD-01158,2026-01-21,Completed,Transfer Bank,CUST-0259,Bambang Aminah,Corporate,Semarang,Jawa,PROD-012,Kemeja Flanel Lengan Panjang,Pakaian,Pria,1,165000.00,90000.00,0.00,165000.00,75000.00
ORD-00132,2025-06-30,Returned,E-Wallet,CUST-0260,Rizky Saputra,Consumer,Semarang,Jawa,PROD-023,Buku Catatan Hardcover A5,Alat Tulis & Kantor,Kertas & Buku,1,45000.00,20000.00,0.00,45000.00,25000.00
ORD-00132,2025-06-30,Returned,E-Wallet,CUST-0260,Rizky Saputra,Consumer,Semarang,Jawa,PROD-010,USB Flashdrive 64GB,Elektronik,Storage,1,85000.00,45000.00,0.05,80750.00,35750.00
ORD-00221,2025-02-04,Completed,Transfer Bank,CUST-0260,Rizky Saputra,Consumer,Semarang,Jawa,PROD-008,Webcam Full HD 1080p,Elektronik,Aksesoris Komputer,2,280000.00,175000.00,0.00,560000.00,210000.00
ORD-00221,2025-02-04,Completed,Transfer Bank,CUST-0260,Rizky Saputra,Consumer,Semarang,Jawa,PROD-014,Celana Chino Slim Fit,Pakaian,Pria,1,185000.00,100000.00,0.00,185000.00,85000.00
ORD-00574,2026-05-01,Completed,Credit Card,CUST-0260,Rizky Saputra,Consumer,Semarang,Jawa,PROD-020,Organizer Meja Acrylic,Perlengkapan Rumah,Storage,1,65000.00,32000.00,0.05,61750.00,29750.00
ORD-00574,2026-05-01,Completed,Credit Card,CUST-0260,Rizky Saputra,Consumer,Semarang,Jawa,PROD-016,Tunik Batik Modern,Pakaian,Wanita,1,175000.00,95000.00,0.00,175000.00,80000.00
ORD-00574,2026-05-01,Completed,Credit Card,CUST-0260,Rizky Saputra,Consumer,Semarang,Jawa,PROD-010,USB Flashdrive 64GB,Elektronik,Storage,1,85000.00,45000.00,0.15,72250.00,27250.00
ORD-00754,2026-04-10,Completed,Credit Card,CUST-0260,Rizky Saputra,Consumer,Semarang,Jawa,PROD-022,Rak Sepatu Susun Plastik,Perlengkapan Rumah,Storage,1,125000.00,68000.00,0.10,112500.00,44500.00
ORD-00925,2026-04-02,Completed,Transfer Bank,CUST-0260,Rizky Saputra,Consumer,Semarang,Jawa,PROD-010,USB Flashdrive 64GB,Elektronik,Storage,1,85000.00,45000.00,0.05,80750.00,35750.00
ORD-01111,2025-01-01,Returned,COD,CUST-0260,Rizky Saputra,Consumer,Semarang,Jawa,PROD-005,Monitor 24 inch IPS 75Hz,Elektronik,Display,1,1800000.00,1350000.00,0.00,1800000.00,450000.00
ORD-01111,2025-01-01,Returned,COD,CUST-0260,Rizky Saputra,Consumer,Semarang,Jawa,PROD-003,Headset Gaming Surround 7.1,Elektronik,Audio,1,350000.00,210000.00,0.20,280000.00,70000.00
ORD-01111,2025-01-01,Returned,COD,CUST-0260,Rizky Saputra,Consumer,Semarang,Jawa,PROD-019,Lampu Meja LED Belajar,Perlengkapan Rumah,Dekorasi,1,110000.00,60000.00,0.00,110000.00,50000.00
ORD-00041,2026-04-23,Completed,Credit Card,CUST-0261,Eko Kurniawan,Corporate,Denpasar,Bali & Nusa Tenggara,PROD-007,Powerbank 10000mAh Dual Port,Elektronik,Aksesoris Mobile,3,200000.00,120000.00,0.05,570000.00,210000.00
ORD-00041,2026-04-23,Completed,Credit Card,CUST-0261,Eko Kurniawan,Corporate,Denpasar,Bali & Nusa Tenggara,PROD-018,Botol Minum Tumbler 500ml,Perlengkapan Rumah,Dapur & Makan,1,95000.00,48000.00,0.00,95000.00,47000.00
ORD-00189,2025-11-27,Completed,Credit Card,CUST-0261,Eko Kurniawan,Corporate,Denpasar,Bali & Nusa Tenggara,PROD-005,Monitor 24 inch IPS 75Hz,Elektronik,Display,1,1800000.00,1350000.00,0.00,1800000.00,450000.00
ORD-00189,2025-11-27,Completed,Credit Card,CUST-0261,Eko Kurniawan,Corporate,Denpasar,Bali & Nusa Tenggara,PROD-010,USB Flashdrive 64GB,Elektronik,Storage,2,85000.00,45000.00,0.00,170000.00,80000.00
ORD-00743,2025-10-27,Completed,Credit Card,CUST-0262,Titi Saputra,Home Office,Surabaya,Jawa,PROD-025,Desk Mat Deskpad Leather,Alat Tulis & Kantor,Aksesoris Meja,1,95000.00,50000.00,0.05,90250.00,40250.00
ORD-00798,2025-03-18,Completed,Transfer Bank,CUST-0262,Titi Saputra,Home Office,Surabaya,Jawa,PROD-021,Bantal Leher Memory Foam,Perlengkapan Rumah,Kebutuhan Harian,1,85000.00,42000.00,0.00,85000.00,43000.00
ORD-00798,2025-03-18,Completed,Transfer Bank,CUST-0262,Titi Saputra,Home Office,Surabaya,Jawa,PROD-020,Organizer Meja Acrylic,Perlengkapan Rumah,Storage,2,65000.00,32000.00,0.00,130000.00,66000.00
ORD-00988,2025-04-10,Completed,E-Wallet,CUST-0262,Titi Saputra,Home Office,Surabaya,Jawa,PROD-011,Kaos Polos Cotton Combed 30s,Pakaian,Pria,1,75000.00,35000.00,0.00,75000.00,40000.00
ORD-01017,2025-04-04,Completed,Credit Card,CUST-0262,Titi Saputra,Home Office,Surabaya,Jawa,PROD-025,Desk Mat Deskpad Leather,Alat Tulis & Kantor,Aksesoris Meja,1,95000.00,50000.00,0.00,95000.00,45000.00
ORD-01017,2025-04-04,Completed,Credit Card,CUST-0262,Titi Saputra,Home Office,Surabaya,Jawa,PROD-020,Organizer Meja Acrylic,Perlengkapan Rumah,Storage,1,65000.00,32000.00,0.00,65000.00,33000.00
ORD-00848,2025-03-12,Completed,Credit Card,CUST-0263,Ahmad Pertiwi,Consumer,Medan,Sumatra,PROD-011,Kaos Polos Cotton Combed 30s,Pakaian,Pria,2,75000.00,35000.00,0.00,150000.00,80000.00
ORD-00848,2025-03-12,Completed,Credit Card,CUST-0263,Ahmad Pertiwi,Consumer,Medan,Sumatra,PROD-004,Stand Laptop Aluminium,Elektronik,Aksesoris Komputer,1,120000.00,70000.00,0.00,120000.00,50000.00
ORD-00907,2025-07-31,Completed,E-Wallet,CUST-0263,Ahmad Pertiwi,Consumer,Medan,Sumatra,PROD-022,Rak Sepatu Susun Plastik,Perlengkapan Rumah,Storage,1,125000.00,68000.00,0.00,125000.00,57000.00
ORD-00031,2025-03-01,Completed,Transfer Bank,CUST-0264,Bambang Nugroho,Corporate,Palembang,Sumatra,PROD-016,Tunik Batik Modern,Pakaian,Wanita,1,175000.00,95000.00,0.20,140000.00,45000.00
ORD-00290,2026-01-26,Completed,COD,CUST-0264,Bambang Nugroho,Corporate,Palembang,Sumatra,PROD-024,Pulpen Gel Pack 12 Pcs,Alat Tulis & Kantor,Alat Tulis,2,36000.00,18000.00,0.05,68400.00,32400.00
ORD-00290,2026-01-26,Completed,COD,CUST-0264,Bambang Nugroho,Corporate,Palembang,Sumatra,PROD-020,Organizer Meja Acrylic,Perlengkapan Rumah,Storage,1,65000.00,32000.00,0.00,65000.00,33000.00
ORD-00290,2026-01-26,Completed,COD,CUST-0264,Bambang Nugroho,Corporate,Palembang,Sumatra,PROD-005,Monitor 24 inch IPS 75Hz,Elektronik,Display,1,1800000.00,1350000.00,0.00,1800000.00,450000.00
ORD-00305,2025-09-23,Completed,E-Wallet,CUST-0264,Bambang Nugroho,Corporate,Palembang,Sumatra,PROD-007,Powerbank 10000mAh Dual Port,Elektronik,Aksesoris Mobile,1,200000.00,120000.00,0.00,200000.00,80000.00
ORD-00529,2025-05-29,Completed,Transfer Bank,CUST-0264,Bambang Nugroho,Corporate,Palembang,Sumatra,PROD-017,Topi Baseball Canvas,Pakaian,Aksesoris Fashion,1,50000.00,22000.00,0.00,50000.00,28000.00
ORD-00203,2025-10-11,Completed,Transfer Bank,CUST-0265,Nani Prasetyo,Home Office,Semarang,Jawa,PROD-011,Kaos Polos Cotton Combed 30s,Pakaian,Pria,5,75000.00,35000.00,0.00,375000.00,200000.00
ORD-00203,2025-10-11,Completed,Transfer Bank,CUST-0265,Nani Prasetyo,Home Office,Semarang,Jawa,PROD-018,Botol Minum Tumbler 500ml,Perlengkapan Rumah,Dapur & Makan,1,95000.00,48000.00,0.05,90250.00,42250.00
ORD-00493,2026-04-22,Completed,E-Wallet,CUST-0265,Nani Prasetyo,Home Office,Semarang,Jawa,PROD-016,Tunik Batik Modern,Pakaian,Wanita,1,175000.00,95000.00,0.00,175000.00,80000.00
ORD-00493,2026-04-22,Completed,E-Wallet,CUST-0265,Nani Prasetyo,Home Office,Semarang,Jawa,PROD-011,Kaos Polos Cotton Combed 30s,Pakaian,Pria,3,75000.00,35000.00,0.00,225000.00,120000.00
ORD-00585,2025-09-12,Completed,Credit Card,CUST-0265,Nani Prasetyo,Home Office,Semarang,Jawa,PROD-003,Headset Gaming Surround 7.1,Elektronik,Audio,2,350000.00,210000.00,0.00,700000.00,280000.00
ORD-00703,2025-09-15,Completed,E-Wallet,CUST-0265,Nani Prasetyo,Home Office,Semarang,Jawa,PROD-001,Mouse Wireless M185,Elektronik,Aksesoris Komputer,2,150000.00,95000.00,0.00,300000.00,110000.00
ORD-01034,2025-03-10,Completed,Credit Card,CUST-0265,Nani Prasetyo,Home Office,Semarang,Jawa,PROD-006,Kabel Data Type-C Fast Charge,Elektronik,Aksesoris Mobile,3,35000.00,15000.00,0.00,105000.00,60000.00
ORD-00936,2025-01-22,Completed,Credit Card,CUST-0266,Agus Hadi,Corporate,Makassar,Sulawesi,PROD-007,Powerbank 10000mAh Dual Port,Elektronik,Aksesoris Mobile,1,200000.00,120000.00,0.05,190000.00,70000.00
ORD-00936,2025-01-22,Completed,Credit Card,CUST-0266,Agus Hadi,Corporate,Makassar,Sulawesi,PROD-025,Desk Mat Deskpad Leather,Alat Tulis & Kantor,Aksesoris Meja,1,95000.00,50000.00,0.05,90250.00,40250.00
ORD-00936,2025-01-22,Completed,Credit Card,CUST-0266,Agus Hadi,Corporate,Makassar,Sulawesi,PROD-011,Kaos Polos Cotton Combed 30s,Pakaian,Pria,2,75000.00,35000.00,0.00,150000.00,80000.00
ORD-00987,2025-08-13,Completed,Credit Card,CUST-0266,Agus Hadi,Corporate,Makassar,Sulawesi,PROD-013,Jaket Hoodie Fleece,Pakaian,Pria,1,220000.00,125000.00,0.00,220000.00,95000.00
ORD-00987,2025-08-13,Completed,Credit Card,CUST-0266,Agus Hadi,Corporate,Makassar,Sulawesi,PROD-001,Mouse Wireless M185,Elektronik,Aksesoris Komputer,2,150000.00,95000.00,0.00,300000.00,110000.00
ORD-00987,2025-08-13,Completed,Credit Card,CUST-0266,Agus Hadi,Corporate,Makassar,Sulawesi,PROD-012,Kemeja Flanel Lengan Panjang,Pakaian,Pria,2,165000.00,90000.00,0.00,330000.00,150000.00
ORD-00992,2025-07-27,Completed,Transfer Bank,CUST-0266,Agus Hadi,Corporate,Makassar,Sulawesi,PROD-022,Rak Sepatu Susun Plastik,Perlengkapan Rumah,Storage,2,125000.00,68000.00,0.00,250000.00,114000.00
ORD-01022,2026-05-15,Completed,COD,CUST-0266,Agus Hadi,Corporate,Makassar,Sulawesi,PROD-007,Powerbank 10000mAh Dual Port,Elektronik,Aksesoris Mobile,1,200000.00,120000.00,0.00,200000.00,80000.00
ORD-00391,2025-06-04,Completed,E-Wallet,CUST-0267,Lestari Setiawan,Corporate,Jakarta Selatan,Jawa,PROD-004,Stand Laptop Aluminium,Elektronik,Aksesoris Komputer,1,120000.00,70000.00,0.00,120000.00,50000.00
ORD-00391,2025-06-04,Completed,E-Wallet,CUST-0267,Lestari Setiawan,Corporate,Jakarta Selatan,Jawa,PROD-010,USB Flashdrive 64GB,Elektronik,Storage,2,85000.00,45000.00,0.20,136000.00,46000.00
ORD-00391,2025-06-04,Completed,E-Wallet,CUST-0267,Lestari Setiawan,Corporate,Jakarta Selatan,Jawa,PROD-009,Earphones TWS Bluetooth 5.3,Elektronik,Audio,1,250000.00,140000.00,0.00,250000.00,110000.00
ORD-00610,2025-01-23,Completed,COD,CUST-0267,Lestari Setiawan,Corporate,Jakarta Selatan,Jawa,PROD-005,Monitor 24 inch IPS 75Hz,Elektronik,Display,1,1800000.00,1350000.00,0.00,1800000.00,450000.00
ORD-00789,2025-08-04,Completed,Credit Card,CUST-0267,Lestari Setiawan,Corporate,Jakarta Selatan,Jawa,PROD-001,Mouse Wireless M185,Elektronik,Aksesoris Komputer,2,150000.00,95000.00,0.10,270000.00,80000.00
ORD-00789,2025-08-04,Completed,Credit Card,CUST-0267,Lestari Setiawan,Corporate,Jakarta Selatan,Jawa,PROD-024,Pulpen Gel Pack 12 Pcs,Alat Tulis & Kantor,Alat Tulis,1,36000.00,18000.00,0.15,30600.00,12600.00
ORD-00789,2025-08-04,Completed,Credit Card,CUST-0267,Lestari Setiawan,Corporate,Jakarta Selatan,Jawa,PROD-018,Botol Minum Tumbler 500ml,Perlengkapan Rumah,Dapur & Makan,1,95000.00,48000.00,0.00,95000.00,47000.00
ORD-01192,2025-02-14,Completed,E-Wallet,CUST-0267,Lestari Setiawan,Corporate,Jakarta Selatan,Jawa,PROD-021,Bantal Leher Memory Foam,Perlengkapan Rumah,Kebutuhan Harian,1,85000.00,42000.00,0.00,85000.00,43000.00
ORD-00700,2026-03-07,Completed,COD,CUST-0268,Agus Pertiwi,Corporate,Denpasar,Bali & Nusa Tenggara,PROD-021,Bantal Leher Memory Foam,Perlengkapan Rumah,Kebutuhan Harian,1,85000.00,42000.00,0.05,80750.00,38750.00
ORD-00700,2026-03-07,Completed,COD,CUST-0268,Agus Pertiwi,Corporate,Denpasar,Bali & Nusa Tenggara,PROD-002,Keyboard Mechanical RGB,Elektronik,Aksesoris Komputer,1,450000.00,280000.00,0.00,450000.00,170000.00
ORD-00711,2026-02-07,Completed,COD,CUST-0268,Agus Pertiwi,Corporate,Denpasar,Bali & Nusa Tenggara,PROD-006,Kabel Data Type-C Fast Charge,Elektronik,Aksesoris Mobile,1,35000.00,15000.00,0.00,35000.00,20000.00
ORD-00711,2026-02-07,Completed,COD,CUST-0268,Agus Pertiwi,Corporate,Denpasar,Bali & Nusa Tenggara,PROD-020,Organizer Meja Acrylic,Perlengkapan Rumah,Storage,2,65000.00,32000.00,0.10,117000.00,53000.00
ORD-00711,2026-02-07,Completed,COD,CUST-0268,Agus Pertiwi,Corporate,Denpasar,Bali & Nusa Tenggara,PROD-003,Headset Gaming Surround 7.1,Elektronik,Audio,2,350000.00,210000.00,0.05,665000.00,245000.00
ORD-00160,2025-08-12,Completed,Transfer Bank,CUST-0269,Nani Wibowo,Consumer,Denpasar,Bali & Nusa Tenggara,PROD-001,Mouse Wireless M185,Elektronik,Aksesoris Komputer,3,150000.00,95000.00,0.00,450000.00,165000.00
ORD-00180,2025-12-29,Completed,E-Wallet,CUST-0269,Nani Wibowo,Consumer,Denpasar,Bali & Nusa Tenggara,PROD-022,Rak Sepatu Susun Plastik,Perlengkapan Rumah,Storage,1,125000.00,68000.00,0.00,125000.00,57000.00
ORD-00180,2025-12-29,Completed,E-Wallet,CUST-0269,Nani Wibowo,Consumer,Denpasar,Bali & Nusa Tenggara,PROD-004,Stand Laptop Aluminium,Elektronik,Aksesoris Komputer,2,120000.00,70000.00,0.10,216000.00,76000.00
ORD-00778,2025-08-22,Completed,Credit Card,CUST-0269,Nani Wibowo,Consumer,Denpasar,Bali & Nusa Tenggara,PROD-015,Blouse Wanita Casual,Pakaian,Wanita,1,135000.00,70000.00,0.00,135000.00,65000.00
ORD-00778,2025-08-22,Completed,Credit Card,CUST-0269,Nani Wibowo,Consumer,Denpasar,Bali & Nusa Tenggara,PROD-002,Keyboard Mechanical RGB,Elektronik,Aksesoris Komputer,1,450000.00,280000.00,0.00,450000.00,170000.00
ORD-00815,2025-12-27,Completed,E-Wallet,CUST-0269,Nani Wibowo,Consumer,Denpasar,Bali & Nusa Tenggara,PROD-021,Bantal Leher Memory Foam,Perlengkapan Rumah,Kebutuhan Harian,2,85000.00,42000.00,0.00,170000.00,86000.00
ORD-01196,2026-03-18,Completed,E-Wallet,CUST-0269,Nani Wibowo,Consumer,Denpasar,Bali & Nusa Tenggara,PROD-021,Bantal Leher Memory Foam,Perlengkapan Rumah,Kebutuhan Harian,2,85000.00,42000.00,0.05,161500.00,77500.00
ORD-00193,2025-09-17,Completed,Transfer Bank,CUST-0270,Maya Santoso,Consumer,Semarang,Jawa,PROD-019,Lampu Meja LED Belajar,Perlengkapan Rumah,Dekorasi,1,110000.00,60000.00,0.00,110000.00,50000.00
ORD-00193,2025-09-17,Completed,Transfer Bank,CUST-0270,Maya Santoso,Consumer,Semarang,Jawa,PROD-003,Headset Gaming Surround 7.1,Elektronik,Audio,2,350000.00,210000.00,0.00,700000.00,280000.00
ORD-00193,2025-09-17,Completed,Transfer Bank,CUST-0270,Maya Santoso,Consumer,Semarang,Jawa,PROD-014,Celana Chino Slim Fit,Pakaian,Pria,3,185000.00,100000.00,0.10,499500.00,199500.00
ORD-00641,2025-08-03,Completed,E-Wallet,CUST-0270,Maya Santoso,Consumer,Semarang,Jawa,PROD-013,Jaket Hoodie Fleece,Pakaian,Pria,3,220000.00,125000.00,0.00,660000.00,285000.00
ORD-00641,2025-08-03,Completed,E-Wallet,CUST-0270,Maya Santoso,Consumer,Semarang,Jawa,PROD-017,Topi Baseball Canvas,Pakaian,Aksesoris Fashion,1,50000.00,22000.00,0.00,50000.00,28000.00
ORD-01057,2025-11-17,Completed,E-Wallet,CUST-0270,Maya Santoso,Consumer,Semarang,Jawa,PROD-004,Stand Laptop Aluminium,Elektronik,Aksesoris Komputer,1,120000.00,70000.00,0.00,120000.00,50000.00
ORD-01057,2025-11-17,Completed,E-Wallet,CUST-0270,Maya Santoso,Consumer,Semarang,Jawa,PROD-012,Kemeja Flanel Lengan Panjang,Pakaian,Pria,1,165000.00,90000.00,0.00,165000.00,75000.00
ORD-01057,2025-11-17,Completed,E-Wallet,CUST-0270,Maya Santoso,Consumer,Semarang,Jawa,PROD-021,Bantal Leher Memory Foam,Perlengkapan Rumah,Kebutuhan Harian,1,85000.00,42000.00,0.00,85000.00,43000.00
ORD-01177,2025-07-12,Completed,Transfer Bank,CUST-0270,Maya Santoso,Consumer,Semarang,Jawa,PROD-023,Buku Catatan Hardcover A5,Alat Tulis & Kantor,Kertas & Buku,1,45000.00,20000.00,0.10,40500.00,20500.00
ORD-01177,2025-07-12,Completed,Transfer Bank,CUST-0270,Maya Santoso,Consumer,Semarang,Jawa,PROD-015,Blouse Wanita Casual,Pakaian,Wanita,2,135000.00,70000.00,0.00,270000.00,130000.00
ORD-00214,2026-03-04,Completed,COD,CUST-0271,Maya Lestari,Home Office,Denpasar,Bali & Nusa Tenggara,PROD-004,Stand Laptop Aluminium,Elektronik,Aksesoris Komputer,2,120000.00,70000.00,0.00,240000.00,100000.00
ORD-00214,2026-03-04,Completed,COD,CUST-0271,Maya Lestari,Home Office,Denpasar,Bali & Nusa Tenggara,PROD-025,Desk Mat Deskpad Leather,Alat Tulis & Kantor,Aksesoris Meja,1,95000.00,50000.00,0.00,95000.00,45000.00
ORD-00502,2025-12-10,Completed,Credit Card,CUST-0271,Maya Lestari,Home Office,Denpasar,Bali & Nusa Tenggara,PROD-014,Celana Chino Slim Fit,Pakaian,Pria,1,185000.00,100000.00,0.00,185000.00,85000.00
ORD-00502,2025-12-10,Completed,Credit Card,CUST-0271,Maya Lestari,Home Office,Denpasar,Bali & Nusa Tenggara,PROD-007,Powerbank 10000mAh Dual Port,Elektronik,Aksesoris Mobile,1,200000.00,120000.00,0.00,200000.00,80000.00
ORD-00502,2025-12-10,Completed,Credit Card,CUST-0271,Maya Lestari,Home Office,Denpasar,Bali & Nusa Tenggara,PROD-022,Rak Sepatu Susun Plastik,Perlengkapan Rumah,Storage,2,125000.00,68000.00,0.00,250000.00,114000.00
ORD-00502,2025-12-10,Completed,Credit Card,CUST-0271,Maya Lestari,Home Office,Denpasar,Bali & Nusa Tenggara,PROD-013,Jaket Hoodie Fleece,Pakaian,Pria,1,220000.00,125000.00,0.00,220000.00,95000.00
ORD-00334,2025-01-26,Completed,E-Wallet,CUST-0272,Rina Wijaya,Home Office,Denpasar,Bali & Nusa Tenggara,PROD-009,Earphones TWS Bluetooth 5.3,Elektronik,Audio,1,250000.00,140000.00,0.00,250000.00,110000.00
ORD-00399,2026-05-11,Completed,E-Wallet,CUST-0272,Rina Wijaya,Home Office,Denpasar,Bali & Nusa Tenggara,PROD-020,Organizer Meja Acrylic,Perlengkapan Rumah,Storage,5,65000.00,32000.00,0.10,292500.00,132500.00
ORD-00773,2026-04-02,Completed,E-Wallet,CUST-0272,Rina Wijaya,Home Office,Denpasar,Bali & Nusa Tenggara,PROD-010,USB Flashdrive 64GB,Elektronik,Storage,3,85000.00,45000.00,0.00,255000.00,120000.00
ORD-00773,2026-04-02,Completed,E-Wallet,CUST-0272,Rina Wijaya,Home Office,Denpasar,Bali & Nusa Tenggara,PROD-006,Kabel Data Type-C Fast Charge,Elektronik,Aksesoris Mobile,2,35000.00,15000.00,0.00,70000.00,40000.00
ORD-00773,2026-04-02,Completed,E-Wallet,CUST-0272,Rina Wijaya,Home Office,Denpasar,Bali & Nusa Tenggara,PROD-024,Pulpen Gel Pack 12 Pcs,Alat Tulis & Kantor,Alat Tulis,2,36000.00,18000.00,0.20,57600.00,21600.00
ORD-00841,2026-05-09,Completed,Transfer Bank,CUST-0272,Rina Wijaya,Home Office,Denpasar,Bali & Nusa Tenggara,PROD-002,Keyboard Mechanical RGB,Elektronik,Aksesoris Komputer,1,450000.00,280000.00,0.00,450000.00,170000.00
ORD-00965,2025-07-09,Completed,COD,CUST-0272,Rina Wijaya,Home Office,Denpasar,Bali & Nusa Tenggara,PROD-024,Pulpen Gel Pack 12 Pcs,Alat Tulis & Kantor,Alat Tulis,1,36000.00,18000.00,0.00,36000.00,18000.00
ORD-00965,2025-07-09,Completed,COD,CUST-0272,Rina Wijaya,Home Office,Denpasar,Bali & Nusa Tenggara,PROD-013,Jaket Hoodie Fleece,Pakaian,Pria,1,220000.00,125000.00,0.15,187000.00,62000.00
ORD-00965,2025-07-09,Completed,COD,CUST-0272,Rina Wijaya,Home Office,Denpasar,Bali & Nusa Tenggara,PROD-019,Lampu Meja LED Belajar,Perlengkapan Rumah,Dekorasi,2,110000.00,60000.00,0.20,176000.00,56000.00
ORD-01186,2025-01-21,Completed,Credit Card,CUST-0272,Rina Wijaya,Home Office,Denpasar,Bali & Nusa Tenggara,PROD-011,Kaos Polos Cotton Combed 30s,Pakaian,Pria,1,75000.00,35000.00,0.00,75000.00,40000.00
ORD-00308,2025-09-17,Completed,COD,CUST-0273,Maya Prasetyo,Home Office,Medan,Sumatra,PROD-022,Rak Sepatu Susun Plastik,Perlengkapan Rumah,Storage,1,125000.00,68000.00,0.00,125000.00,57000.00
ORD-00321,2026-05-05,Completed,Credit Card,CUST-0273,Maya Prasetyo,Home Office,Medan,Sumatra,PROD-002,Keyboard Mechanical RGB,Elektronik,Aksesoris Komputer,1,450000.00,280000.00,0.00,450000.00,170000.00
ORD-00321,2026-05-05,Completed,Credit Card,CUST-0273,Maya Prasetyo,Home Office,Medan,Sumatra,PROD-014,Celana Chino Slim Fit,Pakaian,Pria,1,185000.00,100000.00,0.00,185000.00,85000.00
ORD-01184,2025-09-06,Completed,Transfer Bank,CUST-0273,Maya Prasetyo,Home Office,Medan,Sumatra,PROD-008,Webcam Full HD 1080p,Elektronik,Aksesoris Komputer,1,280000.00,175000.00,0.00,280000.00,105000.00
ORD-01184,2025-09-06,Completed,Transfer Bank,CUST-0273,Maya Prasetyo,Home Office,Medan,Sumatra,PROD-012,Kemeja Flanel Lengan Panjang,Pakaian,Pria,2,165000.00,90000.00,0.00,330000.00,150000.00
ORD-01198,2025-06-12,Completed,Transfer Bank,CUST-0273,Maya Prasetyo,Home Office,Medan,Sumatra,PROD-003,Headset Gaming Surround 7.1,Elektronik,Audio,1,350000.00,210000.00,0.00,350000.00,140000.00
ORD-01198,2025-06-12,Completed,Transfer Bank,CUST-0273,Maya Prasetyo,Home Office,Medan,Sumatra,PROD-001,Mouse Wireless M185,Elektronik,Aksesoris Komputer,1,150000.00,95000.00,0.00,150000.00,55000.00
ORD-00059,2026-03-13,Completed,COD,CUST-0274,Lestari Suryani,Home Office,Balikpapan,Kalimantan,PROD-014,Celana Chino Slim Fit,Pakaian,Pria,2,185000.00,100000.00,0.00,370000.00,170000.00
ORD-00272,2025-03-06,Completed,Transfer Bank,CUST-0274,Lestari Suryani,Home Office,Balikpapan,Kalimantan,PROD-021,Bantal Leher Memory Foam,Perlengkapan Rumah,Kebutuhan Harian,3,85000.00,42000.00,0.00,255000.00,129000.00
ORD-00272,2025-03-06,Completed,Transfer Bank,CUST-0274,Lestari Suryani,Home Office,Balikpapan,Kalimantan,PROD-004,Stand Laptop Aluminium,Elektronik,Aksesoris Komputer,2,120000.00,70000.00,0.15,204000.00,64000.00
ORD-00340,2025-11-30,Completed,Transfer Bank,CUST-0274,Lestari Suryani,Home Office,Balikpapan,Kalimantan,PROD-001,Mouse Wireless M185,Elektronik,Aksesoris Komputer,1,150000.00,95000.00,0.10,135000.00,40000.00
ORD-00340,2025-11-30,Completed,Transfer Bank,CUST-0274,Lestari Suryani,Home Office,Balikpapan,Kalimantan,PROD-012,Kemeja Flanel Lengan Panjang,Pakaian,Pria,1,165000.00,90000.00,0.05,156750.00,66750.00
ORD-00784,2026-03-25,Completed,Transfer Bank,CUST-0274,Lestari Suryani,Home Office,Balikpapan,Kalimantan,PROD-004,Stand Laptop Aluminium,Elektronik,Aksesoris Komputer,3,120000.00,70000.00,0.05,342000.00,132000.00
ORD-01062,2025-09-26,Completed,Credit Card,CUST-0274,Lestari Suryani,Home Office,Balikpapan,Kalimantan,PROD-014,Celana Chino Slim Fit,Pakaian,Pria,1,185000.00,100000.00,0.10,166500.00,66500.00
ORD-01062,2025-09-26,Completed,Credit Card,CUST-0274,Lestari Suryani,Home Office,Balikpapan,Kalimantan,PROD-018,Botol Minum Tumbler 500ml,Perlengkapan Rumah,Dapur & Makan,1,95000.00,48000.00,0.00,95000.00,47000.00
ORD-01062,2025-09-26,Completed,Credit Card,CUST-0274,Lestari Suryani,Home Office,Balikpapan,Kalimantan,PROD-013,Jaket Hoodie Fleece,Pakaian,Pria,1,220000.00,125000.00,0.20,176000.00,51000.00
ORD-00481,2026-02-09,Completed,Transfer Bank,CUST-0275,Titi Hidayat,Corporate,Yogyakarta,Jawa,PROD-010,USB Flashdrive 64GB,Elektronik,Storage,1,85000.00,45000.00,0.05,80750.00,35750.00
ORD-00576,2025-12-26,Completed,E-Wallet,CUST-0275,Titi Hidayat,Corporate,Yogyakarta,Jawa,PROD-019,Lampu Meja LED Belajar,Perlengkapan Rumah,Dekorasi,1,110000.00,60000.00,0.00,110000.00,50000.00
ORD-00578,2026-05-14,Completed,Credit Card,CUST-0275,Titi Hidayat,Corporate,Yogyakarta,Jawa,PROD-021,Bantal Leher Memory Foam,Perlengkapan Rumah,Kebutuhan Harian,1,85000.00,42000.00,0.05,80750.00,38750.00
ORD-00619,2025-06-10,Completed,Credit Card,CUST-0275,Titi Hidayat,Corporate,Yogyakarta,Jawa,PROD-021,Bantal Leher Memory Foam,Perlengkapan Rumah,Kebutuhan Harian,3,85000.00,42000.00,0.15,216750.00,90750.00
ORD-01005,2026-05-05,Completed,Transfer Bank,CUST-0275,Titi Hidayat,Corporate,Yogyakarta,Jawa,PROD-011,Kaos Polos Cotton Combed 30s,Pakaian,Pria,2,75000.00,35000.00,0.10,135000.00,65000.00
ORD-01005,2026-05-05,Completed,Transfer Bank,CUST-0275,Titi Hidayat,Corporate,Yogyakarta,Jawa,PROD-005,Monitor 24 inch IPS 75Hz,Elektronik,Display,3,1800000.00,1350000.00,0.00,5400000.00,1350000.00
ORD-01005,2026-05-05,Completed,Transfer Bank,CUST-0275,Titi Hidayat,Corporate,Yogyakarta,Jawa,PROD-015,Blouse Wanita Casual,Pakaian,Wanita,1,135000.00,70000.00,0.00,135000.00,65000.00
ORD-00048,2026-03-20,Completed,COD,CUST-0276,Agus Utami,Corporate,Jakarta Selatan,Jawa,PROD-009,Earphones TWS Bluetooth 5.3,Elektronik,Audio,1,250000.00,140000.00,0.00,250000.00,110000.00
ORD-00048,2026-03-20,Completed,COD,CUST-0276,Agus Utami,Corporate,Jakarta Selatan,Jawa,PROD-018,Botol Minum Tumbler 500ml,Perlengkapan Rumah,Dapur & Makan,2,95000.00,48000.00,0.05,180500.00,84500.00
ORD-00095,2025-03-01,Returned,E-Wallet,CUST-0276,Agus Utami,Corporate,Jakarta Selatan,Jawa,PROD-017,Topi Baseball Canvas,Pakaian,Aksesoris Fashion,1,50000.00,22000.00,0.10,45000.00,23000.00
ORD-00331,2025-04-20,Completed,Credit Card,CUST-0276,Agus Utami,Corporate,Jakarta Selatan,Jawa,PROD-018,Botol Minum Tumbler 500ml,Perlengkapan Rumah,Dapur & Makan,5,95000.00,48000.00,0.05,451250.00,211250.00
ORD-00331,2025-04-20,Completed,Credit Card,CUST-0276,Agus Utami,Corporate,Jakarta Selatan,Jawa,PROD-002,Keyboard Mechanical RGB,Elektronik,Aksesoris Komputer,2,450000.00,280000.00,0.00,900000.00,340000.00
ORD-00331,2025-04-20,Completed,Credit Card,CUST-0276,Agus Utami,Corporate,Jakarta Selatan,Jawa,PROD-022,Rak Sepatu Susun Plastik,Perlengkapan Rumah,Storage,1,125000.00,68000.00,0.00,125000.00,57000.00
ORD-00396,2025-07-12,Completed,COD,CUST-0276,Agus Utami,Corporate,Jakarta Selatan,Jawa,PROD-008,Webcam Full HD 1080p,Elektronik,Aksesoris Komputer,1,280000.00,175000.00,0.00,280000.00,105000.00
ORD-00396,2025-07-12,Completed,COD,CUST-0276,Agus Utami,Corporate,Jakarta Selatan,Jawa,PROD-003,Headset Gaming Surround 7.1,Elektronik,Audio,1,350000.00,210000.00,0.05,332500.00,122500.00
ORD-00509,2025-08-05,Completed,E-Wallet,CUST-0276,Agus Utami,Corporate,Jakarta Selatan,Jawa,PROD-023,Buku Catatan Hardcover A5,Alat Tulis & Kantor,Kertas & Buku,5,45000.00,20000.00,0.05,213750.00,113750.00
ORD-00888,2026-03-04,Completed,COD,CUST-0276,Agus Utami,Corporate,Jakarta Selatan,Jawa,PROD-002,Keyboard Mechanical RGB,Elektronik,Aksesoris Komputer,3,450000.00,280000.00,0.00,1350000.00,510000.00
ORD-00888,2026-03-04,Completed,COD,CUST-0276,Agus Utami,Corporate,Jakarta Selatan,Jawa,PROD-010,USB Flashdrive 64GB,Elektronik,Storage,1,85000.00,45000.00,0.15,72250.00,27250.00
ORD-00923,2026-03-16,Completed,E-Wallet,CUST-0276,Agus Utami,Corporate,Jakarta Selatan,Jawa,PROD-018,Botol Minum Tumbler 500ml,Perlengkapan Rumah,Dapur & Makan,1,95000.00,48000.00,0.00,95000.00,47000.00
ORD-00923,2026-03-16,Completed,E-Wallet,CUST-0276,Agus Utami,Corporate,Jakarta Selatan,Jawa,PROD-024,Pulpen Gel Pack 12 Pcs,Alat Tulis & Kantor,Alat Tulis,1,36000.00,18000.00,0.10,32400.00,14400.00
ORD-01041,2025-10-23,Completed,E-Wallet,CUST-0276,Agus Utami,Corporate,Jakarta Selatan,Jawa,PROD-007,Powerbank 10000mAh Dual Port,Elektronik,Aksesoris Mobile,1,200000.00,120000.00,0.00,200000.00,80000.00
ORD-00019,2026-04-28,Completed,COD,CUST-0277,Bambang Suryani,Corporate,Semarang,Jawa,PROD-018,Botol Minum Tumbler 500ml,Perlengkapan Rumah,Dapur & Makan,2,95000.00,48000.00,0.00,190000.00,94000.00
ORD-00019,2026-04-28,Completed,COD,CUST-0277,Bambang Suryani,Corporate,Semarang,Jawa,PROD-015,Blouse Wanita Casual,Pakaian,Wanita,1,135000.00,70000.00,0.10,121500.00,51500.00
ORD-00019,2026-04-28,Completed,COD,CUST-0277,Bambang Suryani,Corporate,Semarang,Jawa,PROD-012,Kemeja Flanel Lengan Panjang,Pakaian,Pria,1,165000.00,90000.00,0.00,165000.00,75000.00
ORD-00096,2025-07-18,Completed,COD,CUST-0277,Bambang Suryani,Corporate,Semarang,Jawa,PROD-009,Earphones TWS Bluetooth 5.3,Elektronik,Audio,1,250000.00,140000.00,0.05,237500.00,97500.00
ORD-00096,2025-07-18,Completed,COD,CUST-0277,Bambang Suryani,Corporate,Semarang,Jawa,PROD-001,Mouse Wireless M185,Elektronik,Aksesoris Komputer,1,150000.00,95000.00,0.10,135000.00,40000.00
ORD-00108,2026-03-16,Completed,Credit Card,CUST-0277,Bambang Suryani,Corporate,Semarang,Jawa,PROD-002,Keyboard Mechanical RGB,Elektronik,Aksesoris Komputer,3,450000.00,280000.00,0.00,1350000.00,510000.00
ORD-00108,2026-03-16,Completed,Credit Card,CUST-0277,Bambang Suryani,Corporate,Semarang,Jawa,PROD-006,Kabel Data Type-C Fast Charge,Elektronik,Aksesoris Mobile,2,35000.00,15000.00,0.00,70000.00,40000.00
ORD-00108,2026-03-16,Completed,Credit Card,CUST-0277,Bambang Suryani,Corporate,Semarang,Jawa,PROD-001,Mouse Wireless M185,Elektronik,Aksesoris Komputer,1,150000.00,95000.00,0.05,142500.00,47500.00
ORD-00108,2026-03-16,Completed,Credit Card,CUST-0277,Bambang Suryani,Corporate,Semarang,Jawa,PROD-022,Rak Sepatu Susun Plastik,Perlengkapan Rumah,Storage,2,125000.00,68000.00,0.15,212500.00,76500.00
ORD-00376,2025-02-11,Completed,E-Wallet,CUST-0277,Bambang Suryani,Corporate,Semarang,Jawa,PROD-021,Bantal Leher Memory Foam,Perlengkapan Rumah,Kebutuhan Harian,1,85000.00,42000.00,0.00,85000.00,43000.00
ORD-00685,2025-07-29,Completed,Credit Card,CUST-0277,Bambang Suryani,Corporate,Semarang,Jawa,PROD-008,Webcam Full HD 1080p,Elektronik,Aksesoris Komputer,2,280000.00,175000.00,0.20,448000.00,98000.00
ORD-01059,2026-03-19,Completed,Credit Card,CUST-0277,Bambang Suryani,Corporate,Semarang,Jawa,PROD-019,Lampu Meja LED Belajar,Perlengkapan Rumah,Dekorasi,3,110000.00,60000.00,0.00,330000.00,150000.00
ORD-01059,2026-03-19,Completed,Credit Card,CUST-0277,Bambang Suryani,Corporate,Semarang,Jawa,PROD-004,Stand Laptop Aluminium,Elektronik,Aksesoris Komputer,2,120000.00,70000.00,0.00,240000.00,100000.00
ORD-01059,2026-03-19,Completed,Credit Card,CUST-0277,Bambang Suryani,Corporate,Semarang,Jawa,PROD-010,USB Flashdrive 64GB,Elektronik,Storage,2,85000.00,45000.00,0.05,161500.00,71500.00
ORD-01060,2025-10-08,Completed,E-Wallet,CUST-0277,Bambang Suryani,Corporate,Semarang,Jawa,PROD-019,Lampu Meja LED Belajar,Perlengkapan Rumah,Dekorasi,5,110000.00,60000.00,0.10,495000.00,195000.00
ORD-01060,2025-10-08,Completed,E-Wallet,CUST-0277,Bambang Suryani,Corporate,Semarang,Jawa,PROD-004,Stand Laptop Aluminium,Elektronik,Aksesoris Komputer,1,120000.00,70000.00,0.00,120000.00,50000.00
ORD-01060,2025-10-08,Completed,E-Wallet,CUST-0277,Bambang Suryani,Corporate,Semarang,Jawa,PROD-009,Earphones TWS Bluetooth 5.3,Elektronik,Audio,1,250000.00,140000.00,0.00,250000.00,110000.00
ORD-01063,2026-04-11,Completed,E-Wallet,CUST-0277,Bambang Suryani,Corporate,Semarang,Jawa,PROD-011,Kaos Polos Cotton Combed 30s,Pakaian,Pria,1,75000.00,35000.00,0.10,67500.00,32500.00
ORD-00698,2025-12-09,Completed,COD,CUST-0278,Bambang Saputra,Corporate,Bandung,Jawa,PROD-012,Kemeja Flanel Lengan Panjang,Pakaian,Pria,3,165000.00,90000.00,0.00,495000.00,225000.00
ORD-00698,2025-12-09,Completed,COD,CUST-0278,Bambang Saputra,Corporate,Bandung,Jawa,PROD-025,Desk Mat Deskpad Leather,Alat Tulis & Kantor,Aksesoris Meja,1,95000.00,50000.00,0.00,95000.00,45000.00
ORD-00698,2025-12-09,Completed,COD,CUST-0278,Bambang Saputra,Corporate,Bandung,Jawa,PROD-009,Earphones TWS Bluetooth 5.3,Elektronik,Audio,2,250000.00,140000.00,0.10,450000.00,170000.00
ORD-01014,2025-11-11,Completed,Transfer Bank,CUST-0278,Bambang Saputra,Corporate,Bandung,Jawa,PROD-007,Powerbank 10000mAh Dual Port,Elektronik,Aksesoris Mobile,1,200000.00,120000.00,0.05,190000.00,70000.00
ORD-00049,2025-06-26,Completed,COD,CUST-0279,Indah Pertiwi,Corporate,Denpasar,Bali & Nusa Tenggara,PROD-008,Webcam Full HD 1080p,Elektronik,Aksesoris Komputer,1,280000.00,175000.00,0.00,280000.00,105000.00
ORD-00327,2025-03-04,Completed,COD,CUST-0279,Indah Pertiwi,Corporate,Denpasar,Bali & Nusa Tenggara,PROD-004,Stand Laptop Aluminium,Elektronik,Aksesoris Komputer,1,120000.00,70000.00,0.05,114000.00,44000.00
ORD-00345,2025-05-26,Completed,COD,CUST-0279,Indah Pertiwi,Corporate,Denpasar,Bali & Nusa Tenggara,PROD-003,Headset Gaming Surround 7.1,Elektronik,Audio,1,350000.00,210000.00,0.00,350000.00,140000.00
ORD-00380,2025-08-26,Completed,COD,CUST-0279,Indah Pertiwi,Corporate,Denpasar,Bali & Nusa Tenggara,PROD-017,Topi Baseball Canvas,Pakaian,Aksesoris Fashion,3,50000.00,22000.00,0.05,142500.00,76500.00
ORD-00380,2025-08-26,Completed,COD,CUST-0279,Indah Pertiwi,Corporate,Denpasar,Bali & Nusa Tenggara,PROD-014,Celana Chino Slim Fit,Pakaian,Pria,2,185000.00,100000.00,0.05,351500.00,151500.00
ORD-00380,2025-08-26,Completed,COD,CUST-0279,Indah Pertiwi,Corporate,Denpasar,Bali & Nusa Tenggara,PROD-010,USB Flashdrive 64GB,Elektronik,Storage,2,85000.00,45000.00,0.00,170000.00,80000.00
ORD-00519,2025-10-21,Cancelled,Credit Card,CUST-0279,Indah Pertiwi,Corporate,Denpasar,Bali & Nusa Tenggara,PROD-002,Keyboard Mechanical RGB,Elektronik,Aksesoris Komputer,1,450000.00,280000.00,0.00,450000.00,170000.00
ORD-00473,2025-02-28,Completed,E-Wallet,CUST-0280,Dewi Prasetyo,Corporate,Yogyakarta,Jawa,PROD-020,Organizer Meja Acrylic,Perlengkapan Rumah,Storage,1,65000.00,32000.00,0.00,65000.00,33000.00
ORD-00473,2025-02-28,Completed,E-Wallet,CUST-0280,Dewi Prasetyo,Corporate,Yogyakarta,Jawa,PROD-009,Earphones TWS Bluetooth 5.3,Elektronik,Audio,2,250000.00,140000.00,0.05,475000.00,195000.00
ORD-00901,2026-02-12,Completed,Credit Card,CUST-0280,Dewi Prasetyo,Corporate,Yogyakarta,Jawa,PROD-017,Topi Baseball Canvas,Pakaian,Aksesoris Fashion,1,50000.00,22000.00,0.00,50000.00,28000.00
ORD-01138,2025-11-08,Completed,E-Wallet,CUST-0280,Dewi Prasetyo,Corporate,Yogyakarta,Jawa,PROD-003,Headset Gaming Surround 7.1,Elektronik,Audio,1,350000.00,210000.00,0.05,332500.00,122500.00
ORD-01138,2025-11-08,Completed,E-Wallet,CUST-0280,Dewi Prasetyo,Corporate,Yogyakarta,Jawa,PROD-019,Lampu Meja LED Belajar,Perlengkapan Rumah,Dekorasi,1,110000.00,60000.00,0.00,110000.00,50000.00
ORD-00119,2025-11-16,Completed,Credit Card,CUST-0281,Dian Utami,Home Office,Bandung,Jawa,PROD-006,Kabel Data Type-C Fast Charge,Elektronik,Aksesoris Mobile,1,35000.00,15000.00,0.00,35000.00,20000.00
ORD-00119,2025-11-16,Completed,Credit Card,CUST-0281,Dian Utami,Home Office,Bandung,Jawa,PROD-009,Earphones TWS Bluetooth 5.3,Elektronik,Audio,1,250000.00,140000.00,0.00,250000.00,110000.00
ORD-00542,2026-03-01,Completed,E-Wallet,CUST-0281,Dian Utami,Home Office,Bandung,Jawa,PROD-008,Webcam Full HD 1080p,Elektronik,Aksesoris Komputer,2,280000.00,175000.00,0.00,560000.00,210000.00
ORD-00029,2025-05-28,Completed,Transfer Bank,CUST-0282,Hendra Saputra,Consumer,Bandung,Jawa,PROD-003,Headset Gaming Surround 7.1,Elektronik,Audio,1,350000.00,210000.00,0.00,350000.00,140000.00
ORD-00029,2025-05-28,Completed,Transfer Bank,CUST-0282,Hendra Saputra,Consumer,Bandung,Jawa,PROD-011,Kaos Polos Cotton Combed 30s,Pakaian,Pria,2,75000.00,35000.00,0.00,150000.00,80000.00
ORD-00029,2025-05-28,Completed,Transfer Bank,CUST-0282,Hendra Saputra,Consumer,Bandung,Jawa,PROD-015,Blouse Wanita Casual,Pakaian,Wanita,2,135000.00,70000.00,0.00,270000.00,130000.00
ORD-00299,2025-09-16,Completed,Credit Card,CUST-0282,Hendra Saputra,Consumer,Bandung,Jawa,PROD-025,Desk Mat Deskpad Leather,Alat Tulis & Kantor,Aksesoris Meja,1,95000.00,50000.00,0.00,95000.00,45000.00
ORD-00639,2025-09-13,Completed,COD,CUST-0282,Hendra Saputra,Consumer,Bandung,Jawa,PROD-014,Celana Chino Slim Fit,Pakaian,Pria,2,185000.00,100000.00,0.05,351500.00,151500.00
ORD-00687,2025-01-26,Completed,COD,CUST-0282,Hendra Saputra,Consumer,Bandung,Jawa,PROD-007,Powerbank 10000mAh Dual Port,Elektronik,Aksesoris Mobile,1,200000.00,120000.00,0.00,200000.00,80000.00
ORD-00687,2025-01-26,Completed,COD,CUST-0282,Hendra Saputra,Consumer,Bandung,Jawa,PROD-015,Blouse Wanita Casual,Pakaian,Wanita,1,135000.00,70000.00,0.00,135000.00,65000.00
ORD-00873,2025-09-09,Completed,Credit Card,CUST-0282,Hendra Saputra,Consumer,Bandung,Jawa,PROD-022,Rak Sepatu Susun Plastik,Perlengkapan Rumah,Storage,1,125000.00,68000.00,0.00,125000.00,57000.00
ORD-00910,2026-03-12,Completed,COD,CUST-0282,Hendra Saputra,Consumer,Bandung,Jawa,PROD-022,Rak Sepatu Susun Plastik,Perlengkapan Rumah,Storage,1,125000.00,68000.00,0.00,125000.00,57000.00
ORD-00910,2026-03-12,Completed,COD,CUST-0282,Hendra Saputra,Consumer,Bandung,Jawa,PROD-012,Kemeja Flanel Lengan Panjang,Pakaian,Pria,1,165000.00,90000.00,0.05,156750.00,66750.00
ORD-00038,2025-06-09,Completed,COD,CUST-0283,Rizky Nugroho,Consumer,Balikpapan,Kalimantan,PROD-015,Blouse Wanita Casual,Pakaian,Wanita,1,135000.00,70000.00,0.00,135000.00,65000.00
ORD-00038,2025-06-09,Completed,COD,CUST-0283,Rizky Nugroho,Consumer,Balikpapan,Kalimantan,PROD-001,Mouse Wireless M185,Elektronik,Aksesoris Komputer,1,150000.00,95000.00,0.05,142500.00,47500.00
ORD-00038,2025-06-09,Completed,COD,CUST-0283,Rizky Nugroho,Consumer,Balikpapan,Kalimantan,PROD-012,Kemeja Flanel Lengan Panjang,Pakaian,Pria,5,165000.00,90000.00,0.05,783750.00,333750.00
ORD-00122,2026-03-13,Completed,E-Wallet,CUST-0283,Rizky Nugroho,Consumer,Balikpapan,Kalimantan,PROD-012,Kemeja Flanel Lengan Panjang,Pakaian,Pria,1,165000.00,90000.00,0.05,156750.00,66750.00
ORD-00266,2026-03-26,Completed,E-Wallet,CUST-0283,Rizky Nugroho,Consumer,Balikpapan,Kalimantan,PROD-013,Jaket Hoodie Fleece,Pakaian,Pria,1,220000.00,125000.00,0.05,209000.00,84000.00
ORD-00266,2026-03-26,Completed,E-Wallet,CUST-0283,Rizky Nugroho,Consumer,Balikpapan,Kalimantan,PROD-003,Headset Gaming Surround 7.1,Elektronik,Audio,1,350000.00,210000.00,0.05,332500.00,122500.00
ORD-00271,2025-05-09,Completed,Credit Card,CUST-0283,Rizky Nugroho,Consumer,Balikpapan,Kalimantan,PROD-003,Headset Gaming Surround 7.1,Elektronik,Audio,2,350000.00,210000.00,0.15,595000.00,175000.00
ORD-00426,2025-01-09,Completed,COD,CUST-0283,Rizky Nugroho,Consumer,Balikpapan,Kalimantan,PROD-010,USB Flashdrive 64GB,Elektronik,Storage,1,85000.00,45000.00,0.05,80750.00,35750.00
ORD-00709,2025-07-18,Completed,Credit Card,CUST-0283,Rizky Nugroho,Consumer,Balikpapan,Kalimantan,PROD-012,Kemeja Flanel Lengan Panjang,Pakaian,Pria,1,165000.00,90000.00,0.00,165000.00,75000.00
ORD-00709,2025-07-18,Completed,Credit Card,CUST-0283,Rizky Nugroho,Consumer,Balikpapan,Kalimantan,PROD-015,Blouse Wanita Casual,Pakaian,Wanita,1,135000.00,70000.00,0.00,135000.00,65000.00
ORD-00733,2026-05-07,Completed,Credit Card,CUST-0283,Rizky Nugroho,Consumer,Balikpapan,Kalimantan,PROD-024,Pulpen Gel Pack 12 Pcs,Alat Tulis & Kantor,Alat Tulis,1,36000.00,18000.00,0.05,34200.00,16200.00
ORD-00733,2026-05-07,Completed,Credit Card,CUST-0283,Rizky Nugroho,Consumer,Balikpapan,Kalimantan,PROD-009,Earphones TWS Bluetooth 5.3,Elektronik,Audio,2,250000.00,140000.00,0.05,475000.00,195000.00
ORD-00921,2026-02-01,Completed,Transfer Bank,CUST-0283,Rizky Nugroho,Consumer,Balikpapan,Kalimantan,PROD-004,Stand Laptop Aluminium,Elektronik,Aksesoris Komputer,1,120000.00,70000.00,0.10,108000.00,38000.00
ORD-00975,2026-01-22,Completed,COD,CUST-0283,Rizky Nugroho,Consumer,Balikpapan,Kalimantan,PROD-022,Rak Sepatu Susun Plastik,Perlengkapan Rumah,Storage,1,125000.00,68000.00,0.00,125000.00,57000.00
ORD-00975,2026-01-22,Completed,COD,CUST-0283,Rizky Nugroho,Consumer,Balikpapan,Kalimantan,PROD-023,Buku Catatan Hardcover A5,Alat Tulis & Kantor,Kertas & Buku,1,45000.00,20000.00,0.00,45000.00,25000.00
ORD-00975,2026-01-22,Completed,COD,CUST-0283,Rizky Nugroho,Consumer,Balikpapan,Kalimantan,PROD-004,Stand Laptop Aluminium,Elektronik,Aksesoris Komputer,1,120000.00,70000.00,0.10,108000.00,38000.00
ORD-01115,2025-09-26,Completed,E-Wallet,CUST-0283,Rizky Nugroho,Consumer,Balikpapan,Kalimantan,PROD-009,Earphones TWS Bluetooth 5.3,Elektronik,Audio,2,250000.00,140000.00,0.00,500000.00,220000.00
ORD-00105,2025-02-05,Completed,E-Wallet,CUST-0284,Titi Wijaya,Consumer,Palembang,Sumatra,PROD-016,Tunik Batik Modern,Pakaian,Wanita,1,175000.00,95000.00,0.05,166250.00,71250.00
ORD-00595,2026-04-22,Completed,COD,CUST-0284,Titi Wijaya,Consumer,Palembang,Sumatra,PROD-025,Desk Mat Deskpad Leather,Alat Tulis & Kantor,Aksesoris Meja,1,95000.00,50000.00,0.00,95000.00,45000.00
ORD-00595,2026-04-22,Completed,COD,CUST-0284,Titi Wijaya,Consumer,Palembang,Sumatra,PROD-020,Organizer Meja Acrylic,Perlengkapan Rumah,Storage,2,65000.00,32000.00,0.00,130000.00,66000.00
ORD-01108,2026-03-21,Completed,E-Wallet,CUST-0284,Titi Wijaya,Consumer,Palembang,Sumatra,PROD-017,Topi Baseball Canvas,Pakaian,Aksesoris Fashion,2,50000.00,22000.00,0.00,100000.00,56000.00
ORD-00393,2025-11-17,Completed,COD,CUST-0285,Yudi Wijaya,Corporate,Semarang,Jawa,PROD-025,Desk Mat Deskpad Leather,Alat Tulis & Kantor,Aksesoris Meja,1,95000.00,50000.00,0.00,95000.00,45000.00
ORD-00393,2025-11-17,Completed,COD,CUST-0285,Yudi Wijaya,Corporate,Semarang,Jawa,PROD-009,Earphones TWS Bluetooth 5.3,Elektronik,Audio,3,250000.00,140000.00,0.15,637500.00,217500.00
ORD-00903,2026-05-06,Cancelled,E-Wallet,CUST-0285,Yudi Wijaya,Corporate,Semarang,Jawa,PROD-023,Buku Catatan Hardcover A5,Alat Tulis & Kantor,Kertas & Buku,5,45000.00,20000.00,0.00,225000.00,125000.00
ORD-00976,2025-04-02,Completed,COD,CUST-0285,Yudi Wijaya,Corporate,Semarang,Jawa,PROD-012,Kemeja Flanel Lengan Panjang,Pakaian,Pria,2,165000.00,90000.00,0.00,330000.00,150000.00
ORD-00976,2025-04-02,Completed,COD,CUST-0285,Yudi Wijaya,Corporate,Semarang,Jawa,PROD-008,Webcam Full HD 1080p,Elektronik,Aksesoris Komputer,2,280000.00,175000.00,0.05,532000.00,182000.00
ORD-01144,2026-04-16,Completed,E-Wallet,CUST-0285,Yudi Wijaya,Corporate,Semarang,Jawa,PROD-014,Celana Chino Slim Fit,Pakaian,Pria,5,185000.00,100000.00,0.10,832500.00,332500.00
ORD-00087,2026-05-11,Completed,Credit Card,CUST-0286,Indah Prasetyo,Consumer,Makassar,Sulawesi,PROD-024,Pulpen Gel Pack 12 Pcs,Alat Tulis & Kantor,Alat Tulis,3,36000.00,18000.00,0.00,108000.00,54000.00
ORD-00136,2026-03-09,Returned,Transfer Bank,CUST-0286,Indah Prasetyo,Consumer,Makassar,Sulawesi,PROD-025,Desk Mat Deskpad Leather,Alat Tulis & Kantor,Aksesoris Meja,1,95000.00,50000.00,0.00,95000.00,45000.00
ORD-00183,2025-02-03,Completed,COD,CUST-0286,Indah Prasetyo,Consumer,Makassar,Sulawesi,PROD-010,USB Flashdrive 64GB,Elektronik,Storage,3,85000.00,45000.00,0.00,255000.00,120000.00
ORD-00323,2025-04-09,Completed,Credit Card,CUST-0286,Indah Prasetyo,Consumer,Makassar,Sulawesi,PROD-020,Organizer Meja Acrylic,Perlengkapan Rumah,Storage,1,65000.00,32000.00,0.00,65000.00,33000.00
ORD-00323,2025-04-09,Completed,Credit Card,CUST-0286,Indah Prasetyo,Consumer,Makassar,Sulawesi,PROD-013,Jaket Hoodie Fleece,Pakaian,Pria,2,220000.00,125000.00,0.15,374000.00,124000.00
ORD-00456,2025-04-06,Completed,COD,CUST-0286,Indah Prasetyo,Consumer,Makassar,Sulawesi,PROD-024,Pulpen Gel Pack 12 Pcs,Alat Tulis & Kantor,Alat Tulis,1,36000.00,18000.00,0.00,36000.00,18000.00
ORD-00456,2025-04-06,Completed,COD,CUST-0286,Indah Prasetyo,Consumer,Makassar,Sulawesi,PROD-012,Kemeja Flanel Lengan Panjang,Pakaian,Pria,1,165000.00,90000.00,0.00,165000.00,75000.00
ORD-00755,2026-03-09,Completed,E-Wallet,CUST-0286,Indah Prasetyo,Consumer,Makassar,Sulawesi,PROD-011,Kaos Polos Cotton Combed 30s,Pakaian,Pria,1,75000.00,35000.00,0.00,75000.00,40000.00
ORD-00827,2025-07-26,Completed,Transfer Bank,CUST-0286,Indah Prasetyo,Consumer,Makassar,Sulawesi,PROD-012,Kemeja Flanel Lengan Panjang,Pakaian,Pria,5,165000.00,90000.00,0.00,825000.00,375000.00
ORD-00827,2025-07-26,Completed,Transfer Bank,CUST-0286,Indah Prasetyo,Consumer,Makassar,Sulawesi,PROD-006,Kabel Data Type-C Fast Charge,Elektronik,Aksesoris Mobile,5,35000.00,15000.00,0.20,140000.00,65000.00
ORD-00369,2025-08-22,Completed,COD,CUST-0287,Lestari Hidayat,Consumer,Medan,Sumatra,PROD-016,Tunik Batik Modern,Pakaian,Wanita,1,175000.00,95000.00,0.20,140000.00,45000.00
ORD-00404,2025-04-07,Completed,E-Wallet,CUST-0287,Lestari Hidayat,Consumer,Medan,Sumatra,PROD-023,Buku Catatan Hardcover A5,Alat Tulis & Kantor,Kertas & Buku,1,45000.00,20000.00,0.10,40500.00,20500.00
ORD-00494,2025-10-10,Completed,COD,CUST-0287,Lestari Hidayat,Consumer,Medan,Sumatra,PROD-004,Stand Laptop Aluminium,Elektronik,Aksesoris Komputer,1,120000.00,70000.00,0.00,120000.00,50000.00
ORD-00129,2025-10-12,Completed,Credit Card,CUST-0288,Rina Wijaya,Corporate,Jakarta Selatan,Jawa,PROD-019,Lampu Meja LED Belajar,Perlengkapan Rumah,Dekorasi,1,110000.00,60000.00,0.00,110000.00,50000.00
ORD-00284,2026-01-25,Completed,Transfer Bank,CUST-0288,Rina Wijaya,Corporate,Jakarta Selatan,Jawa,PROD-005,Monitor 24 inch IPS 75Hz,Elektronik,Display,1,1800000.00,1350000.00,0.00,1800000.00,450000.00
ORD-00284,2026-01-25,Completed,Transfer Bank,CUST-0288,Rina Wijaya,Corporate,Jakarta Selatan,Jawa,PROD-023,Buku Catatan Hardcover A5,Alat Tulis & Kantor,Kertas & Buku,2,45000.00,20000.00,0.00,90000.00,50000.00
ORD-00513,2025-04-10,Completed,COD,CUST-0288,Rina Wijaya,Corporate,Jakarta Selatan,Jawa,PROD-024,Pulpen Gel Pack 12 Pcs,Alat Tulis & Kantor,Alat Tulis,1,36000.00,18000.00,0.00,36000.00,18000.00
ORD-00513,2025-04-10,Completed,COD,CUST-0288,Rina Wijaya,Corporate,Jakarta Selatan,Jawa,PROD-019,Lampu Meja LED Belajar,Perlengkapan Rumah,Dekorasi,2,110000.00,60000.00,0.05,209000.00,89000.00
ORD-00513,2025-04-10,Completed,COD,CUST-0288,Rina Wijaya,Corporate,Jakarta Selatan,Jawa,PROD-012,Kemeja Flanel Lengan Panjang,Pakaian,Pria,1,165000.00,90000.00,0.00,165000.00,75000.00
ORD-00859,2026-02-21,Completed,E-Wallet,CUST-0288,Rina Wijaya,Corporate,Jakarta Selatan,Jawa,PROD-012,Kemeja Flanel Lengan Panjang,Pakaian,Pria,2,165000.00,90000.00,0.05,313500.00,133500.00
ORD-00859,2026-02-21,Completed,E-Wallet,CUST-0288,Rina Wijaya,Corporate,Jakarta Selatan,Jawa,PROD-010,USB Flashdrive 64GB,Elektronik,Storage,5,85000.00,45000.00,0.10,382500.00,157500.00
ORD-01164,2025-11-30,Cancelled,E-Wallet,CUST-0288,Rina Wijaya,Corporate,Jakarta Selatan,Jawa,PROD-002,Keyboard Mechanical RGB,Elektronik,Aksesoris Komputer,1,450000.00,280000.00,0.00,450000.00,170000.00
ORD-00483,2025-11-28,Completed,COD,CUST-0289,Yudi Pertiwi,Consumer,Jakarta Selatan,Jawa,PROD-004,Stand Laptop Aluminium,Elektronik,Aksesoris Komputer,1,120000.00,70000.00,0.00,120000.00,50000.00
ORD-00483,2025-11-28,Completed,COD,CUST-0289,Yudi Pertiwi,Consumer,Jakarta Selatan,Jawa,PROD-010,USB Flashdrive 64GB,Elektronik,Storage,1,85000.00,45000.00,0.05,80750.00,35750.00
ORD-00483,2025-11-28,Completed,COD,CUST-0289,Yudi Pertiwi,Consumer,Jakarta Selatan,Jawa,PROD-006,Kabel Data Type-C Fast Charge,Elektronik,Aksesoris Mobile,1,35000.00,15000.00,0.00,35000.00,20000.00
ORD-00602,2025-07-08,Completed,Credit Card,CUST-0289,Yudi Pertiwi,Consumer,Jakarta Selatan,Jawa,PROD-014,Celana Chino Slim Fit,Pakaian,Pria,3,185000.00,100000.00,0.00,555000.00,255000.00
ORD-00696,2025-04-26,Completed,Transfer Bank,CUST-0289,Yudi Pertiwi,Consumer,Jakarta Selatan,Jawa,PROD-022,Rak Sepatu Susun Plastik,Perlengkapan Rumah,Storage,1,125000.00,68000.00,0.05,118750.00,50750.00
ORD-00696,2025-04-26,Completed,Transfer Bank,CUST-0289,Yudi Pertiwi,Consumer,Jakarta Selatan,Jawa,PROD-021,Bantal Leher Memory Foam,Perlengkapan Rumah,Kebutuhan Harian,3,85000.00,42000.00,0.10,229500.00,103500.00
ORD-00696,2025-04-26,Completed,Transfer Bank,CUST-0289,Yudi Pertiwi,Consumer,Jakarta Selatan,Jawa,PROD-006,Kabel Data Type-C Fast Charge,Elektronik,Aksesoris Mobile,1,35000.00,15000.00,0.00,35000.00,20000.00
ORD-01000,2025-12-22,Completed,COD,CUST-0289,Yudi Pertiwi,Consumer,Jakarta Selatan,Jawa,PROD-007,Powerbank 10000mAh Dual Port,Elektronik,Aksesoris Mobile,1,200000.00,120000.00,0.00,200000.00,80000.00
ORD-01061,2025-10-30,Completed,COD,CUST-0289,Yudi Pertiwi,Consumer,Jakarta Selatan,Jawa,PROD-021,Bantal Leher Memory Foam,Perlengkapan Rumah,Kebutuhan Harian,2,85000.00,42000.00,0.00,170000.00,86000.00
ORD-01061,2025-10-30,Completed,COD,CUST-0289,Yudi Pertiwi,Consumer,Jakarta Selatan,Jawa,PROD-014,Celana Chino Slim Fit,Pakaian,Pria,2,185000.00,100000.00,0.05,351500.00,151500.00
ORD-01061,2025-10-30,Completed,COD,CUST-0289,Yudi Pertiwi,Consumer,Jakarta Selatan,Jawa,PROD-017,Topi Baseball Canvas,Pakaian,Aksesoris Fashion,1,50000.00,22000.00,0.00,50000.00,28000.00
ORD-00432,2026-05-07,Completed,E-Wallet,CUST-0290,Rina Hidayat,Corporate,Surabaya,Jawa,PROD-025,Desk Mat Deskpad Leather,Alat Tulis & Kantor,Aksesoris Meja,1,95000.00,50000.00,0.00,95000.00,45000.00
ORD-00515,2025-09-08,Completed,Transfer Bank,CUST-0290,Rina Hidayat,Corporate,Surabaya,Jawa,PROD-008,Webcam Full HD 1080p,Elektronik,Aksesoris Komputer,1,280000.00,175000.00,0.05,266000.00,91000.00
ORD-00916,2025-12-22,Cancelled,Credit Card,CUST-0290,Rina Hidayat,Corporate,Surabaya,Jawa,PROD-020,Organizer Meja Acrylic,Perlengkapan Rumah,Storage,1,65000.00,32000.00,0.05,61750.00,29750.00
ORD-00916,2025-12-22,Cancelled,Credit Card,CUST-0290,Rina Hidayat,Corporate,Surabaya,Jawa,PROD-019,Lampu Meja LED Belajar,Perlengkapan Rumah,Dekorasi,3,110000.00,60000.00,0.00,330000.00,150000.00
ORD-01197,2025-08-09,Completed,E-Wallet,CUST-0290,Rina Hidayat,Corporate,Surabaya,Jawa,PROD-019,Lampu Meja LED Belajar,Perlengkapan Rumah,Dekorasi,1,110000.00,60000.00,0.05,104500.00,44500.00
ORD-01197,2025-08-09,Completed,E-Wallet,CUST-0290,Rina Hidayat,Corporate,Surabaya,Jawa,PROD-012,Kemeja Flanel Lengan Panjang,Pakaian,Pria,1,165000.00,90000.00,0.05,156750.00,66750.00
ORD-00143,2026-01-05,Completed,Transfer Bank,CUST-0291,Lestari Utami,Consumer,Denpasar,Bali & Nusa Tenggara,PROD-019,Lampu Meja LED Belajar,Perlengkapan Rumah,Dekorasi,1,110000.00,60000.00,0.10,99000.00,39000.00
ORD-00143,2026-01-05,Completed,Transfer Bank,CUST-0291,Lestari Utami,Consumer,Denpasar,Bali & Nusa Tenggara,PROD-014,Celana Chino Slim Fit,Pakaian,Pria,1,185000.00,100000.00,0.00,185000.00,85000.00
ORD-00438,2025-04-19,Completed,COD,CUST-0291,Lestari Utami,Consumer,Denpasar,Bali & Nusa Tenggara,PROD-022,Rak Sepatu Susun Plastik,Perlengkapan Rumah,Storage,2,125000.00,68000.00,0.00,250000.00,114000.00
ORD-00438,2025-04-19,Completed,COD,CUST-0291,Lestari Utami,Consumer,Denpasar,Bali & Nusa Tenggara,PROD-025,Desk Mat Deskpad Leather,Alat Tulis & Kantor,Aksesoris Meja,2,95000.00,50000.00,0.00,190000.00,90000.00
ORD-00438,2025-04-19,Completed,COD,CUST-0291,Lestari Utami,Consumer,Denpasar,Bali & Nusa Tenggara,PROD-016,Tunik Batik Modern,Pakaian,Wanita,1,175000.00,95000.00,0.00,175000.00,80000.00
ORD-00653,2025-12-27,Completed,E-Wallet,CUST-0291,Lestari Utami,Consumer,Denpasar,Bali & Nusa Tenggara,PROD-003,Headset Gaming Surround 7.1,Elektronik,Audio,2,350000.00,210000.00,0.15,595000.00,175000.00
ORD-00909,2025-02-28,Completed,Transfer Bank,CUST-0291,Lestari Utami,Consumer,Denpasar,Bali & Nusa Tenggara,PROD-007,Powerbank 10000mAh Dual Port,Elektronik,Aksesoris Mobile,1,200000.00,120000.00,0.00,200000.00,80000.00
ORD-00570,2025-07-18,Completed,COD,CUST-0292,Titi Wibowo,Consumer,Balikpapan,Kalimantan,PROD-024,Pulpen Gel Pack 12 Pcs,Alat Tulis & Kantor,Alat Tulis,1,36000.00,18000.00,0.00,36000.00,18000.00
ORD-00277,2025-11-30,Completed,COD,CUST-0293,Rian Hadi,Home Office,Medan,Sumatra,PROD-024,Pulpen Gel Pack 12 Pcs,Alat Tulis & Kantor,Alat Tulis,2,36000.00,18000.00,0.15,61200.00,25200.00
ORD-00277,2025-11-30,Completed,COD,CUST-0293,Rian Hadi,Home Office,Medan,Sumatra,PROD-003,Headset Gaming Surround 7.1,Elektronik,Audio,1,350000.00,210000.00,0.00,350000.00,140000.00
ORD-00277,2025-11-30,Completed,COD,CUST-0293,Rian Hadi,Home Office,Medan,Sumatra,PROD-025,Desk Mat Deskpad Leather,Alat Tulis & Kantor,Aksesoris Meja,2,95000.00,50000.00,0.10,171000.00,71000.00
ORD-00597,2025-05-19,Completed,Credit Card,CUST-0293,Rian Hadi,Home Office,Medan,Sumatra,PROD-020,Organizer Meja Acrylic,Perlengkapan Rumah,Storage,2,65000.00,32000.00,0.10,117000.00,53000.00
ORD-00597,2025-05-19,Completed,Credit Card,CUST-0293,Rian Hadi,Home Office,Medan,Sumatra,PROD-004,Stand Laptop Aluminium,Elektronik,Aksesoris Komputer,1,120000.00,70000.00,0.15,102000.00,32000.00
ORD-01029,2025-05-24,Completed,E-Wallet,CUST-0293,Rian Hadi,Home Office,Medan,Sumatra,PROD-012,Kemeja Flanel Lengan Panjang,Pakaian,Pria,1,165000.00,90000.00,0.00,165000.00,75000.00
ORD-01029,2025-05-24,Completed,E-Wallet,CUST-0293,Rian Hadi,Home Office,Medan,Sumatra,PROD-003,Headset Gaming Surround 7.1,Elektronik,Audio,1,350000.00,210000.00,0.05,332500.00,122500.00
ORD-01029,2025-05-24,Completed,E-Wallet,CUST-0293,Rian Hadi,Home Office,Medan,Sumatra,PROD-009,Earphones TWS Bluetooth 5.3,Elektronik,Audio,1,250000.00,140000.00,0.05,237500.00,97500.00
ORD-00260,2025-01-14,Completed,Credit Card,CUST-0294,Hendra Hidayat,Consumer,Bandung,Jawa,PROD-011,Kaos Polos Cotton Combed 30s,Pakaian,Pria,2,75000.00,35000.00,0.10,135000.00,65000.00
ORD-00667,2025-04-01,Completed,COD,CUST-0294,Hendra Hidayat,Consumer,Bandung,Jawa,PROD-013,Jaket Hoodie Fleece,Pakaian,Pria,1,220000.00,125000.00,0.05,209000.00,84000.00
ORD-00667,2025-04-01,Completed,COD,CUST-0294,Hendra Hidayat,Consumer,Bandung,Jawa,PROD-023,Buku Catatan Hardcover A5,Alat Tulis & Kantor,Kertas & Buku,1,45000.00,20000.00,0.00,45000.00,25000.00
ORD-00797,2026-04-10,Completed,COD,CUST-0294,Hendra Hidayat,Consumer,Bandung,Jawa,PROD-005,Monitor 24 inch IPS 75Hz,Elektronik,Display,1,1800000.00,1350000.00,0.00,1800000.00,450000.00
ORD-00824,2025-02-10,Completed,COD,CUST-0294,Hendra Hidayat,Consumer,Bandung,Jawa,PROD-009,Earphones TWS Bluetooth 5.3,Elektronik,Audio,2,250000.00,140000.00,0.00,500000.00,220000.00
ORD-00824,2025-02-10,Completed,COD,CUST-0294,Hendra Hidayat,Consumer,Bandung,Jawa,PROD-024,Pulpen Gel Pack 12 Pcs,Alat Tulis & Kantor,Alat Tulis,2,36000.00,18000.00,0.05,68400.00,32400.00
ORD-00904,2025-03-05,Completed,COD,CUST-0294,Hendra Hidayat,Consumer,Bandung,Jawa,PROD-001,Mouse Wireless M185,Elektronik,Aksesoris Komputer,5,150000.00,95000.00,0.00,750000.00,275000.00
ORD-00951,2025-11-19,Completed,E-Wallet,CUST-0294,Hendra Hidayat,Consumer,Bandung,Jawa,PROD-012,Kemeja Flanel Lengan Panjang,Pakaian,Pria,1,165000.00,90000.00,0.00,165000.00,75000.00
ORD-00951,2025-11-19,Completed,E-Wallet,CUST-0294,Hendra Hidayat,Consumer,Bandung,Jawa,PROD-001,Mouse Wireless M185,Elektronik,Aksesoris Komputer,2,150000.00,95000.00,0.05,285000.00,95000.00
ORD-00951,2025-11-19,Completed,E-Wallet,CUST-0294,Hendra Hidayat,Consumer,Bandung,Jawa,PROD-004,Stand Laptop Aluminium,Elektronik,Aksesoris Komputer,1,120000.00,70000.00,0.05,114000.00,44000.00
ORD-00022,2025-02-16,Completed,Transfer Bank,CUST-0295,Andi Prasetyo,Consumer,Makassar,Sulawesi,PROD-017,Topi Baseball Canvas,Pakaian,Aksesoris Fashion,1,50000.00,22000.00,0.00,50000.00,28000.00
ORD-00022,2025-02-16,Completed,Transfer Bank,CUST-0295,Andi Prasetyo,Consumer,Makassar,Sulawesi,PROD-019,Lampu Meja LED Belajar,Perlengkapan Rumah,Dekorasi,1,110000.00,60000.00,0.00,110000.00,50000.00
ORD-00074,2025-07-15,Completed,Credit Card,CUST-0295,Andi Prasetyo,Consumer,Makassar,Sulawesi,PROD-009,Earphones TWS Bluetooth 5.3,Elektronik,Audio,1,250000.00,140000.00,0.15,212500.00,72500.00
ORD-00263,2026-01-29,Completed,Transfer Bank,CUST-0295,Andi Prasetyo,Consumer,Makassar,Sulawesi,PROD-016,Tunik Batik Modern,Pakaian,Wanita,1,175000.00,95000.00,0.00,175000.00,80000.00
ORD-00263,2026-01-29,Completed,Transfer Bank,CUST-0295,Andi Prasetyo,Consumer,Makassar,Sulawesi,PROD-023,Buku Catatan Hardcover A5,Alat Tulis & Kantor,Kertas & Buku,1,45000.00,20000.00,0.05,42750.00,22750.00
ORD-00263,2026-01-29,Completed,Transfer Bank,CUST-0295,Andi Prasetyo,Consumer,Makassar,Sulawesi,PROD-024,Pulpen Gel Pack 12 Pcs,Alat Tulis & Kantor,Alat Tulis,2,36000.00,18000.00,0.10,64800.00,28800.00
ORD-00389,2025-09-15,Completed,Credit Card,CUST-0295,Andi Prasetyo,Consumer,Makassar,Sulawesi,PROD-003,Headset Gaming Surround 7.1,Elektronik,Audio,1,350000.00,210000.00,0.00,350000.00,140000.00
ORD-00967,2025-10-29,Completed,Transfer Bank,CUST-0295,Andi Prasetyo,Consumer,Makassar,Sulawesi,PROD-021,Bantal Leher Memory Foam,Perlengkapan Rumah,Kebutuhan Harian,1,85000.00,42000.00,0.00,85000.00,43000.00
ORD-00999,2026-03-25,Completed,Credit Card,CUST-0295,Andi Prasetyo,Consumer,Makassar,Sulawesi,PROD-004,Stand Laptop Aluminium,Elektronik,Aksesoris Komputer,3,120000.00,70000.00,0.00,360000.00,150000.00
ORD-00999,2026-03-25,Completed,Credit Card,CUST-0295,Andi Prasetyo,Consumer,Makassar,Sulawesi,PROD-017,Topi Baseball Canvas,Pakaian,Aksesoris Fashion,1,50000.00,22000.00,0.00,50000.00,28000.00
ORD-00276,2026-05-01,Completed,Credit Card,CUST-0296,Yudi Lestari,Corporate,Yogyakarta,Jawa,PROD-009,Earphones TWS Bluetooth 5.3,Elektronik,Audio,1,250000.00,140000.00,0.00,250000.00,110000.00
ORD-00276,2026-05-01,Completed,Credit Card,CUST-0296,Yudi Lestari,Corporate,Yogyakarta,Jawa,PROD-016,Tunik Batik Modern,Pakaian,Wanita,1,175000.00,95000.00,0.00,175000.00,80000.00
ORD-00276,2026-05-01,Completed,Credit Card,CUST-0296,Yudi Lestari,Corporate,Yogyakarta,Jawa,PROD-003,Headset Gaming Surround 7.1,Elektronik,Audio,1,350000.00,210000.00,0.05,332500.00,122500.00
ORD-00588,2025-09-26,Completed,Transfer Bank,CUST-0296,Yudi Lestari,Corporate,Yogyakarta,Jawa,PROD-005,Monitor 24 inch IPS 75Hz,Elektronik,Display,2,1800000.00,1350000.00,0.00,3600000.00,900000.00
ORD-01018,2025-07-23,Completed,E-Wallet,CUST-0296,Yudi Lestari,Corporate,Yogyakarta,Jawa,PROD-007,Powerbank 10000mAh Dual Port,Elektronik,Aksesoris Mobile,2,200000.00,120000.00,0.05,380000.00,140000.00
ORD-01018,2025-07-23,Completed,E-Wallet,CUST-0296,Yudi Lestari,Corporate,Yogyakarta,Jawa,PROD-006,Kabel Data Type-C Fast Charge,Elektronik,Aksesoris Mobile,3,35000.00,15000.00,0.00,105000.00,60000.00
ORD-01018,2025-07-23,Completed,E-Wallet,CUST-0296,Yudi Lestari,Corporate,Yogyakarta,Jawa,PROD-014,Celana Chino Slim Fit,Pakaian,Pria,3,185000.00,100000.00,0.00,555000.00,255000.00
ORD-01018,2025-07-23,Completed,E-Wallet,CUST-0296,Yudi Lestari,Corporate,Yogyakarta,Jawa,PROD-003,Headset Gaming Surround 7.1,Elektronik,Audio,3,350000.00,210000.00,0.00,1050000.00,420000.00
ORD-01150,2025-09-07,Completed,Transfer Bank,CUST-0296,Yudi Lestari,Corporate,Yogyakarta,Jawa,PROD-020,Organizer Meja Acrylic,Perlengkapan Rumah,Storage,1,65000.00,32000.00,0.00,65000.00,33000.00
ORD-00047,2025-05-25,Completed,COD,CUST-0297,Siti Santoso,Corporate,Medan,Sumatra,PROD-016,Tunik Batik Modern,Pakaian,Wanita,1,175000.00,95000.00,0.00,175000.00,80000.00
ORD-00047,2025-05-25,Completed,COD,CUST-0297,Siti Santoso,Corporate,Medan,Sumatra,PROD-009,Earphones TWS Bluetooth 5.3,Elektronik,Audio,1,250000.00,140000.00,0.00,250000.00,110000.00
ORD-00080,2026-02-08,Completed,Credit Card,CUST-0297,Siti Santoso,Corporate,Medan,Sumatra,PROD-012,Kemeja Flanel Lengan Panjang,Pakaian,Pria,1,165000.00,90000.00,0.10,148500.00,58500.00
ORD-00168,2026-01-22,Completed,COD,CUST-0297,Siti Santoso,Corporate,Medan,Sumatra,PROD-019,Lampu Meja LED Belajar,Perlengkapan Rumah,Dekorasi,1,110000.00,60000.00,0.00,110000.00,50000.00
ORD-00168,2026-01-22,Completed,COD,CUST-0297,Siti Santoso,Corporate,Medan,Sumatra,PROD-018,Botol Minum Tumbler 500ml,Perlengkapan Rumah,Dapur & Makan,1,95000.00,48000.00,0.00,95000.00,47000.00
ORD-00312,2025-05-16,Completed,E-Wallet,CUST-0297,Siti Santoso,Corporate,Medan,Sumatra,PROD-003,Headset Gaming Surround 7.1,Elektronik,Audio,2,350000.00,210000.00,0.20,560000.00,140000.00
ORD-00312,2025-05-16,Completed,E-Wallet,CUST-0297,Siti Santoso,Corporate,Medan,Sumatra,PROD-014,Celana Chino Slim Fit,Pakaian,Pria,1,185000.00,100000.00,0.00,185000.00,85000.00
ORD-00939,2026-03-04,Completed,E-Wallet,CUST-0297,Siti Santoso,Corporate,Medan,Sumatra,PROD-025,Desk Mat Deskpad Leather,Alat Tulis & Kantor,Aksesoris Meja,1,95000.00,50000.00,0.15,80750.00,30750.00
ORD-00939,2026-03-04,Completed,E-Wallet,CUST-0297,Siti Santoso,Corporate,Medan,Sumatra,PROD-018,Botol Minum Tumbler 500ml,Perlengkapan Rumah,Dapur & Makan,2,95000.00,48000.00,0.00,190000.00,94000.00
ORD-00939,2026-03-04,Completed,E-Wallet,CUST-0297,Siti Santoso,Corporate,Medan,Sumatra,PROD-002,Keyboard Mechanical RGB,Elektronik,Aksesoris Komputer,1,450000.00,280000.00,0.05,427500.00,147500.00
ORD-00939,2026-03-04,Completed,E-Wallet,CUST-0297,Siti Santoso,Corporate,Medan,Sumatra,PROD-007,Powerbank 10000mAh Dual Port,Elektronik,Aksesoris Mobile,2,200000.00,120000.00,0.10,360000.00,120000.00
ORD-00273,2025-09-15,Completed,E-Wallet,CUST-0298,Hendra Utami,Consumer,Palembang,Sumatra,PROD-015,Blouse Wanita Casual,Pakaian,Wanita,1,135000.00,70000.00,0.00,135000.00,65000.00
ORD-00273,2025-09-15,Completed,E-Wallet,CUST-0298,Hendra Utami,Consumer,Palembang,Sumatra,PROD-003,Headset Gaming Surround 7.1,Elektronik,Audio,1,350000.00,210000.00,0.00,350000.00,140000.00
ORD-00273,2025-09-15,Completed,E-Wallet,CUST-0298,Hendra Utami,Consumer,Palembang,Sumatra,PROD-014,Celana Chino Slim Fit,Pakaian,Pria,2,185000.00,100000.00,0.05,351500.00,151500.00
ORD-00537,2026-05-02,Completed,Transfer Bank,CUST-0298,Hendra Utami,Consumer,Palembang,Sumatra,PROD-006,Kabel Data Type-C Fast Charge,Elektronik,Aksesoris Mobile,2,35000.00,15000.00,0.00,70000.00,40000.00
ORD-00912,2025-05-09,Completed,COD,CUST-0298,Hendra Utami,Consumer,Palembang,Sumatra,PROD-020,Organizer Meja Acrylic,Perlengkapan Rumah,Storage,2,65000.00,32000.00,0.00,130000.00,66000.00
ORD-00912,2025-05-09,Completed,COD,CUST-0298,Hendra Utami,Consumer,Palembang,Sumatra,PROD-013,Jaket Hoodie Fleece,Pakaian,Pria,1,220000.00,125000.00,0.00,220000.00,95000.00
ORD-00912,2025-05-09,Completed,COD,CUST-0298,Hendra Utami,Consumer,Palembang,Sumatra,PROD-017,Topi Baseball Canvas,Pakaian,Aksesoris Fashion,1,50000.00,22000.00,0.00,50000.00,28000.00
ORD-00752,2025-07-18,Cancelled,E-Wallet,CUST-0299,Bambang Aminah,Corporate,Surabaya,Jawa,PROD-023,Buku Catatan Hardcover A5,Alat Tulis & Kantor,Kertas & Buku,1,45000.00,20000.00,0.00,45000.00,25000.00
ORD-00752,2025-07-18,Cancelled,E-Wallet,CUST-0299,Bambang Aminah,Corporate,Surabaya,Jawa,PROD-008,Webcam Full HD 1080p,Elektronik,Aksesoris Komputer,1,280000.00,175000.00,0.00,280000.00,105000.00
ORD-00752,2025-07-18,Cancelled,E-Wallet,CUST-0299,Bambang Aminah,Corporate,Surabaya,Jawa,PROD-011,Kaos Polos Cotton Combed 30s,Pakaian,Pria,1,75000.00,35000.00,0.00,75000.00,40000.00
ORD-00956,2025-11-04,Completed,E-Wallet,CUST-0299,Bambang Aminah,Corporate,Surabaya,Jawa,PROD-012,Kemeja Flanel Lengan Panjang,Pakaian,Pria,5,165000.00,90000.00,0.20,660000.00,210000.00
ORD-00956,2025-11-04,Completed,E-Wallet,CUST-0299,Bambang Aminah,Corporate,Surabaya,Jawa,PROD-018,Botol Minum Tumbler 500ml,Perlengkapan Rumah,Dapur & Makan,1,95000.00,48000.00,0.00,95000.00,47000.00
ORD-00956,2025-11-04,Completed,E-Wallet,CUST-0299,Bambang Aminah,Corporate,Surabaya,Jawa,PROD-006,Kabel Data Type-C Fast Charge,Elektronik,Aksesoris Mobile,2,35000.00,15000.00,0.00,70000.00,40000.00
ORD-00994,2026-01-07,Completed,Credit Card,CUST-0299,Bambang Aminah,Corporate,Surabaya,Jawa,PROD-009,Earphones TWS Bluetooth 5.3,Elektronik,Audio,1,250000.00,140000.00,0.10,225000.00,85000.00
ORD-01146,2025-03-12,Completed,E-Wallet,CUST-0299,Bambang Aminah,Corporate,Surabaya,Jawa,PROD-011,Kaos Polos Cotton Combed 30s,Pakaian,Pria,3,75000.00,35000.00,0.10,202500.00,97500.00
ORD-00025,2026-04-15,Completed,COD,CUST-0300,Nani Prasetyo,Consumer,Yogyakarta,Jawa,PROD-013,Jaket Hoodie Fleece,Pakaian,Pria,2,220000.00,125000.00,0.20,352000.00,102000.00
ORD-00025,2026-04-15,Completed,COD,CUST-0300,Nani Prasetyo,Consumer,Yogyakarta,Jawa,PROD-005,Monitor 24 inch IPS 75Hz,Elektronik,Display,2,1800000.00,1350000.00,0.10,3240000.00,540000.00
ORD-00414,2025-01-09,Completed,COD,CUST-0300,Nani Prasetyo,Consumer,Yogyakarta,Jawa,PROD-003,Headset Gaming Surround 7.1,Elektronik,Audio,2,350000.00,210000.00,0.05,665000.00,245000.00
ORD-00617,2025-03-11,Returned,Transfer Bank,CUST-0300,Nani Prasetyo,Consumer,Yogyakarta,Jawa,PROD-017,Topi Baseball Canvas,Pakaian,Aksesoris Fashion,1,50000.00,22000.00,0.05,47500.00,25500.00
ORD-00617,2025-03-11,Returned,Transfer Bank,CUST-0300,Nani Prasetyo,Consumer,Yogyakarta,Jawa,PROD-007,Powerbank 10000mAh Dual Port,Elektronik,Aksesoris Mobile,3,200000.00,120000.00,0.15,510000.00,150000.00
ORD-00617,2025-03-11,Returned,Transfer Bank,CUST-0300,Nani Prasetyo,Consumer,Yogyakarta,Jawa,PROD-024,Pulpen Gel Pack 12 Pcs,Alat Tulis & Kantor,Alat Tulis,1,36000.00,18000.00,0.20,28800.00,10800.00
ORD-00842,2025-10-11,Completed,COD,CUST-0300,Nani Prasetyo,Consumer,Yogyakarta,Jawa,PROD-009,Earphones TWS Bluetooth 5.3,Elektronik,Audio,1,250000.00,140000.00,0.05,237500.00,97500.00
ORD-01096,2025-03-27,Completed,Transfer Bank,CUST-0300,Nani Prasetyo,Consumer,Yogyakarta,Jawa,PROD-020,Organizer Meja Acrylic,Perlengkapan Rumah,Storage,3,65000.00,32000.00,0.00,195000.00,99000.00
ORD-01096,2025-03-27,Completed,Transfer Bank,CUST-0300,Nani Prasetyo,Consumer,Yogyakarta,Jawa,PROD-015,Blouse Wanita Casual,Pakaian,Wanita,1,135000.00,70000.00,0.05,128250.00,58250.00
