item_id,order_id,product_id,quantity,unit_price,cost_price,discount
ITM-000001,ORD-00001,PROD-024,2,36000,18000,0.0
ITM-000002,ORD-00001,PROD-003,2,350000,210000,0.0
ITM-000003,ORD-00002,PROD-018,1,95000,48000,0.05
ITM-000004,ORD-00002,PROD-003,1,350000,210000,0.1
ITM-000005,ORD-00003,PROD-006,1,35000,15000,0.0
ITM-000006,ORD-00004,PROD-024,1,36000,18000,0.0
ITM-000007,ORD-00005,PROD-015,1,135000,70000,0.0
ITM-000008,ORD-00005,PROD-005,1,1800000,1350000,0.0
ITM-000009,ORD-00006,PROD-024,2,36000,18000,0.05
ITM-000010,ORD-00007,PROD-025,1,95000,50000,0.05
ITM-000011,ORD-00007,PROD-008,2,280000,175000,0.1
ITM-000012,ORD-00007,PROD-002,2,450000,280000,0.05
ITM-000013,ORD-00007,PROD-023,1,45000,20000,0.0
ITM-000014,ORD-00008,PROD-014,3,185000,100000,0.0
ITM-000015,ORD-00008,PROD-008,1,280000,175000,0.15
ITM-000016,ORD-00009,PROD-010,1,85000,45000,0.0
ITM-000017,ORD-00009,PROD-023,1,45000,20000,0.05
ITM-000018,ORD-00010,PROD-004,1,120000,70000,0.0
ITM-000019,ORD-00011,PROD-023,1,45000,20000,0.0
ITM-000020,ORD-00012,PROD-003,1,350000,210000,0.05
ITM-000021,ORD-00012,PROD-007,1,200000,120000,0.0
ITM-000022,ORD-00013,PROD-018,1,95000,48000,0.05
ITM-000023,ORD-00014,PROD-012,2,165000,90000,0.1
ITM-000024,ORD-00014,PROD-019,2,110000,60000,0.0
ITM-000025,ORD-00015,PROD-008,1,280000,175000,0.0
ITM-000026,ORD-00016,PROD-021,1,85000,42000,0.15
ITM-000027,ORD-00016,PROD-002,3,450000,280000,0.1
ITM-000028,ORD-00017,PROD-018,1,95000,48000,0.15
ITM-000029,ORD-00017,PROD-014,1,185000,100000,0.0
ITM-000030,ORD-00018,PROD-025,2,95000,50000,0.15
ITM-000031,ORD-00018,PROD-015,1,135000,70000,0.0
ITM-000032,ORD-00019,PROD-018,2,95000,48000,0.0
ITM-000033,ORD-00019,PROD-015,1,135000,70000,0.1
ITM-000034,ORD-00019,PROD-012,1,165000,90000,0.0
ITM-000035,ORD-00020,PROD-018,2,95000,48000,0.1
ITM-000036,ORD-00021,PROD-001,1,150000,95000,0.0
ITM-000037,ORD-00022,PROD-017,1,50000,22000,0.0
ITM-000038,ORD-00022,PROD-019,1,110000,60000,0.0
ITM-000039,ORD-00023,PROD-014,1,185000,100000,0.0
ITM-000040,ORD-00024,PROD-010,1,85000,45000,0.0
ITM-000041,ORD-00025,PROD-013,2,220000,125000,0.2
ITM-000042,ORD-00025,PROD-005,2,1800000,1350000,0.1
ITM-000043,ORD-00026,PROD-009,2,250000,140000,0.1
ITM-000044,ORD-00027,PROD-013,5,220000,125000,0.05
ITM-000045,ORD-00027,PROD-025,1,95000,50000,0.0
ITM-000046,ORD-00028,PROD-022,1,125000,68000,0.0
ITM-000047,ORD-00029,PROD-003,1,350000,210000,0.0
ITM-000048,ORD-00029,PROD-011,2,75000,35000,0.0
ITM-000049,ORD-00029,PROD-015,2,135000,70000,0.0
ITM-000050,ORD-00030,PROD-010,2,85000,45000,0.0
ITM-000051,ORD-00030,PROD-017,1,50000,22000,0.1
ITM-000052,ORD-00031,PROD-016,1,175000,95000,0.2
ITM-000053,ORD-00032,PROD-010,1,85000,45000,0.0
ITM-000054,ORD-00032,PROD-005,1,1800000,1350000,0.0
ITM-000055,ORD-00033,PROD-021,5,85000,42000,0.0
ITM-000056,ORD-00033,PROD-019,2,110000,60000,0.0
ITM-000057,ORD-00034,PROD-011,2,75000,35000,0.0
ITM-000058,ORD-00034,PROD-012,3,165000,90000,0.05
ITM-000059,ORD-00034,PROD-006,1,35000,15000,0.0
ITM-000060,ORD-00035,PROD-021,3,85000,42000,0.15
ITM-000061,ORD-00036,PROD-007,3,200000,120000,0.1
ITM-000062,ORD-00037,PROD-019,3,110000,60000,0.05
ITM-000063,ORD-00038,PROD-015,1,135000,70000,0.0
ITM-000064,ORD-00038,PROD-001,1,150000,95000,0.05
ITM-000065,ORD-00038,PROD-012,5,165000,90000,0.05
ITM-000066,ORD-00039,PROD-021,1,85000,42000,0.0
ITM-000067,ORD-00039,PROD-017,1,50000,22000,0.1
ITM-000068,ORD-00040,PROD-009,1,250000,140000,0.1
ITM-000069,ORD-00041,PROD-007,3,200000,120000,0.05
ITM-000070,ORD-00041,PROD-018,1,95000,48000,0.0
ITM-000071,ORD-00042,PROD-022,1,125000,68000,0.0
ITM-000072,ORD-00043,PROD-002,1,450000,280000,0.0
ITM-000073,ORD-00043,PROD-005,1,1800000,1350000,0.0
ITM-000074,ORD-00044,PROD-011,2,75000,35000,0.0
ITM-000075,ORD-00044,PROD-005,3,1800000,1350000,0.0
ITM-000076,ORD-00045,PROD-021,1,85000,42000,0.2
ITM-000077,ORD-00045,PROD-013,1,220000,125000,0.0
ITM-000078,ORD-00045,PROD-012,2,165000,90000,0.05
ITM-000079,ORD-00046,PROD-020,1,65000,32000,0.0
ITM-000080,ORD-00046,PROD-014,1,185000,100000,0.0
ITM-000081,ORD-00047,PROD-016,1,175000,95000,0.0
ITM-000082,ORD-00047,PROD-009,1,250000,140000,0.0
ITM-000083,ORD-00048,PROD-009,1,250000,140000,0.0
ITM-000084,ORD-00048,PROD-018,2,95000,48000,0.05
ITM-000085,ORD-00049,PROD-008,1,280000,175000,0.0
ITM-000086,ORD-00050,PROD-001,2,150000,95000,0.0
ITM-000087,ORD-00050,PROD-003,1,350000,210000,0.05
ITM-000088,ORD-00051,PROD-024,1,36000,18000,0.05
ITM-000089,ORD-00051,PROD-006,5,35000,15000,0.0
ITM-000090,ORD-00051,PROD-007,5,200000,120000,0.0
ITM-000091,ORD-00051,PROD-021,3,85000,42000,0.05
ITM-000092,ORD-00052,PROD-024,1,36000,18000,0.0
ITM-000093,ORD-00052,PROD-016,1,175000,95000,0.0
ITM-000094,ORD-00052,PROD-021,1,85000,42000,0.0
ITM-000095,ORD-00053,PROD-001,1,150000,95000,0.05
ITM-000096,ORD-00054,PROD-001,1,150000,95000,0.05
ITM-000097,ORD-00054,PROD-018,2,95000,48000,0.0
ITM-000098,ORD-00054,PROD-008,1,280000,175000,0.0
ITM-000099,ORD-00055,PROD-016,2,175000,95000,0.0
ITM-000100,ORD-00056,PROD-017,1,50000,22000,0.0
ITM-000101,ORD-00057,PROD-012,1,165000,90000,0.0
ITM-000102,ORD-00057,PROD-014,1,185000,100000,0.0
ITM-000103,ORD-00058,PROD-015,1,135000,70000,0.0
ITM-000104,ORD-00058,PROD-004,5,120000,70000,0.0
ITM-000105,ORD-00058,PROD-025,2,95000,50000,0.0
ITM-000106,ORD-00059,PROD-014,2,185000,100000,0.0
ITM-000107,ORD-00060,PROD-010,3,85000,45000,0.0
ITM-000108,ORD-00060,PROD-015,5,135000,70000,0.1
ITM-000109,ORD-00060,PROD-019,1,110000,60000,0.15
ITM-000110,ORD-00061,PROD-025,1,95000,50000,0.0
ITM-000111,ORD-00062,PROD-007,1,200000,120000,0.0
ITM-000112,ORD-00062,PROD-001,1,150000,95000,0.0
ITM-000113,ORD-00062,PROD-019,1,110000,60000,0.05
ITM-000114,ORD-00063,PROD-024,2,36000,18000,0.05
ITM-000115,ORD-00064,PROD-003,1,350000,210000,0.0
ITM-000116,ORD-00065,PROD-014,1,185000,100000,0.0
ITM-000117,ORD-00065,PROD-017,3,50000,22000,0.0
ITM-000118,ORD-00065,PROD-022,2,125000,68000,0.1
ITM-000119,ORD-00066,PROD-021,1,85000,42000,0.0
ITM-000120,ORD-00067,PROD-022,5,125000,68000,0.0
ITM-000121,ORD-00067,PROD-013,3,220000,125000,0.0
ITM-000122,ORD-00068,PROD-005,1,1800000,1350000,0.2
ITM-000123,ORD-00069,PROD-003,2,350000,210000,0.0
ITM-000124,ORD-00069,PROD-001,5,150000,95000,0.0
ITM-000125,ORD-00069,PROD-016,1,175000,95000,0.0
ITM-000126,ORD-00070,PROD-014,2,185000,100000,0.1
ITM-000127,ORD-00070,PROD-011,2,75000,35000,0.05
ITM-000128,ORD-00071,PROD-018,1,95000,48000,0.05
ITM-000129,ORD-00071,PROD-001,1,150000,95000,0.0
ITM-000130,ORD-00072,PROD-009,1,250000,140000,0.0
ITM-000131,ORD-00073,PROD-008,2,280000,175000,0.0
ITM-000132,ORD-00073,PROD-015,1,135000,70000,0.0
ITM-000133,ORD-00074,PROD-009,1,250000,140000,0.15
ITM-000134,ORD-00075,PROD-015,2,135000,70000,0.0
ITM-000135,ORD-00076,PROD-025,1,95000,50000,0.15
ITM-000136,ORD-00076,PROD-023,5,45000,20000,0.0
ITM-000137,ORD-00077,PROD-003,1,350000,210000,0.1
ITM-000138,ORD-00078,PROD-012,2,165000,90000,0.0
ITM-000139,ORD-00079,PROD-021,3,85000,42000,0.0
ITM-000140,ORD-00079,PROD-002,1,450000,280000,0.0
ITM-000141,ORD-00079,PROD-013,1,220000,125000,0.05
ITM-000142,ORD-00080,PROD-012,1,165000,90000,0.1
ITM-000143,ORD-00081,PROD-023,1,45000,20000,0.0
ITM-000144,ORD-00082,PROD-007,1,200000,120000,0.0
ITM-000145,ORD-00083,PROD-019,1,110000,60000,0.0
ITM-000146,ORD-00084,PROD-024,1,36000,18000,0.0
ITM-000147,ORD-00085,PROD-010,1,85000,45000,0.2
ITM-000148,ORD-00086,PROD-024,2,36000,18000,0.05
ITM-000149,ORD-00087,PROD-024,3,36000,18000,0.0
ITM-000150,ORD-00088,PROD-019,1,110000,60000,0.1
ITM-000151,ORD-00089,PROD-002,2,450000,280000,0.15
ITM-000152,ORD-00089,PROD-018,2,95000,48000,0.1
ITM-000153,ORD-00090,PROD-013,2,220000,125000,0.05
ITM-000154,ORD-00090,PROD-024,3,36000,18000,0.0
ITM-000155,ORD-00090,PROD-007,1,200000,120000,0.0
ITM-000156,ORD-00091,PROD-004,2,120000,70000,0.05
ITM-000157,ORD-00092,PROD-005,1,1800000,1350000,0.1
ITM-000158,ORD-00093,PROD-009,5,250000,140000,0.0
ITM-000159,ORD-00094,PROD-008,1,280000,175000,0.2
ITM-000160,ORD-00095,PROD-017,1,50000,22000,0.1
ITM-000161,ORD-00096,PROD-009,1,250000,140000,0.05
ITM-000162,ORD-00096,PROD-001,1,150000,95000,0.1
ITM-000163,ORD-00097,PROD-022,2,125000,68000,0.0
ITM-000164,ORD-00098,PROD-012,1,165000,90000,0.1
ITM-000165,ORD-00099,PROD-006,2,35000,15000,0.0
ITM-000166,ORD-00099,PROD-002,1,450000,280000,0.05
ITM-000167,ORD-00099,PROD-020,1,65000,32000,0.05
ITM-000168,ORD-00099,PROD-016,1,175000,95000,0.0
ITM-000169,ORD-00100,PROD-001,1,150000,95000,0.0
ITM-000170,ORD-00100,PROD-005,1,1800000,1350000,0.0
ITM-000171,ORD-00101,PROD-020,2,65000,32000,0.0
ITM-000172,ORD-00101,PROD-015,1,135000,70000,0.1
ITM-000173,ORD-00102,PROD-024,3,36000,18000,0.0
ITM-000174,ORD-00103,PROD-006,1,35000,15000,0.15
ITM-000175,ORD-00103,PROD-022,1,125000,68000,0.0
ITM-000176,ORD-00104,PROD-016,1,175000,95000,0.0
ITM-000177,ORD-00105,PROD-016,1,175000,95000,0.05
ITM-000178,ORD-00106,PROD-018,1,95000,48000,0.0
ITM-000179,ORD-00107,PROD-018,1,95000,48000,0.0
ITM-000180,ORD-00108,PROD-002,3,450000,280000,0.0
ITM-000181,ORD-00108,PROD-006,2,35000,15000,0.0
ITM-000182,ORD-00108,PROD-001,1,150000,95000,0.05
ITM-000183,ORD-00108,PROD-022,2,125000,68000,0.15
ITM-000184,ORD-00109,PROD-012,5,165000,90000,0.0
ITM-000185,ORD-00110,PROD-010,1,85000,45000,0.0
ITM-000186,ORD-00111,PROD-021,1,85000,42000,0.05
ITM-000187,ORD-00111,PROD-025,1,95000,50000,0.0
ITM-000188,ORD-00111,PROD-001,1,150000,95000,0.15
ITM-000189,ORD-00111,PROD-006,5,35000,15000,0.0
ITM-000190,ORD-00112,PROD-010,2,85000,45000,0.05
ITM-000191,ORD-00113,PROD-001,1,150000,95000,0.0
ITM-000192,ORD-00114,PROD-019,1,110000,60000,0.0
ITM-000193,ORD-00115,PROD-002,2,450000,280000,0.1
ITM-000194,ORD-00115,PROD-020,2,65000,32000,0.0
ITM-000195,ORD-00116,PROD-014,2,185000,100000,0.0
ITM-000196,ORD-00117,PROD-017,1,50000,22000,0.05
ITM-000197,ORD-00118,PROD-006,1,35000,15000,0.0
ITM-000198,ORD-00118,PROD-012,2,165000,90000,0.1
ITM-000199,ORD-00119,PROD-006,1,35000,15000,0.0
ITM-000200,ORD-00119,PROD-009,1,250000,140000,0.0
ITM-000201,ORD-00120,PROD-024,1,36000,18000,0.0
ITM-000202,ORD-00120,PROD-012,1,165000,90000,0.0
ITM-000203,ORD-00120,PROD-017,5,50000,22000,0.0
ITM-000204,ORD-00121,PROD-023,1,45000,20000,0.15
ITM-000205,ORD-00121,PROD-001,1,150000,95000,0.0
ITM-000206,ORD-00121,PROD-008,2,280000,175000,0.0
ITM-000207,ORD-00121,PROD-013,1,220000,125000,0.0
ITM-000208,ORD-00122,PROD-012,1,165000,90000,0.05
ITM-000209,ORD-00123,PROD-007,3,200000,120000,0.1
ITM-000210,ORD-00123,PROD-021,1,85000,42000,0.0
ITM-000211,ORD-00124,PROD-019,2,110000,60000,0.0
ITM-000212,ORD-00124,PROD-014,5,185000,100000,0.1
ITM-000213,ORD-00125,PROD-011,1,75000,35000,0.05
ITM-000214,ORD-00125,PROD-016,1,175000,95000,0.1
ITM-000215,ORD-00125,PROD-005,2,1800000,1350000,0.1
ITM-000216,ORD-00126,PROD-025,2,95000,50000,0.15
ITM-000217,ORD-00127,PROD-024,1,36000,18000,0.0
ITM-000218,ORD-00127,PROD-002,1,450000,280000,0.1
ITM-000219,ORD-00127,PROD-025,2,95000,50000,0.1
ITM-000220,ORD-00128,PROD-003,1,350000,210000,0.1
ITM-000221,ORD-00129,PROD-019,1,110000,60000,0.0
ITM-000222,ORD-00130,PROD-002,1,450000,280000,0.05
ITM-000223,ORD-00130,PROD-004,2,120000,70000,0.0
ITM-000224,ORD-00130,PROD-011,1,75000,35000,0.05
ITM-000225,ORD-00131,PROD-022,5,125000,68000,0.0
ITM-000226,ORD-00131,PROD-021,2,85000,42000,0.0
ITM-000227,ORD-00131,PROD-001,1,150000,95000,0.1
ITM-000228,ORD-00132,PROD-023,1,45000,20000,0.0
ITM-000229,ORD-00132,PROD-010,1,85000,45000,0.05
ITM-000230,ORD-00133,PROD-011,3,75000,35000,0.05
ITM-000231,ORD-00134,PROD-023,1,45000,20000,0.2
ITM-000232,ORD-00134,PROD-008,2,280000,175000,0.05
ITM-000233,ORD-00135,PROD-020,1,65000,32000,0.0
ITM-000234,ORD-00136,PROD-025,1,95000,50000,0.0
ITM-000235,ORD-00137,PROD-009,2,250000,140000,0.0
ITM-000236,ORD-00138,PROD-019,3,110000,60000,0.0
ITM-000237,ORD-00138,PROD-008,2,280000,175000,0.0
ITM-000238,ORD-00139,PROD-007,2,200000,120000,0.0
ITM-000239,ORD-00140,PROD-006,1,35000,15000,0.0
ITM-000240,ORD-00140,PROD-022,2,125000,68000,0.0
ITM-000241,ORD-00141,PROD-014,1,185000,100000,0.0
ITM-000242,ORD-00142,PROD-004,1,120000,70000,0.0
ITM-000243,ORD-00143,PROD-019,1,110000,60000,0.1
ITM-000244,ORD-00143,PROD-014,1,185000,100000,0.0
ITM-000245,ORD-00144,PROD-001,1,150000,95000,0.0
ITM-000246,ORD-00145,PROD-024,2,36000,18000,0.0
ITM-000247,ORD-00145,PROD-019,1,110000,60000,0.0
ITM-000248,ORD-00146,PROD-003,2,350000,210000,0.0
ITM-000249,ORD-00147,PROD-011,2,75000,35000,0.0
ITM-000250,ORD-00148,PROD-004,1,120000,70000,0.05
ITM-000251,ORD-00148,PROD-015,1,135000,70000,0.05
ITM-000252,ORD-00148,PROD-002,1,450000,280000,0.0
ITM-000253,ORD-00149,PROD-016,5,175000,95000,0.15
ITM-000254,ORD-00149,PROD-018,1,95000,48000,0.0
ITM-000255,ORD-00150,PROD-022,1,125000,68000,0.1
ITM-000256,ORD-00150,PROD-006,3,35000,15000,0.15
ITM-000257,ORD-00151,PROD-022,2,125000,68000,0.15
ITM-000258,ORD-00152,PROD-009,3,250000,140000,0.0
ITM-000259,ORD-00152,PROD-016,3,175000,95000,0.05
ITM-000260,ORD-00153,PROD-019,1,110000,60000,0.0
ITM-000261,ORD-00154,PROD-004,1,120000,70000,0.0
ITM-000262,ORD-00155,PROD-021,1,85000,42000,0.0
ITM-000263,ORD-00156,PROD-021,3,85000,42000,0.15
ITM-000264,ORD-00156,PROD-011,3,75000,35000,0.05
ITM-000265,ORD-00157,PROD-017,3,50000,22000,0.0
ITM-000266,ORD-00157,PROD-003,3,350000,210000,0.0
ITM-000267,ORD-00158,PROD-008,1,280000,175000,0.05
ITM-000268,ORD-00158,PROD-025,1,95000,50000,0.0
ITM-000269,ORD-00159,PROD-007,1,200000,120000,0.0
ITM-000270,ORD-00160,PROD-001,3,150000,95000,0.0
ITM-000271,ORD-00161,PROD-002,1,450000,280000,0.05
ITM-000272,ORD-00162,PROD-001,1,150000,95000,0.0
ITM-000273,ORD-00163,PROD-006,2,35000,15000,0.2
ITM-000274,ORD-00163,PROD-021,2,85000,42000,0.0
ITM-000275,ORD-00164,PROD-015,1,135000,70000,0.0
ITM-000276,ORD-00164,PROD-009,5,250000,140000,0.0
ITM-000277,ORD-00165,PROD-003,1,350000,210000,0.2
ITM-000278,ORD-00165,PROD-007,1,200000,120000,0.0
ITM-000279,ORD-00165,PROD-023,1,45000,20000,0.0
ITM-000280,ORD-00166,PROD-021,3,85000,42000,0.0
ITM-000281,ORD-00166,PROD-003,1,350000,210000,0.05
ITM-000282,ORD-00166,PROD-011,1,75000,35000,0.0
ITM-000283,ORD-00167,PROD-010,2,85000,45000,0.15
ITM-000284,ORD-00167,PROD-012,1,165000,90000,0.0
ITM-000285,ORD-00168,PROD-019,1,110000,60000,0.0
ITM-000286,ORD-00168,PROD-018,1,95000,48000,0.0
ITM-000287,ORD-00169,PROD-007,2,200000,120000,0.1
ITM-000288,ORD-00170,PROD-002,1,450000,280000,0.05
ITM-000289,ORD-00170,PROD-001,2,150000,95000,0.0
ITM-000290,ORD-00171,PROD-002,2,450000,280000,0.05
ITM-000291,ORD-00172,PROD-008,3,280000,175000,0.1
ITM-000292,ORD-00173,PROD-012,2,165000,90000,0.0
ITM-000293,ORD-00174,PROD-013,1,220000,125000,0.05
ITM-000294,ORD-00174,PROD-017,3,50000,22000,0.0
ITM-000295,ORD-00175,PROD-002,1,450000,280000,0.0
ITM-000296,ORD-00175,PROD-015,2,135000,70000,0.0
ITM-000297,ORD-00176,PROD-014,1,185000,100000,0.0
ITM-000298,ORD-00177,PROD-001,1,150000,95000,0.0
ITM-000299,ORD-00178,PROD-004,5,120000,70000,0.05
ITM-000300,ORD-00178,PROD-017,2,50000,22000,0.05
ITM-000301,ORD-00179,PROD-016,1,175000,95000,0.05
ITM-000302,ORD-00179,PROD-021,1,85000,42000,0.0
ITM-000303,ORD-00180,PROD-022,1,125000,68000,0.0
ITM-000304,ORD-00180,PROD-004,2,120000,70000,0.1
ITM-000305,ORD-00181,PROD-017,1,50000,22000,0.05
ITM-000306,ORD-00181,PROD-010,1,85000,45000,0.0
ITM-000307,ORD-00182,PROD-024,1,36000,18000,0.0
ITM-000308,ORD-00182,PROD-016,3,175000,95000,0.0
ITM-000309,ORD-00183,PROD-010,3,85000,45000,0.0
ITM-000310,ORD-00184,PROD-015,1,135000,70000,0.1
ITM-000311,ORD-00184,PROD-004,1,120000,70000,0.05
ITM-000312,ORD-00185,PROD-018,5,95000,48000,0.05
ITM-000313,ORD-00185,PROD-025,1,95000,50000,0.1
ITM-000314,ORD-00186,PROD-023,3,45000,20000,0.0
ITM-000315,ORD-00186,PROD-001,1,150000,95000,0.0
ITM-000316,ORD-00186,PROD-015,1,135000,70000,0.0
ITM-000317,ORD-00187,PROD-019,2,110000,60000,0.15
ITM-000318,ORD-00187,PROD-012,1,165000,90000,0.1
ITM-000319,ORD-00188,PROD-011,1,75000,35000,0.15
ITM-000320,ORD-00189,PROD-005,1,1800000,1350000,0.0
ITM-000321,ORD-00189,PROD-010,2,85000,45000,0.0
ITM-000322,ORD-00190,PROD-025,1,95000,50000,0.1
ITM-000323,ORD-00190,PROD-022,1,125000,68000,0.05
ITM-000324,ORD-00191,PROD-010,3,85000,45000,0.0
ITM-000325,ORD-00192,PROD-014,3,185000,100000,0.0
ITM-000326,ORD-00192,PROD-013,1,220000,125000,0.0
ITM-000327,ORD-00192,PROD-021,1,85000,42000,0.1
ITM-000328,ORD-00193,PROD-019,1,110000,60000,0.0
ITM-000329,ORD-00193,PROD-003,2,350000,210000,0.0
ITM-000330,ORD-00193,PROD-014,3,185000,100000,0.1
ITM-000331,ORD-00194,PROD-015,1,135000,70000,0.1
ITM-000332,ORD-00195,PROD-013,1,220000,125000,0.0
ITM-000333,ORD-00196,PROD-017,5,50000,22000,0.05
ITM-000334,ORD-00196,PROD-025,1,95000,50000,0.0
ITM-000335,ORD-00196,PROD-002,2,450000,280000,0.0
ITM-000336,ORD-00197,PROD-002,1,450000,280000,0.1
ITM-000337,ORD-00197,PROD-017,1,50000,22000,0.05
ITM-000338,ORD-00198,PROD-005,1,1800000,1350000,0.0
ITM-000339,ORD-00198,PROD-018,1,95000,48000,0.0
ITM-000340,ORD-00199,PROD-020,1,65000,32000,0.0
ITM-000341,ORD-00199,PROD-023,2,45000,20000,0.0
ITM-000342,ORD-00200,PROD-007,1,200000,120000,0.0
ITM-000343,ORD-00201,PROD-004,5,120000,70000,0.05
ITM-000344,ORD-00202,PROD-019,5,110000,60000,0.05
ITM-000345,ORD-00202,PROD-015,5,135000,70000,0.0
ITM-000346,ORD-00203,PROD-011,5,75000,35000,0.0
ITM-000347,ORD-00203,PROD-018,1,95000,48000,0.05
ITM-000348,ORD-00204,PROD-024,1,36000,18000,0.0
ITM-000349,ORD-00205,PROD-005,1,1800000,1350000,0.05
ITM-000350,ORD-00205,PROD-015,2,135000,70000,0.1
ITM-000351,ORD-00206,PROD-003,3,350000,210000,0.05
ITM-000352,ORD-00207,PROD-013,1,220000,125000,0.0
ITM-000353,ORD-00208,PROD-022,1,125000,68000,0.0
ITM-000354,ORD-00208,PROD-003,2,350000,210000,0.1
ITM-000355,ORD-00209,PROD-019,1,110000,60000,0.0
ITM-000356,ORD-00210,PROD-001,2,150000,95000,0.1
ITM-000357,ORD-00211,PROD-011,1,75000,35000,0.0
ITM-000358,ORD-00212,PROD-015,2,135000,70000,0.15
ITM-000359,ORD-00213,PROD-013,1,220000,125000,0.05
ITM-000360,ORD-00213,PROD-016,2,175000,95000,0.1
ITM-000361,ORD-00213,PROD-018,2,95000,48000,0.0
ITM-000362,ORD-00214,PROD-004,2,120000,70000,0.0
ITM-000363,ORD-00214,PROD-025,1,95000,50000,0.0
ITM-000364,ORD-00215,PROD-005,1,1800000,1350000,0.0
ITM-000365,ORD-00216,PROD-006,1,35000,15000,0.0
ITM-000366,ORD-00217,PROD-003,1,350000,210000,0.05
ITM-000367,ORD-00218,PROD-024,1,36000,18000,0.0
ITM-000368,ORD-00218,PROD-019,5,110000,60000,0.0
ITM-000369,ORD-00218,PROD-021,1,85000,42000,0.0
ITM-000370,ORD-00219,PROD-005,1,1800000,1350000,0.0
ITM-000371,ORD-00219,PROD-004,2,120000,70000,0.05
ITM-000372,ORD-00220,PROD-011,1,75000,35000,0.1
ITM-000373,ORD-00220,PROD-023,2,45000,20000,0.0
ITM-000374,ORD-00220,PROD-010,3,85000,45000,0.0
ITM-000375,ORD-00220,PROD-001,1,150000,95000,0.0
ITM-000376,ORD-00221,PROD-008,2,280000,175000,0.0
ITM-000377,ORD-00221,PROD-014,1,185000,100000,0.0
ITM-000378,ORD-00222,PROD-009,2,250000,140000,0.0
ITM-000379,ORD-00223,PROD-001,5,150000,95000,0.0
ITM-000380,ORD-00223,PROD-022,1,125000,68000,0.0
ITM-000381,ORD-00224,PROD-016,2,175000,95000,0.0
ITM-000382,ORD-00225,PROD-016,2,175000,95000,0.05
ITM-000383,ORD-00226,PROD-009,3,250000,140000,0.0
ITM-000384,ORD-00226,PROD-014,2,185000,100000,0.0
ITM-000385,ORD-00227,PROD-003,1,350000,210000,0.0
ITM-000386,ORD-00228,PROD-017,1,50000,22000,0.0
ITM-000387,ORD-00228,PROD-010,1,85000,45000,0.0
ITM-000388,ORD-00229,PROD-014,2,185000,100000,0.05
ITM-000389,ORD-00229,PROD-012,1,165000,90000,0.05
ITM-000390,ORD-00229,PROD-021,5,85000,42000,0.15
ITM-000391,ORD-00230,PROD-017,2,50000,22000,0.0
ITM-000392,ORD-00231,PROD-004,1,120000,70000,0.0
ITM-000393,ORD-00231,PROD-018,2,95000,48000,0.0
ITM-000394,ORD-00232,PROD-025,5,95000,50000,0.0
ITM-000395,ORD-00232,PROD-002,1,450000,280000,0.1
ITM-000396,ORD-00233,PROD-019,1,110000,60000,0.05
ITM-000397,ORD-00233,PROD-016,3,175000,95000,0.0
ITM-000398,ORD-00233,PROD-012,2,165000,90000,0.0
ITM-000399,ORD-00234,PROD-005,1,1800000,1350000,0.15
ITM-000400,ORD-00234,PROD-019,3,110000,60000,0.0
ITM-000401,ORD-00235,PROD-006,2,35000,15000,0.0
ITM-000402,ORD-00235,PROD-013,1,220000,125000,0.0
ITM-000403,ORD-00235,PROD-021,1,85000,42000,0.0
ITM-000404,ORD-00236,PROD-017,2,50000,22000,0.2
ITM-000405,ORD-00236,PROD-011,1,75000,35000,0.05
ITM-000406,ORD-00237,PROD-006,1,35000,15000,0.05
ITM-000407,ORD-00237,PROD-010,1,85000,45000,0.1
ITM-000408,ORD-00237,PROD-017,1,50000,22000,0.0
ITM-000409,ORD-00237,PROD-022,1,125000,68000,0.0
ITM-000410,ORD-00238,PROD-021,2,85000,42000,0.0
ITM-000411,ORD-00238,PROD-008,1,280000,175000,0.05
ITM-000412,ORD-00239,PROD-006,2,35000,15000,0.0
ITM-000413,ORD-00240,PROD-012,3,165000,90000,0.0
ITM-000414,ORD-00241,PROD-006,1,35000,15000,0.05
ITM-000415,ORD-00241,PROD-004,1,120000,70000,0.1
ITM-000416,ORD-00242,PROD-020,1,65000,32000,0.05
ITM-000417,ORD-00243,PROD-004,1,120000,70000,0.15
ITM-000418,ORD-00244,PROD-008,1,280000,175000,0.0
ITM-000419,ORD-00244,PROD-002,1,450000,280000,0.0
ITM-000420,ORD-00245,PROD-021,2,85000,42000,0.0
ITM-000421,ORD-00245,PROD-004,1,120000,70000,0.05
ITM-000422,ORD-00245,PROD-019,3,110000,60000,0.05
ITM-000423,ORD-00245,PROD-012,1,165000,90000,0.0
ITM-000424,ORD-00246,PROD-024,5,36000,18000,0.0
ITM-000425,ORD-00246,PROD-016,1,175000,95000,0.2
ITM-000426,ORD-00247,PROD-018,1,95000,48000,0.05
ITM-000427,ORD-00248,PROD-020,1,65000,32000,0.05
ITM-000428,ORD-00248,PROD-019,1,110000,60000,0.05
ITM-000429,ORD-00249,PROD-019,1,110000,60000,0.0
ITM-000430,ORD-00250,PROD-015,1,135000,70000,0.0
ITM-000431,ORD-00251,PROD-020,1,65000,32000,0.0
ITM-000432,ORD-00252,PROD-003,1,350000,210000,0.0
ITM-000433,ORD-00252,PROD-018,2,95000,48000,0.0
ITM-000434,ORD-00252,PROD-001,1,150000,95000,0.0
ITM-000435,ORD-00253,PROD-008,1,280000,175000,0.2
ITM-000436,ORD-00253,PROD-001,2,150000,95000,0.0
ITM-000437,ORD-00253,PROD-017,2,50000,22000,0.0
ITM-000438,ORD-00254,PROD-001,1,150000,95000,0.2
ITM-000439,ORD-00254,PROD-023,1,45000,20000,0.0
ITM-000440,ORD-00254,PROD-017,1,50000,22000,0.05
ITM-000441,ORD-00254,PROD-008,1,280000,175000,0.1
ITM-000442,ORD-00255,PROD-018,2,95000,48000,0.0
ITM-000443,ORD-00255,PROD-020,1,65000,32000,0.1
ITM-000444,ORD-00256,PROD-007,1,200000,120000,0.0
ITM-000445,ORD-00256,PROD-016,1,175000,95000,0.0
ITM-000446,ORD-00257,PROD-002,3,450000,280000,0.0
ITM-000447,ORD-00258,PROD-022,3,125000,68000,0.0
ITM-000448,ORD-00258,PROD-001,1,150000,95000,0.0
ITM-000449,ORD-00259,PROD-019,2,110000,60000,0.0
ITM-000450,ORD-00260,PROD-011,2,75000,35000,0.1
ITM-000451,ORD-00261,PROD-020,5,65000,32000,0.0
ITM-000452,ORD-00261,PROD-007,1,200000,120000,0.0
ITM-000453,ORD-00262,PROD-010,5,85000,45000,0.15
ITM-000454,ORD-00263,PROD-016,1,175000,95000,0.0
ITM-000455,ORD-00263,PROD-023,1,45000,20000,0.05
ITM-000456,ORD-00263,PROD-024,2,36000,18000,0.1
ITM-000457,ORD-00264,PROD-013,3,220000,125000,0.0
ITM-000458,ORD-00264,PROD-004,1,120000,70000,0.0
ITM-000459,ORD-00264,PROD-009,3,250000,140000,0.0
ITM-000460,ORD-00264,PROD-002,1,450000,280000,0.1
ITM-000461,ORD-00265,PROD-020,1,65000,32000,0.0
ITM-000462,ORD-00266,PROD-013,1,220000,125000,0.05
ITM-000463,ORD-00266,PROD-003,1,350000,210000,0.05
ITM-000464,ORD-00267,PROD-022,1,125000,68000,0.05
ITM-000465,ORD-00267,PROD-008,2,280000,175000,0.05
ITM-000466,ORD-00267,PROD-005,1,1800000,1350000,0.0
ITM-000467,ORD-00267,PROD-001,5,150000,95000,0.0
ITM-000468,ORD-00268,PROD-022,5,125000,68000,0.1
ITM-000469,ORD-00268,PROD-006,1,35000,15000,0.05
ITM-000470,ORD-00268,PROD-003,1,350000,210000,0.0
ITM-000471,ORD-00269,PROD-003,2,350000,210000,0.0
ITM-000472,ORD-00269,PROD-014,1,185000,100000,0.1
ITM-000473,ORD-00269,PROD-010,1,85000,45000,0.0
ITM-000474,ORD-00270,PROD-017,1,50000,22000,0.0
ITM-000475,ORD-00270,PROD-014,1,185000,100000,0.0
ITM-000476,ORD-00270,PROD-018,1,95000,48000,0.05
ITM-000477,ORD-00271,PROD-003,2,350000,210000,0.15
ITM-000478,ORD-00272,PROD-021,3,85000,42000,0.0
ITM-000479,ORD-00272,PROD-004,2,120000,70000,0.15
ITM-000480,ORD-00273,PROD-015,1,135000,70000,0.0
ITM-000481,ORD-00273,PROD-003,1,350000,210000,0.0
ITM-000482,ORD-00273,PROD-014,2,185000,100000,0.05
ITM-000483,ORD-00274,PROD-025,1,95000,50000,0.05
ITM-000484,ORD-00275,PROD-005,1,1800000,1350000,0.0
ITM-000485,ORD-00276,PROD-009,1,250000,140000,0.0
ITM-000486,ORD-00276,PROD-016,1,175000,95000,0.0
ITM-000487,ORD-00276,PROD-003,1,350000,210000,0.05
ITM-000488,ORD-00277,PROD-024,2,36000,18000,0.15
ITM-000489,ORD-00277,PROD-003,1,350000,210000,0.0
ITM-000490,ORD-00277,PROD-025,2,95000,50000,0.1
ITM-000491,ORD-00278,PROD-011,1,75000,35000,0.0
ITM-000492,ORD-00279,PROD-006,1,35000,15000,0.0
ITM-000493,ORD-00279,PROD-022,1,125000,68000,0.0
ITM-000494,ORD-00280,PROD-023,1,45000,20000,0.0
ITM-000495,ORD-00280,PROD-012,1,165000,90000,0.0
ITM-000496,ORD-00281,PROD-015,1,135000,70000,0.0
ITM-000497,ORD-00281,PROD-017,1,50000,22000,0.0
ITM-000498,ORD-00282,PROD-020,2,65000,32000,0.1
ITM-000499,ORD-00282,PROD-025,3,95000,50000,0.05
ITM-000500,ORD-00283,PROD-004,1,120000,70000,0.0
ITM-000501,ORD-00284,PROD-005,1,1800000,1350000,0.0
ITM-000502,ORD-00284,PROD-023,2,45000,20000,0.0
ITM-000503,ORD-00285,PROD-011,3,75000,35000,0.0
ITM-000504,ORD-00286,PROD-021,3,85000,42000,0.0
ITM-000505,ORD-00286,PROD-022,1,125000,68000,0.2
ITM-000506,ORD-00287,PROD-003,1,350000,210000,0.0
ITM-000507,ORD-00288,PROD-006,1,35000,15000,0.0
ITM-000508,ORD-00289,PROD-023,2,45000,20000,0.0
ITM-000509,ORD-00290,PROD-024,2,36000,18000,0.05
ITM-000510,ORD-00290,PROD-020,1,65000,32000,0.0
ITM-000511,ORD-00290,PROD-005,1,1800000,1350000,0.0
ITM-000512,ORD-00291,PROD-018,1,95000,48000,0.1
ITM-000513,ORD-00292,PROD-007,1,200000,120000,0.1
ITM-000514,ORD-00293,PROD-023,1,45000,20000,0.05
ITM-000515,ORD-00293,PROD-024,1,36000,18000,0.05
ITM-000516,ORD-00294,PROD-008,1,280000,175000,0.0
ITM-000517,ORD-00295,PROD-020,1,65000,32000,0.0
ITM-000518,ORD-00295,PROD-016,1,175000,95000,0.05
ITM-000519,ORD-00296,PROD-008,2,280000,175000,0.0
ITM-000520,ORD-00296,PROD-016,5,175000,95000,0.1
ITM-000521,ORD-00297,PROD-019,2,110000,60000,0.0
ITM-000522,ORD-00297,PROD-001,1,150000,95000,0.2
ITM-000523,ORD-00298,PROD-011,1,75000,35000,0.0
ITM-000524,ORD-00298,PROD-007,2,200000,120000,0.15
ITM-000525,ORD-00299,PROD-025,1,95000,50000,0.0
ITM-000526,ORD-00300,PROD-021,2,85000,42000,0.15
ITM-000527,ORD-00300,PROD-005,1,1800000,1350000,0.0
ITM-000528,ORD-00301,PROD-007,1,200000,120000,0.05
ITM-000529,ORD-00301,PROD-016,1,175000,95000,0.0
ITM-000530,ORD-00302,PROD-024,1,36000,18000,0.0
ITM-000531,ORD-00302,PROD-003,5,350000,210000,0.0
ITM-000532,ORD-00302,PROD-025,1,95000,50000,0.05
ITM-000533,ORD-00303,PROD-015,2,135000,70000,0.0
ITM-000534,ORD-00303,PROD-007,1,200000,120000,0.05
ITM-000535,ORD-00304,PROD-018,1,95000,48000,0.1
ITM-000536,ORD-00305,PROD-007,1,200000,120000,0.0
ITM-000537,ORD-00306,PROD-017,1,50000,22000,0.0
ITM-000538,ORD-00307,PROD-021,2,85000,42000,0.0
ITM-000539,ORD-00307,PROD-017,1,50000,22000,0.0
ITM-000540,ORD-00308,PROD-022,1,125000,68000,0.0
ITM-000541,ORD-00309,PROD-014,2,185000,100000,0.0
ITM-000542,ORD-00309,PROD-017,1,50000,22000,0.05
ITM-000543,ORD-00310,PROD-002,1,450000,280000,0.1
ITM-000544,ORD-00311,PROD-023,2,45000,20000,0.0
ITM-000545,ORD-00312,PROD-003,2,350000,210000,0.2
ITM-000546,ORD-00312,PROD-014,1,185000,100000,0.0
ITM-000547,ORD-00313,PROD-006,1,35000,15000,0.0
ITM-000548,ORD-00314,PROD-011,1,75000,35000,0.05
ITM-000549,ORD-00314,PROD-018,1,95000,48000,0.05
ITM-000550,ORD-00315,PROD-021,1,85000,42000,0.05
ITM-000551,ORD-00315,PROD-023,3,45000,20000,0.05
ITM-000552,ORD-00316,PROD-022,5,125000,68000,0.0
ITM-000553,ORD-00317,PROD-002,1,450000,280000,0.05
ITM-000554,ORD-00317,PROD-010,1,85000,45000,0.05
ITM-000555,ORD-00318,PROD-008,1,280000,175000,0.0
ITM-000556,ORD-00319,PROD-003,2,350000,210000,0.0
ITM-000557,ORD-00320,PROD-002,1,450000,280000,0.0
ITM-000558,ORD-00321,PROD-002,1,450000,280000,0.0
ITM-000559,ORD-00321,PROD-014,1,185000,100000,0.0
ITM-000560,ORD-00322,PROD-009,5,250000,140000,0.0
ITM-000561,ORD-00323,PROD-020,1,65000,32000,0.0
ITM-000562,ORD-00323,PROD-013,2,220000,125000,0.15
ITM-000563,ORD-00324,PROD-004,1,120000,70000,0.15
ITM-000564,ORD-00325,PROD-005,1,1800000,1350000,0.0
ITM-000565,ORD-00325,PROD-024,5,36000,18000,0.0
ITM-000566,ORD-00326,PROD-009,3,250000,140000,0.0
ITM-000567,ORD-00326,PROD-004,1,120000,70000,0.0
ITM-000568,ORD-00327,PROD-004,1,120000,70000,0.05
ITM-000569,ORD-00328,PROD-025,3,95000,50000,0.1
ITM-000570,ORD-00328,PROD-014,1,185000,100000,0.0
ITM-000571,ORD-00329,PROD-014,5,185000,100000,0.0
ITM-000572,ORD-00329,PROD-012,1,165000,90000,0.0
ITM-000573,ORD-00330,PROD-018,2,95000,48000,0.0
ITM-000574,ORD-00330,PROD-010,1,85000,45000,0.15
ITM-000575,ORD-00331,PROD-018,5,95000,48000,0.05
ITM-000576,ORD-00331,PROD-002,2,450000,280000,0.0
ITM-000577,ORD-00331,PROD-022,1,125000,68000,0.0
ITM-000578,ORD-00332,PROD-018,1,95000,48000,0.15
ITM-000579,ORD-00332,PROD-001,1,150000,95000,0.0
ITM-000580,ORD-00332,PROD-015,1,135000,70000,0.0
ITM-000581,ORD-00333,PROD-005,2,1800000,1350000,0.0
ITM-000582,ORD-00333,PROD-023,3,45000,20000,0.0
ITM-000583,ORD-00334,PROD-009,1,250000,140000,0.0
ITM-000584,ORD-00335,PROD-016,2,175000,95000,0.0
ITM-000585,ORD-00335,PROD-005,3,1800000,1350000,0.0
ITM-000586,ORD-00336,PROD-021,1,85000,42000,0.0
ITM-000587,ORD-00336,PROD-016,1,175000,95000,0.05
ITM-000588,ORD-00336,PROD-010,2,85000,45000,0.1
ITM-000589,ORD-00336,PROD-024,1,36000,18000,0.05
ITM-000590,ORD-00337,PROD-024,1,36000,18000,0.15
ITM-000591,ORD-00338,PROD-025,1,95000,50000,0.0
ITM-000592,ORD-00339,PROD-008,1,280000,175000,0.05
ITM-000593,ORD-00340,PROD-001,1,150000,95000,0.1
ITM-000594,ORD-00340,PROD-012,1,165000,90000,0.05
ITM-000595,ORD-00341,PROD-023,1,45000,20000,0.0
ITM-000596,ORD-00342,PROD-004,1,120000,70000,0.0
ITM-000597,ORD-00342,PROD-016,2,175000,95000,0.0
ITM-000598,ORD-00342,PROD-013,3,220000,125000,0.0
ITM-000599,ORD-00342,PROD-018,3,95000,48000,0.1
ITM-000600,ORD-00343,PROD-005,1,1800000,1350000,0.0
ITM-000601,ORD-00343,PROD-014,1,185000,100000,0.0
ITM-000602,ORD-00343,PROD-004,2,120000,70000,0.0
ITM-000603,ORD-00344,PROD-001,1,150000,95000,0.0
ITM-000604,ORD-00344,PROD-009,5,250000,140000,0.0
ITM-000605,ORD-00345,PROD-003,1,350000,210000,0.0
ITM-000606,ORD-00346,PROD-003,2,350000,210000,0.05
ITM-000607,ORD-00347,PROD-018,1,95000,48000,0.1
ITM-000608,ORD-00347,PROD-004,2,120000,70000,0.1
ITM-000609,ORD-00347,PROD-024,1,36000,18000,0.0
ITM-000610,ORD-00348,PROD-018,2,95000,48000,0.0
ITM-000611,ORD-00349,PROD-017,5,50000,22000,0.1
ITM-000612,ORD-00349,PROD-020,1,65000,32000,0.0
ITM-000613,ORD-00349,PROD-021,2,85000,42000,0.05
ITM-000614,ORD-00349,PROD-019,2,110000,60000,0.15
ITM-000615,ORD-00350,PROD-013,1,220000,125000,0.15
ITM-000616,ORD-00351,PROD-024,1,36000,18000,0.2
ITM-000617,ORD-00351,PROD-001,2,150000,95000,0.05
ITM-000618,ORD-00352,PROD-013,1,220000,125000,0.0
ITM-000619,ORD-00353,PROD-011,1,75000,35000,0.1
ITM-000620,ORD-00353,PROD-004,1,120000,70000,0.05
ITM-000621,ORD-00354,PROD-013,1,220000,125000,0.0
ITM-000622,ORD-00354,PROD-003,1,350000,210000,0.0
ITM-000623,ORD-00355,PROD-021,2,85000,42000,0.0
ITM-000624,ORD-00356,PROD-024,1,36000,18000,0.0
ITM-000625,ORD-00357,PROD-024,2,36000,18000,0.0
ITM-000626,ORD-00357,PROD-022,1,125000,68000,0.1
ITM-000627,ORD-00358,PROD-002,1,450000,280000,0.15
ITM-000628,ORD-00359,PROD-025,2,95000,50000,0.0
ITM-000629,ORD-00360,PROD-018,2,95000,48000,0.0
ITM-000630,ORD-00360,PROD-015,1,135000,70000,0.0
ITM-000631,ORD-00361,PROD-024,1,36000,18000,0.0
ITM-000632,ORD-00362,PROD-006,2,35000,15000,0.05
ITM-000633,ORD-00362,PROD-021,5,85000,42000,0.0
ITM-000634,ORD-00363,PROD-005,1,1800000,1350000,0.0
ITM-000635,ORD-00364,PROD-008,2,280000,175000,0.0
ITM-000636,ORD-00364,PROD-021,1,85000,42000,0.0
ITM-000637,ORD-00365,PROD-007,1,200000,120000,0.0
ITM-000638,ORD-00365,PROD-019,3,110000,60000,0.1
ITM-000639,ORD-00365,PROD-004,2,120000,70000,0.05
ITM-000640,ORD-00366,PROD-025,1,95000,50000,0.0
ITM-000641,ORD-00366,PROD-022,1,125000,68000,0.0
ITM-000642,ORD-00366,PROD-006,1,35000,15000,0.05
ITM-000643,ORD-00367,PROD-024,1,36000,18000,0.2
ITM-000644,ORD-00368,PROD-012,1,165000,90000,0.0
ITM-000645,ORD-00369,PROD-016,1,175000,95000,0.2
ITM-000646,ORD-00370,PROD-003,3,350000,210000,0.0
ITM-000647,ORD-00370,PROD-018,2,95000,48000,0.15
ITM-000648,ORD-00370,PROD-017,2,50000,22000,0.0
ITM-000649,ORD-00371,PROD-001,2,150000,95000,0.0
ITM-000650,ORD-00372,PROD-025,1,95000,50000,0.1
ITM-000651,ORD-00372,PROD-024,1,36000,18000,0.0
ITM-000652,ORD-00373,PROD-003,1,350000,210000,0.2
ITM-000653,ORD-00373,PROD-001,2,150000,95000,0.05
ITM-000654,ORD-00373,PROD-005,1,1800000,1350000,0.1
ITM-000655,ORD-00374,PROD-018,1,95000,48000,0.1
ITM-000656,ORD-00374,PROD-009,1,250000,140000,0.0
ITM-000657,ORD-00375,PROD-011,1,75000,35000,0.05
ITM-000658,ORD-00375,PROD-008,1,280000,175000,0.0
ITM-000659,ORD-00376,PROD-021,1,85000,42000,0.0
ITM-000660,ORD-00377,PROD-007,1,200000,120000,0.0
ITM-000661,ORD-00378,PROD-015,1,135000,70000,0.0
ITM-000662,ORD-00379,PROD-023,1,45000,20000,0.15
ITM-000663,ORD-00379,PROD-014,3,185000,100000,0.0
ITM-000664,ORD-00380,PROD-017,3,50000,22000,0.05
ITM-000665,ORD-00380,PROD-014,2,185000,100000,0.05
ITM-000666,ORD-00380,PROD-010,2,85000,45000,0.0
ITM-000667,ORD-00381,PROD-013,1,220000,125000,0.0
ITM-000668,ORD-00381,PROD-023,2,45000,20000,0.1
ITM-000669,ORD-00381,PROD-011,1,75000,35000,0.0
ITM-000670,ORD-00382,PROD-005,1,1800000,1350000,0.05
ITM-000671,ORD-00383,PROD-017,1,50000,22000,0.0
ITM-000672,ORD-00384,PROD-021,2,85000,42000,0.05
ITM-000673,ORD-00384,PROD-023,1,45000,20000,0.0
ITM-000674,ORD-00385,PROD-014,1,185000,100000,0.15
ITM-000675,ORD-00386,PROD-024,1,36000,18000,0.0
ITM-000676,ORD-00387,PROD-001,1,150000,95000,0.15
ITM-000677,ORD-00387,PROD-022,1,125000,68000,0.0
ITM-000678,ORD-00387,PROD-007,1,200000,120000,0.0
ITM-000679,ORD-00388,PROD-004,2,120000,70000,0.0
ITM-000680,ORD-00389,PROD-003,1,350000,210000,0.0
ITM-000681,ORD-00390,PROD-010,2,85000,45000,0.0
ITM-000682,ORD-00390,PROD-009,3,250000,140000,0.05
ITM-000683,ORD-00391,PROD-004,1,120000,70000,0.0
ITM-000684,ORD-00391,PROD-010,2,85000,45000,0.2
ITM-000685,ORD-00391,PROD-009,1,250000,140000,0.0
ITM-000686,ORD-00392,PROD-014,1,185000,100000,0.0
ITM-000687,ORD-00392,PROD-006,2,35000,15000,0.0
ITM-000688,ORD-00392,PROD-017,1,50000,22000,0.1
ITM-000689,ORD-00393,PROD-025,1,95000,50000,0.0
ITM-000690,ORD-00393,PROD-009,3,250000,140000,0.15
ITM-000691,ORD-00394,PROD-002,1,450000,280000,0.0
ITM-000692,ORD-00394,PROD-014,2,185000,100000,0.05
ITM-000693,ORD-00395,PROD-021,2,85000,42000,0.2
ITM-000694,ORD-00396,PROD-008,1,280000,175000,0.0
ITM-000695,ORD-00396,PROD-003,1,350000,210000,0.05
ITM-000696,ORD-00397,PROD-024,2,36000,18000,0.0
ITM-000697,ORD-00397,PROD-008,1,280000,175000,0.0
ITM-000698,ORD-00397,PROD-015,2,135000,70000,0.05
ITM-000699,ORD-00397,PROD-002,1,450000,280000,0.0
ITM-000700,ORD-00398,PROD-023,2,45000,20000,0.0
ITM-000701,ORD-00399,PROD-020,5,65000,32000,0.1
ITM-000702,ORD-00400,PROD-017,1,50000,22000,0.0
ITM-000703,ORD-00401,PROD-023,1,45000,20000,0.05
ITM-000704,ORD-00401,PROD-007,3,200000,120000,0.0
ITM-000705,ORD-00401,PROD-006,2,35000,15000,0.0
ITM-000706,ORD-00401,PROD-012,1,165000,90000,0.0
ITM-000707,ORD-00402,PROD-001,2,150000,95000,0.05
ITM-000708,ORD-00403,PROD-025,1,95000,50000,0.2
ITM-000709,ORD-00404,PROD-023,1,45000,20000,0.1
ITM-000710,ORD-00405,PROD-018,1,95000,48000,0.15
ITM-000711,ORD-00405,PROD-009,1,250000,140000,0.05
ITM-000712,ORD-00405,PROD-014,2,185000,100000,0.0
ITM-000713,ORD-00406,PROD-020,1,65000,32000,0.0
ITM-000714,ORD-00407,PROD-025,1,95000,50000,0.0
ITM-000715,ORD-00407,PROD-007,2,200000,120000,0.15
ITM-000716,ORD-00408,PROD-023,2,45000,20000,0.0
ITM-000717,ORD-00408,PROD-024,1,36000,18000,0.0
ITM-000718,ORD-00408,PROD-016,1,175000,95000,0.0
ITM-000719,ORD-00409,PROD-022,1,125000,68000,0.0
ITM-000720,ORD-00410,PROD-022,2,125000,68000,0.0
ITM-000721,ORD-00411,PROD-011,2,75000,35000,0.0
ITM-000722,ORD-00411,PROD-006,1,35000,15000,0.0
ITM-000723,ORD-00412,PROD-006,1,35000,15000,0.05
ITM-000724,ORD-00412,PROD-013,5,220000,125000,0.05
ITM-000725,ORD-00412,PROD-008,1,280000,175000,0.0
ITM-000726,ORD-00413,PROD-014,2,185000,100000,0.1
ITM-000727,ORD-00413,PROD-017,3,50000,22000,0.2
ITM-000728,ORD-00414,PROD-003,2,350000,210000,0.05
ITM-000729,ORD-00415,PROD-016,1,175000,95000,0.0
ITM-000730,ORD-00416,PROD-011,2,75000,35000,0.0
ITM-000731,ORD-00417,PROD-007,2,200000,120000,0.0
ITM-000732,ORD-00418,PROD-003,1,350000,210000,0.05
ITM-000733,ORD-00419,PROD-001,5,150000,95000,0.15
ITM-000734,ORD-00420,PROD-008,1,280000,175000,0.05
ITM-000735,ORD-00421,PROD-020,1,65000,32000,0.0
ITM-000736,ORD-00421,PROD-003,3,350000,210000,0.0
ITM-000737,ORD-00421,PROD-013,2,220000,125000,0.0
ITM-000738,ORD-00422,PROD-016,1,175000,95000,0.05
ITM-000739,ORD-00422,PROD-018,3,95000,48000,0.1
ITM-000740,ORD-00423,PROD-010,1,85000,45000,0.0
ITM-000741,ORD-00423,PROD-012,1,165000,90000,0.0
ITM-000742,ORD-00424,PROD-005,1,1800000,1350000,0.0
ITM-000743,ORD-00425,PROD-005,1,1800000,1350000,0.2
ITM-000744,ORD-00426,PROD-010,1,85000,45000,0.05
ITM-000745,ORD-00427,PROD-013,1,220000,125000,0.0
ITM-000746,ORD-00427,PROD-002,3,450000,280000,0.0
ITM-000747,ORD-00428,PROD-005,2,1800000,1350000,0.0
ITM-000748,ORD-00429,PROD-020,1,65000,32000,0.0
ITM-000749,ORD-00430,PROD-012,3,165000,90000,0.05
ITM-000750,ORD-00430,PROD-018,1,95000,48000,0.05
ITM-000751,ORD-00431,PROD-024,5,36000,18000,0.0
ITM-000752,ORD-00432,PROD-025,1,95000,50000,0.0
ITM-000753,ORD-00433,PROD-023,1,45000,20000,0.1
ITM-000754,ORD-00434,PROD-024,1,36000,18000,0.05
ITM-000755,ORD-00435,PROD-023,1,45000,20000,0.1
ITM-000756,ORD-00436,PROD-020,1,65000,32000,0.0
ITM-000757,ORD-00437,PROD-022,1,125000,68000,0.0
ITM-000758,ORD-00438,PROD-022,2,125000,68000,0.0
ITM-000759,ORD-00438,PROD-025,2,95000,50000,0.0
ITM-000760,ORD-00438,PROD-016,1,175000,95000,0.0
ITM-000761,ORD-00439,PROD-019,2,110000,60000,0.0
ITM-000762,ORD-00439,PROD-008,1,280000,175000,0.1
ITM-000763,ORD-00439,PROD-016,5,175000,95000,0.05
ITM-000764,ORD-00439,PROD-010,5,85000,45000,0.05
ITM-000765,ORD-00440,PROD-010,1,85000,45000,0.0
ITM-000766,ORD-00441,PROD-025,1,95000,50000,0.0
ITM-000767,ORD-00442,PROD-016,2,175000,95000,0.0
ITM-000768,ORD-00442,PROD-009,2,250000,140000,0.05
ITM-000769,ORD-00443,PROD-018,5,95000,48000,0.0
ITM-000770,ORD-00443,PROD-010,1,85000,45000,0.1
ITM-000771,ORD-00444,PROD-023,1,45000,20000,0.0
ITM-000772,ORD-00444,PROD-011,2,75000,35000,0.05
ITM-000773,ORD-00445,PROD-023,1,45000,20000,0.15
ITM-000774,ORD-00446,PROD-015,1,135000,70000,0.1
ITM-000775,ORD-00446,PROD-003,2,350000,210000,0.0
ITM-000776,ORD-00446,PROD-010,2,85000,45000,0.05
ITM-000777,ORD-00447,PROD-012,1,165000,90000,0.0
ITM-000778,ORD-00447,PROD-024,3,36000,18000,0.1
ITM-000779,ORD-00447,PROD-021,1,85000,42000,0.0
ITM-000780,ORD-00448,PROD-024,1,36000,18000,0.0
ITM-000781,ORD-00448,PROD-008,1,280000,175000,0.0
ITM-000782,ORD-00449,PROD-024,1,36000,18000,0.0
ITM-000783,ORD-00450,PROD-004,2,120000,70000,0.0
ITM-000784,ORD-00450,PROD-003,2,350000,210000,0.0
ITM-000785,ORD-00450,PROD-018,5,95000,48000,0.0
ITM-000786,ORD-00451,PROD-015,3,135000,70000,0.0
ITM-000787,ORD-00451,PROD-006,1,35000,15000,0.15
ITM-000788,ORD-00451,PROD-022,1,125000,68000,0.0
ITM-000789,ORD-00451,PROD-012,3,165000,90000,0.0
ITM-000790,ORD-00452,PROD-014,1,185000,100000,0.05
ITM-000791,ORD-00453,PROD-024,2,36000,18000,0.0
ITM-000792,ORD-00454,PROD-020,1,65000,32000,0.0
ITM-000793,ORD-00455,PROD-012,1,165000,90000,0.05
ITM-000794,ORD-00455,PROD-015,2,135000,70000,0.0
ITM-000795,ORD-00456,PROD-024,1,36000,18000,0.0
ITM-000796,ORD-00456,PROD-012,1,165000,90000,0.0
ITM-000797,ORD-00457,PROD-003,1,350000,210000,0.0
ITM-000798,ORD-00457,PROD-016,1,175000,95000,0.0
ITM-000799,ORD-00457,PROD-023,2,45000,20000,0.0
ITM-000800,ORD-00458,PROD-025,5,95000,50000,0.0
ITM-000801,ORD-00459,PROD-007,1,200000,120000,0.15
ITM-000802,ORD-00460,PROD-001,1,150000,95000,0.05
ITM-000803,ORD-00460,PROD-015,1,135000,70000,0.05
ITM-000804,ORD-00461,PROD-019,1,110000,60000,0.05
ITM-000805,ORD-00462,PROD-007,2,200000,120000,0.05
ITM-000806,ORD-00463,PROD-003,1,350000,210000,0.0
ITM-000807,ORD-00463,PROD-002,1,450000,280000,0.0
ITM-000808,ORD-00463,PROD-007,3,200000,120000,0.05
ITM-000809,ORD-00464,PROD-018,2,95000,48000,0.2
ITM-000810,ORD-00464,PROD-020,1,65000,32000,0.0
ITM-000811,ORD-00464,PROD-025,3,95000,50000,0.0
ITM-000812,ORD-00465,PROD-008,3,280000,175000,0.05
ITM-000813,ORD-00465,PROD-014,1,185000,100000,0.15
ITM-000814,ORD-00466,PROD-006,1,35000,15000,0.0
ITM-000815,ORD-00466,PROD-003,2,350000,210000,0.0
ITM-000816,ORD-00467,PROD-013,1,220000,125000,0.05
ITM-000817,ORD-00468,PROD-024,1,36000,18000,0.05
ITM-000818,ORD-00468,PROD-001,1,150000,95000,0.05
ITM-000819,ORD-00468,PROD-018,1,95000,48000,0.0
ITM-000820,ORD-00469,PROD-014,3,185000,100000,0.0
ITM-000821,ORD-00470,PROD-008,1,280000,175000,0.0
ITM-000822,ORD-00470,PROD-011,2,75000,35000,0.0
ITM-000823,ORD-00471,PROD-009,1,250000,140000,0.05
ITM-000824,ORD-00471,PROD-011,5,75000,35000,0.05
ITM-000825,ORD-00471,PROD-022,1,125000,68000,0.05
ITM-000826,ORD-00471,PROD-020,3,65000,32000,0.05
ITM-000827,ORD-00472,PROD-014,2,185000,100000,0.05
ITM-000828,ORD-00472,PROD-003,3,350000,210000,0.15
ITM-000829,ORD-00472,PROD-020,2,65000,32000,0.0
ITM-000830,ORD-00472,PROD-010,1,85000,45000,0.0
ITM-000831,ORD-00473,PROD-020,1,65000,32000,0.0
ITM-000832,ORD-00473,PROD-009,2,250000,140000,0.05
ITM-000833,ORD-00474,PROD-002,3,450000,280000,0.15
ITM-000834,ORD-00475,PROD-002,2,450000,280000,0.1
ITM-000835,ORD-00476,PROD-019,1,110000,60000,0.05
ITM-000836,ORD-00477,PROD-025,2,95000,50000,0.0
ITM-000837,ORD-00478,PROD-022,1,125000,68000,0.0
ITM-000838,ORD-00479,PROD-022,1,125000,68000,0.0
ITM-000839,ORD-00479,PROD-020,2,65000,32000,0.0
ITM-000840,ORD-00479,PROD-014,5,185000,100000,0.0
ITM-000841,ORD-00479,PROD-018,3,95000,48000,0.15
ITM-000842,ORD-00480,PROD-009,1,250000,140000,0.2
ITM-000843,ORD-00481,PROD-010,1,85000,45000,0.05
ITM-000844,ORD-00482,PROD-017,1,50000,22000,0.0
ITM-000845,ORD-00482,PROD-025,2,95000,50000,0.0
ITM-000846,ORD-00483,PROD-004,1,120000,70000,0.0
ITM-000847,ORD-00483,PROD-010,1,85000,45000,0.05
ITM-000848,ORD-00483,PROD-006,1,35000,15000,0.0
ITM-000849,ORD-00484,PROD-022,1,125000,68000,0.0
ITM-000850,ORD-00485,PROD-007,3,200000,120000,0.0
ITM-000851,ORD-00485,PROD-019,1,110000,60000,0.15
ITM-000852,ORD-00486,PROD-009,1,250000,140000,0.0
ITM-000853,ORD-00486,PROD-018,1,95000,48000,0.15
ITM-000854,ORD-00487,PROD-003,1,350000,210000,0.15
ITM-000855,ORD-00488,PROD-025,1,95000,50000,0.0
ITM-000856,ORD-00489,PROD-001,1,150000,95000,0.15
ITM-000857,ORD-00490,PROD-022,3,125000,68000,0.0
ITM-000858,ORD-00490,PROD-023,1,45000,20000,0.15
ITM-000859,ORD-00490,PROD-001,1,150000,95000,0.05
ITM-000860,ORD-00491,PROD-003,2,350000,210000,0.1
ITM-000861,ORD-00491,PROD-020,1,65000,32000,0.1
ITM-000862,ORD-00491,PROD-015,1,135000,70000,0.1
ITM-000863,ORD-00492,PROD-009,2,250000,140000,0.05
ITM-000864,ORD-00493,PROD-016,1,175000,95000,0.0
ITM-000865,ORD-00493,PROD-011,3,75000,35000,0.0
ITM-000866,ORD-00494,PROD-004,1,120000,70000,0.0
ITM-000867,ORD-00495,PROD-008,1,280000,175000,0.0
ITM-000868,ORD-00495,PROD-022,2,125000,68000,0.0
ITM-000869,ORD-00496,PROD-016,2,175000,95000,0.0
ITM-000870,ORD-00497,PROD-018,3,95000,48000,0.0
ITM-000871,ORD-00497,PROD-014,1,185000,100000,0.0
ITM-000872,ORD-00497,PROD-025,1,95000,50000,0.0
ITM-000873,ORD-00498,PROD-006,1,35000,15000,0.0
ITM-000874,ORD-00498,PROD-018,1,95000,48000,0.0
ITM-000875,ORD-00499,PROD-022,1,125000,68000,0.05
ITM-000876,ORD-00500,PROD-008,1,280000,175000,0.0
ITM-000877,ORD-00501,PROD-004,2,120000,70000,0.0
ITM-000878,ORD-00501,PROD-024,1,36000,18000,0.0
ITM-000879,ORD-00502,PROD-014,1,185000,100000,0.0
ITM-000880,ORD-00502,PROD-007,1,200000,120000,0.0
ITM-000881,ORD-00502,PROD-022,2,125000,68000,0.0
ITM-000882,ORD-00502,PROD-013,1,220000,125000,0.0
ITM-000883,ORD-00503,PROD-002,1,450000,280000,0.15
ITM-000884,ORD-00504,PROD-021,1,85000,42000,0.05
ITM-000885,ORD-00504,PROD-011,3,75000,35000,0.15
ITM-000886,ORD-00504,PROD-024,1,36000,18000,0.0
ITM-000887,ORD-00505,PROD-001,1,150000,95000,0.0
ITM-000888,ORD-00506,PROD-014,2,185000,100000,0.0
ITM-000889,ORD-00506,PROD-022,1,125000,68000,0.0
ITM-000890,ORD-00506,PROD-008,1,280000,175000,0.0
ITM-000891,ORD-00507,PROD-014,1,185000,100000,0.15
ITM-000892,ORD-00508,PROD-017,1,50000,22000,0.05
ITM-000893,ORD-00509,PROD-023,5,45000,20000,0.05
ITM-000894,ORD-00510,PROD-024,1,36000,18000,0.0
ITM-000895,ORD-00510,PROD-021,5,85000,42000,0.1
ITM-000896,ORD-00511,PROD-015,1,135000,70000,0.05
ITM-000897,ORD-00512,PROD-007,1,200000,120000,0.15
ITM-000898,ORD-00513,PROD-024,1,36000,18000,0.0
ITM-000899,ORD-00513,PROD-019,2,110000,60000,0.05
ITM-000900,ORD-00513,PROD-012,1,165000,90000,0.0
ITM-000901,ORD-00514,PROD-014,1,185000,100000,0.15
ITM-000902,ORD-00515,PROD-008,1,280000,175000,0.05
ITM-000903,ORD-00516,PROD-016,1,175000,95000,0.0
ITM-000904,ORD-00517,PROD-019,3,110000,60000,0.0
ITM-000905,ORD-00518,PROD-007,2,200000,120000,0.05
ITM-000906,ORD-00518,PROD-002,1,450000,280000,0.05
ITM-000907,ORD-00519,PROD-002,1,450000,280000,0.0
ITM-000908,ORD-00520,PROD-023,1,45000,20000,0.05
ITM-000909,ORD-00521,PROD-016,1,175000,95000,0.0
ITM-000910,ORD-00522,PROD-001,2,150000,95000,0.0
ITM-000911,ORD-00522,PROD-017,1,50000,22000,0.0
ITM-000912,ORD-00522,PROD-011,1,75000,35000,0.0
ITM-000913,ORD-00523,PROD-006,1,35000,15000,0.0
ITM-000914,ORD-00524,PROD-014,3,185000,100000,0.05
ITM-000915,ORD-00525,PROD-023,1,45000,20000,0.05
ITM-000916,ORD-00525,PROD-022,1,125000,68000,0.0
ITM-000917,ORD-00526,PROD-022,2,125000,68000,0.15
ITM-000918,ORD-00527,PROD-019,2,110000,60000,0.0
ITM-000919,ORD-00527,PROD-009,1,250000,140000,0.1
ITM-000920,ORD-00528,PROD-019,1,110000,60000,0.05
ITM-000921,ORD-00529,PROD-017,1,50000,22000,0.0
ITM-000922,ORD-00530,PROD-008,3,280000,175000,0.0
ITM-000923,ORD-00531,PROD-022,1,125000,68000,0.0
ITM-000924,ORD-00531,PROD-017,1,50000,22000,0.0
ITM-000925,ORD-00532,PROD-011,1,75000,35000,0.05
ITM-000926,ORD-00533,PROD-002,1,450000,280000,0.0
ITM-000927,ORD-00534,PROD-021,1,85000,42000,0.0
ITM-000928,ORD-00534,PROD-009,1,250000,140000,0.0
ITM-000929,ORD-00534,PROD-015,1,135000,70000,0.0
ITM-000930,ORD-00535,PROD-020,1,65000,32000,0.15
ITM-000931,ORD-00536,PROD-021,1,85000,42000,0.0
ITM-000932,ORD-00537,PROD-006,2,35000,15000,0.0
ITM-000933,ORD-00538,PROD-009,2,250000,140000,0.0
ITM-000934,ORD-00539,PROD-006,1,35000,15000,0.05
ITM-000935,ORD-00539,PROD-014,1,185000,100000,0.0
ITM-000936,ORD-00540,PROD-019,1,110000,60000,0.05
ITM-000937,ORD-00540,PROD-021,5,85000,42000,0.0
ITM-000938,ORD-00541,PROD-016,2,175000,95000,0.0
ITM-000939,ORD-00541,PROD-021,1,85000,42000,0.05
ITM-000940,ORD-00542,PROD-008,2,280000,175000,0.0
ITM-000941,ORD-00543,PROD-019,2,110000,60000,0.0
ITM-000942,ORD-00543,PROD-024,1,36000,18000,0.0
ITM-000943,ORD-00544,PROD-020,1,65000,32000,0.05
ITM-000944,ORD-00544,PROD-009,3,250000,140000,0.0
ITM-000945,ORD-00544,PROD-011,2,75000,35000,0.0
ITM-000946,ORD-00545,PROD-016,3,175000,95000,0.0
ITM-000947,ORD-00546,PROD-020,2,65000,32000,0.0
ITM-000948,ORD-00547,PROD-005,1,1800000,1350000,0.0
ITM-000949,ORD-00548,PROD-006,1,35000,15000,0.15
ITM-000950,ORD-00548,PROD-023,5,45000,20000,0.0
ITM-000951,ORD-00549,PROD-020,3,65000,32000,0.05
ITM-000952,ORD-00550,PROD-020,1,65000,32000,0.1
ITM-000953,ORD-00551,PROD-011,1,75000,35000,0.15
ITM-000954,ORD-00552,PROD-005,2,1800000,1350000,0.0
ITM-000955,ORD-00552,PROD-023,3,45000,20000,0.15
ITM-000956,ORD-00552,PROD-016,1,175000,95000,0.0
ITM-000957,ORD-00552,PROD-011,5,75000,35000,0.0
ITM-000958,ORD-00553,PROD-007,2,200000,120000,0.05
ITM-000959,ORD-00553,PROD-002,1,450000,280000,0.05
ITM-000960,ORD-00554,PROD-019,5,110000,60000,0.0
ITM-000961,ORD-00555,PROD-019,1,110000,60000,0.05
ITM-000962,ORD-00556,PROD-012,5,165000,90000,0.1
ITM-000963,ORD-00556,PROD-006,2,35000,15000,0.0
ITM-000964,ORD-00557,PROD-011,2,75000,35000,0.0
ITM-000965,ORD-00557,PROD-023,1,45000,20000,0.05
ITM-000966,ORD-00557,PROD-009,2,250000,140000,0.15
ITM-000967,ORD-00557,PROD-008,1,280000,175000,0.05
ITM-000968,ORD-00558,PROD-021,3,85000,42000,0.05
ITM-000969,ORD-00559,PROD-011,1,75000,35000,0.0
ITM-000970,ORD-00560,PROD-010,5,85000,45000,0.1
ITM-000971,ORD-00560,PROD-004,1,120000,70000,0.0
ITM-000972,ORD-00561,PROD-011,1,75000,35000,0.0
ITM-000973,ORD-00561,PROD-014,3,185000,100000,0.0
ITM-000974,ORD-00561,PROD-023,1,45000,20000,0.0
ITM-000975,ORD-00562,PROD-014,2,185000,100000,0.15
ITM-000976,ORD-00563,PROD-012,2,165000,90000,0.0
ITM-000977,ORD-00563,PROD-016,3,175000,95000,0.0
ITM-000978,ORD-00563,PROD-024,1,36000,18000,0.0
ITM-000979,ORD-00563,PROD-020,1,65000,32000,0.0
ITM-000980,ORD-00564,PROD-021,2,85000,42000,0.0
ITM-000981,ORD-00564,PROD-013,1,220000,125000,0.05
ITM-000982,ORD-00565,PROD-003,1,350000,210000,0.0
ITM-000983,ORD-00565,PROD-018,1,95000,48000,0.0
ITM-000984,ORD-00565,PROD-015,1,135000,70000,0.05
ITM-000985,ORD-00566,PROD-016,1,175000,95000,0.0
ITM-000986,ORD-00566,PROD-012,2,165000,90000,0.0
ITM-000987,ORD-00567,PROD-012,3,165000,90000,0.0
ITM-000988,ORD-00567,PROD-015,1,135000,70000,0.0
ITM-000989,ORD-00568,PROD-012,1,165000,90000,0.0
ITM-000990,ORD-00569,PROD-005,2,1800000,1350000,0.0
ITM-000991,ORD-00570,PROD-024,1,36000,18000,0.0
ITM-000992,ORD-00571,PROD-007,3,200000,120000,0.0
ITM-000993,ORD-00571,PROD-024,1,36000,18000,0.05
ITM-000994,ORD-00572,PROD-009,1,250000,140000,0.05
ITM-000995,ORD-00573,PROD-019,2,110000,60000,0.2
ITM-000996,ORD-00573,PROD-017,1,50000,22000,0.05
ITM-000997,ORD-00574,PROD-020,1,65000,32000,0.05
ITM-000998,ORD-00574,PROD-016,1,175000,95000,0.0
ITM-000999,ORD-00574,PROD-010,1,85000,45000,0.15
ITM-001000,ORD-00575,PROD-005,1,1800000,1350000,0.0
ITM-001001,ORD-00576,PROD-019,1,110000,60000,0.0
ITM-001002,ORD-00577,PROD-009,1,250000,140000,0.0
ITM-001003,ORD-00577,PROD-022,2,125000,68000,0.0
ITM-001004,ORD-00577,PROD-018,1,95000,48000,0.15
ITM-001005,ORD-00578,PROD-021,1,85000,42000,0.05
ITM-001006,ORD-00579,PROD-014,1,185000,100000,0.0
ITM-001007,ORD-00579,PROD-007,2,200000,120000,0.05
ITM-001008,ORD-00579,PROD-012,1,165000,90000,0.0
ITM-001009,ORD-00580,PROD-001,2,150000,95000,0.15
ITM-001010,ORD-00580,PROD-012,1,165000,90000,0.1
ITM-001011,ORD-00580,PROD-021,1,85000,42000,0.0
ITM-001012,ORD-00581,PROD-019,2,110000,60000,0.05
ITM-001013,ORD-00581,PROD-006,1,35000,15000,0.05
ITM-001014,ORD-00582,PROD-020,1,65000,32000,0.15
ITM-001015,ORD-00583,PROD-011,1,75000,35000,0.05
ITM-001016,ORD-00584,PROD-007,1,200000,120000,0.0
ITM-001017,ORD-00584,PROD-015,5,135000,70000,0.05
ITM-001018,ORD-00584,PROD-012,2,165000,90000,0.0
ITM-001019,ORD-00585,PROD-003,2,350000,210000,0.0
ITM-001020,ORD-00586,PROD-009,3,250000,140000,0.05
ITM-001021,ORD-00587,PROD-001,1,150000,95000,0.0
ITM-001022,ORD-00587,PROD-011,1,75000,35000,0.0
ITM-001023,ORD-00587,PROD-007,1,200000,120000,0.0
ITM-001024,ORD-00588,PROD-005,2,1800000,1350000,0.0
ITM-001025,ORD-00589,PROD-006,1,35000,15000,0.0
ITM-001026,ORD-00590,PROD-010,2,85000,45000,0.05
ITM-001027,ORD-00590,PROD-021,2,85000,42000,0.0
ITM-001028,ORD-00590,PROD-002,1,450000,280000,0.0
ITM-001029,ORD-00591,PROD-020,1,65000,32000,0.05
ITM-001030,ORD-00592,PROD-021,2,85000,42000,0.0
ITM-001031,ORD-00592,PROD-022,2,125000,68000,0.0
ITM-001032,ORD-00593,PROD-021,2,85000,42000,0.2
ITM-001033,ORD-00593,PROD-024,2,36000,18000,0.15
ITM-001034,ORD-00594,PROD-019,2,110000,60000,0.0
ITM-001035,ORD-00595,PROD-025,1,95000,50000,0.0
ITM-001036,ORD-00595,PROD-020,2,65000,32000,0.0
ITM-001037,ORD-00596,PROD-011,1,75000,35000,0.0
ITM-001038,ORD-00597,PROD-020,2,65000,32000,0.1
ITM-001039,ORD-00597,PROD-004,1,120000,70000,0.15
ITM-001040,ORD-00598,PROD-016,1,175000,95000,0.1
ITM-001041,ORD-00598,PROD-011,1,75000,35000,0.0
ITM-001042,ORD-00599,PROD-006,1,35000,15000,0.0
ITM-001043,ORD-00599,PROD-010,1,85000,45000,0.0
ITM-001044,ORD-00600,PROD-018,1,95000,48000,0.0
ITM-001045,ORD-00601,PROD-009,1,250000,140000,0.0
ITM-001046,ORD-00602,PROD-014,3,185000,100000,0.0
ITM-001047,ORD-00603,PROD-012,2,165000,90000,0.15
ITM-001048,ORD-00603,PROD-014,3,185000,100000,0.0
ITM-001049,ORD-00603,PROD-007,1,200000,120000,0.0
ITM-001050,ORD-00604,PROD-009,2,250000,140000,0.05
ITM-001051,ORD-00605,PROD-002,5,450000,280000,0.0
ITM-001052,ORD-00605,PROD-005,1,1800000,1350000,0.0
ITM-001053,ORD-00605,PROD-007,1,200000,120000,0.0
ITM-001054,ORD-00606,PROD-023,1,45000,20000,0.0
ITM-001055,ORD-00607,PROD-017,3,50000,22000,0.0
ITM-001056,ORD-00608,PROD-010,1,85000,45000,0.05
ITM-001057,ORD-00609,PROD-022,2,125000,68000,0.0
ITM-001058,ORD-00610,PROD-005,1,1800000,1350000,0.0
ITM-001059,ORD-00611,PROD-009,5,250000,140000,0.0
ITM-001060,ORD-00611,PROD-023,3,45000,20000,0.1
ITM-001061,ORD-00611,PROD-018,5,95000,48000,0.05
ITM-001062,ORD-00611,PROD-005,2,1800000,1350000,0.1
ITM-001063,ORD-00612,PROD-010,2,85000,45000,0.05
ITM-001064,ORD-00612,PROD-019,1,110000,60000,0.0
ITM-001065,ORD-00612,PROD-008,1,280000,175000,0.1
ITM-001066,ORD-00612,PROD-012,1,165000,90000,0.05
ITM-001067,ORD-00613,PROD-025,1,95000,50000,0.0
ITM-001068,ORD-00613,PROD-003,1,350000,210000,0.0
ITM-001069,ORD-00613,PROD-014,2,185000,100000,0.05
ITM-001070,ORD-00614,PROD-004,2,120000,70000,0.1
ITM-001071,ORD-00615,PROD-012,2,165000,90000,0.15
ITM-001072,ORD-00616,PROD-019,1,110000,60000,0.0
ITM-001073,ORD-00617,PROD-017,1,50000,22000,0.05
ITM-001074,ORD-00617,PROD-007,3,200000,120000,0.15
ITM-001075,ORD-00617,PROD-024,1,36000,18000,0.2
ITM-001076,ORD-00618,PROD-023,1,45000,20000,0.05
ITM-001077,ORD-00619,PROD-021,3,85000,42000,0.15
ITM-001078,ORD-00620,PROD-014,1,185000,100000,0.0
ITM-001079,ORD-00620,PROD-005,5,1800000,1350000,0.0
ITM-001080,ORD-00621,PROD-005,1,1800000,1350000,0.0
ITM-001081,ORD-00622,PROD-015,1,135000,70000,0.0
ITM-001082,ORD-00622,PROD-018,1,95000,48000,0.0
ITM-001083,ORD-00622,PROD-001,2,150000,95000,0.0
ITM-001084,ORD-00623,PROD-004,2,120000,70000,0.0
ITM-001085,ORD-00624,PROD-020,1,65000,32000,0.05
ITM-001086,ORD-00625,PROD-009,1,250000,140000,0.1
ITM-001087,ORD-00625,PROD-021,1,85000,42000,0.1
ITM-001088,ORD-00625,PROD-005,2,1800000,1350000,0.0
ITM-001089,ORD-00626,PROD-013,1,220000,125000,0.0
ITM-001090,ORD-00627,PROD-018,1,95000,48000,0.0
ITM-001091,ORD-00627,PROD-015,1,135000,70000,0.1
ITM-001092,ORD-00627,PROD-001,1,150000,95000,0.0
ITM-001093,ORD-00628,PROD-007,1,200000,120000,0.0
ITM-001094,ORD-00629,PROD-021,2,85000,42000,0.15
ITM-001095,ORD-00629,PROD-012,5,165000,90000,0.15
ITM-001096,ORD-00630,PROD-014,2,185000,100000,0.15
ITM-001097,ORD-00631,PROD-012,1,165000,90000,0.0
ITM-001098,ORD-00632,PROD-015,1,135000,70000,0.05
ITM-001099,ORD-00632,PROD-013,3,220000,125000,0.0
ITM-001100,ORD-00633,PROD-010,1,85000,45000,0.05
ITM-001101,ORD-00634,PROD-014,1,185000,100000,0.0
ITM-001102,ORD-00635,PROD-015,1,135000,70000,0.0
ITM-001103,ORD-00636,PROD-022,1,125000,68000,0.0
ITM-001104,ORD-00637,PROD-023,1,45000,20000,0.05
ITM-001105,ORD-00638,PROD-022,3,125000,68000,0.05
ITM-001106,ORD-00639,PROD-014,2,185000,100000,0.05
ITM-001107,ORD-00640,PROD-007,1,200000,120000,0.1
ITM-001108,ORD-00640,PROD-002,2,450000,280000,0.0
ITM-001109,ORD-00641,PROD-013,3,220000,125000,0.0
ITM-001110,ORD-00641,PROD-017,1,50000,22000,0.0
ITM-001111,ORD-00642,PROD-018,1,95000,48000,0.05
ITM-001112,ORD-00643,PROD-014,1,185000,100000,0.1
ITM-001113,ORD-00644,PROD-010,2,85000,45000,0.0
ITM-001114,ORD-00645,PROD-024,1,36000,18000,0.0
ITM-001115,ORD-00646,PROD-009,2,250000,140000,0.0
ITM-001116,ORD-00647,PROD-004,1,120000,70000,0.05
ITM-001117,ORD-00648,PROD-009,1,250000,140000,0.0
ITM-001118,ORD-00649,PROD-019,1,110000,60000,0.15
ITM-001119,ORD-00649,PROD-010,1,85000,45000,0.1
ITM-001120,ORD-00650,PROD-001,1,150000,95000,0.0
ITM-001121,ORD-00651,PROD-024,2,36000,18000,0.15
ITM-001122,ORD-00652,PROD-019,2,110000,60000,0.05
ITM-001123,ORD-00652,PROD-001,1,150000,95000,0.0
ITM-001124,ORD-00652,PROD-007,1,200000,120000,0.0
ITM-001125,ORD-00653,PROD-003,2,350000,210000,0.15
ITM-001126,ORD-00654,PROD-006,5,35000,15000,0.0
ITM-001127,ORD-00654,PROD-021,1,85000,42000,0.0
ITM-001128,ORD-00654,PROD-005,1,1800000,1350000,0.0
ITM-001129,ORD-00654,PROD-025,2,95000,50000,0.0
ITM-001130,ORD-00655,PROD-017,1,50000,22000,0.05
ITM-001131,ORD-00656,PROD-024,2,36000,18000,0.05
ITM-001132,ORD-00656,PROD-020,1,65000,32000,0.0
ITM-001133,ORD-00657,PROD-013,2,220000,125000,0.0
ITM-001134,ORD-00657,PROD-021,1,85000,42000,0.0
ITM-001135,ORD-00658,PROD-016,1,175000,95000,0.05
ITM-001136,ORD-00658,PROD-017,1,50000,22000,0.05
ITM-001137,ORD-00659,PROD-012,3,165000,90000,0.0
ITM-001138,ORD-00659,PROD-002,1,450000,280000,0.0
ITM-001139,ORD-00660,PROD-014,2,185000,100000,0.2
ITM-001140,ORD-00661,PROD-015,2,135000,70000,0.1
ITM-001141,ORD-00661,PROD-014,3,185000,100000,0.0
ITM-001142,ORD-00661,PROD-025,1,95000,50000,0.05
ITM-001143,ORD-00662,PROD-025,1,95000,50000,0.0
ITM-001144,ORD-00662,PROD-005,2,1800000,1350000,0.0
ITM-001145,ORD-00663,PROD-022,1,125000,68000,0.15
ITM-001146,ORD-00664,PROD-005,1,1800000,1350000,0.05
ITM-001147,ORD-00664,PROD-004,2,120000,70000,0.0
ITM-001148,ORD-00665,PROD-007,3,200000,120000,0.0
ITM-001149,ORD-00666,PROD-020,1,65000,32000,0.0
ITM-001150,ORD-00666,PROD-022,1,125000,68000,0.0
ITM-001151,ORD-00666,PROD-007,2,200000,120000,0.0
ITM-001152,ORD-00666,PROD-005,2,1800000,1350000,0.0
ITM-001153,ORD-00667,PROD-013,1,220000,125000,0.05
ITM-001154,ORD-00667,PROD-023,1,45000,20000,0.0
ITM-001155,ORD-00668,PROD-008,1,280000,175000,0.05
ITM-001156,ORD-00669,PROD-024,1,36000,18000,0.1
ITM-001157,ORD-00670,PROD-004,1,120000,70000,0.0
ITM-001158,ORD-00671,PROD-012,2,165000,90000,0.0
ITM-001159,ORD-00671,PROD-011,2,75000,35000,0.0
ITM-001160,ORD-00671,PROD-007,1,200000,120000,0.05
ITM-001161,ORD-00672,PROD-001,1,150000,95000,0.0
ITM-001162,ORD-00673,PROD-025,2,95000,50000,0.0
ITM-001163,ORD-00673,PROD-006,3,35000,15000,0.05
ITM-001164,ORD-00674,PROD-022,1,125000,68000,0.0
ITM-001165,ORD-00675,PROD-013,2,220000,125000,0.0
ITM-001166,ORD-00676,PROD-015,3,135000,70000,0.05
ITM-001167,ORD-00676,PROD-011,1,75000,35000,0.0
ITM-001168,ORD-00676,PROD-003,2,350000,210000,0.0
ITM-001169,ORD-00677,PROD-022,1,125000,68000,0.15
ITM-001170,ORD-00677,PROD-018,1,95000,48000,0.0
ITM-001171,ORD-00678,PROD-015,1,135000,70000,0.0
ITM-001172,ORD-00679,PROD-021,1,85000,42000,0.0
ITM-001173,ORD-00680,PROD-009,1,250000,140000,0.1
ITM-001174,ORD-00680,PROD-010,1,85000,45000,0.1
ITM-001175,ORD-00680,PROD-002,1,450000,280000,0.0
ITM-001176,ORD-00681,PROD-014,3,185000,100000,0.0
ITM-001177,ORD-00681,PROD-015,1,135000,70000,0.0
ITM-001178,ORD-00681,PROD-007,1,200000,120000,0.1
ITM-001179,ORD-00682,PROD-023,3,45000,20000,0.0
ITM-001180,ORD-00682,PROD-021,2,85000,42000,0.0
ITM-001181,ORD-00683,PROD-023,5,45000,20000,0.15
ITM-001182,ORD-00683,PROD-004,1,120000,70000,0.05
ITM-001183,ORD-00683,PROD-020,1,65000,32000,0.0
ITM-001184,ORD-00684,PROD-012,2,165000,90000,0.0
ITM-001185,ORD-00684,PROD-005,1,1800000,1350000,0.0
ITM-001186,ORD-00685,PROD-008,2,280000,175000,0.2
ITM-001187,ORD-00686,PROD-004,2,120000,70000,0.0
ITM-001188,ORD-00686,PROD-014,1,185000,100000,0.0
ITM-001189,ORD-00686,PROD-006,2,35000,15000,0.1
ITM-001190,ORD-00687,PROD-007,1,200000,120000,0.0
ITM-001191,ORD-00687,PROD-015,1,135000,70000,0.0
ITM-001192,ORD-00688,PROD-002,1,450000,280000,0.15
ITM-001193,ORD-00689,PROD-005,1,1800000,1350000,0.0
ITM-001194,ORD-00689,PROD-023,1,45000,20000,0.0
ITM-001195,ORD-00689,PROD-011,2,75000,35000,0.2
ITM-001196,ORD-00690,PROD-009,1,250000,140000,0.1
ITM-001197,ORD-00690,PROD-002,1,450000,280000,0.2
ITM-001198,ORD-00690,PROD-013,1,220000,125000,0.05
ITM-001199,ORD-00690,PROD-014,1,185000,100000,0.05
ITM-001200,ORD-00691,PROD-010,1,85000,45000,0.2
ITM-001201,ORD-00691,PROD-014,2,185000,100000,0.15
ITM-001202,ORD-00691,PROD-024,2,36000,18000,0.0
ITM-001203,ORD-00691,PROD-013,1,220000,125000,0.0
ITM-001204,ORD-00692,PROD-018,2,95000,48000,0.1
ITM-001205,ORD-00693,PROD-008,2,280000,175000,0.0
ITM-001206,ORD-00693,PROD-020,2,65000,32000,0.0
ITM-001207,ORD-00694,PROD-012,1,165000,90000,0.05
ITM-001208,ORD-00695,PROD-016,2,175000,95000,0.0
ITM-001209,ORD-00695,PROD-004,1,120000,70000,0.0
ITM-001210,ORD-00696,PROD-022,1,125000,68000,0.05
ITM-001211,ORD-00696,PROD-021,3,85000,42000,0.1
ITM-001212,ORD-00696,PROD-006,1,35000,15000,0.0
ITM-001213,ORD-00697,PROD-024,3,36000,18000,0.0
ITM-001214,ORD-00698,PROD-012,3,165000,90000,0.0
ITM-001215,ORD-00698,PROD-025,1,95000,50000,0.0
ITM-001216,ORD-00698,PROD-009,2,250000,140000,0.1
ITM-001217,ORD-00699,PROD-020,1,65000,32000,0.0
ITM-001218,ORD-00699,PROD-009,1,250000,140000,0.0
ITM-001219,ORD-00700,PROD-021,1,85000,42000,0.05
ITM-001220,ORD-00700,PROD-002,1,450000,280000,0.0
ITM-001221,ORD-00701,PROD-009,1,250000,140000,0.05
ITM-001222,ORD-00701,PROD-003,1,350000,210000,0.0
ITM-001223,ORD-00702,PROD-001,3,150000,95000,0.0
ITM-001224,ORD-00703,PROD-001,2,150000,95000,0.0
ITM-001225,ORD-00704,PROD-020,1,65000,32000,0.0
ITM-001226,ORD-00704,PROD-009,1,250000,140000,0.0
ITM-001227,ORD-00705,PROD-010,1,85000,45000,0.0
ITM-001228,ORD-00706,PROD-017,1,50000,22000,0.0
ITM-001229,ORD-00706,PROD-013,5,220000,125000,0.0
ITM-001230,ORD-00706,PROD-011,1,75000,35000,0.1
ITM-001231,ORD-00706,PROD-015,1,135000,70000,0.0
ITM-001232,ORD-00707,PROD-022,1,125000,68000,0.2
ITM-001233,ORD-00708,PROD-008,1,280000,175000,0.0
ITM-001234,ORD-00709,PROD-012,1,165000,90000,0.0
ITM-001235,ORD-00709,PROD-015,1,135000,70000,0.0
ITM-001236,ORD-00710,PROD-007,1,200000,120000,0.0
ITM-001237,ORD-00711,PROD-006,1,35000,15000,0.0
ITM-001238,ORD-00711,PROD-020,2,65000,32000,0.1
ITM-001239,ORD-00711,PROD-003,2,350000,210000,0.05
ITM-001240,ORD-00712,PROD-005,1,1800000,1350000,0.1
ITM-001241,ORD-00713,PROD-022,1,125000,68000,0.0
ITM-001242,ORD-00714,PROD-020,1,65000,32000,0.0
ITM-001243,ORD-00715,PROD-001,1,150000,95000,0.0
ITM-001244,ORD-00716,PROD-004,1,120000,70000,0.0
ITM-001245,ORD-00716,PROD-017,1,50000,22000,0.05
ITM-001246,ORD-00717,PROD-013,3,220000,125000,0.0
ITM-001247,ORD-00717,PROD-008,2,280000,175000,0.0
ITM-001248,ORD-00717,PROD-020,1,65000,32000,0.0
ITM-001249,ORD-00718,PROD-005,3,1800000,1350000,0.0
ITM-001250,ORD-00719,PROD-018,1,95000,48000,0.05
ITM-001251,ORD-00720,PROD-011,2,75000,35000,0.0
ITM-001252,ORD-00720,PROD-004,2,120000,70000,0.0
ITM-001253,ORD-00720,PROD-023,1,45000,20000,0.0
ITM-001254,ORD-00721,PROD-008,2,280000,175000,0.0
ITM-001255,ORD-00722,PROD-020,1,65000,32000,0.1
ITM-001256,ORD-00722,PROD-004,1,120000,70000,0.0
ITM-001257,ORD-00722,PROD-003,3,350000,210000,0.0
ITM-001258,ORD-00722,PROD-021,1,85000,42000,0.0
ITM-001259,ORD-00723,PROD-005,1,1800000,1350000,0.0
ITM-001260,ORD-00723,PROD-009,1,250000,140000,0.0
ITM-001261,ORD-00724,PROD-006,3,35000,15000,0.0
ITM-001262,ORD-00724,PROD-017,2,50000,22000,0.0
ITM-001263,ORD-00724,PROD-013,1,220000,125000,0.05
ITM-001264,ORD-00725,PROD-001,3,150000,95000,0.0
ITM-001265,ORD-00726,PROD-006,1,35000,15000,0.0
ITM-001266,ORD-00727,PROD-015,1,135000,70000,0.05
ITM-001267,ORD-00727,PROD-009,1,250000,140000,0.1
ITM-001268,ORD-00727,PROD-002,2,450000,280000,0.05
ITM-001269,ORD-00728,PROD-019,1,110000,60000,0.0
ITM-001270,ORD-00729,PROD-003,1,350000,210000,0.05
ITM-001271,ORD-00729,PROD-019,1,110000,60000,0.0
ITM-001272,ORD-00729,PROD-023,1,45000,20000,0.0
ITM-001273,ORD-00730,PROD-019,1,110000,60000,0.0
ITM-001274,ORD-00730,PROD-011,1,75000,35000,0.1
ITM-001275,ORD-00730,PROD-006,2,35000,15000,0.05
ITM-001276,ORD-00731,PROD-006,2,35000,15000,0.0
ITM-001277,ORD-00731,PROD-008,1,280000,175000,0.0
ITM-001278,ORD-00732,PROD-002,2,450000,280000,0.05
ITM-001279,ORD-00733,PROD-024,1,36000,18000,0.05
ITM-001280,ORD-00733,PROD-009,2,250000,140000,0.05
ITM-001281,ORD-00734,PROD-021,1,85000,42000,0.0
ITM-001282,ORD-00735,PROD-011,1,75000,35000,0.0
ITM-001283,ORD-00735,PROD-014,1,185000,100000,0.0
ITM-001284,ORD-00735,PROD-006,1,35000,15000,0.1
ITM-001285,ORD-00736,PROD-020,1,65000,32000,0.0
ITM-001286,ORD-00737,PROD-020,3,65000,32000,0.0
ITM-001287,ORD-00738,PROD-013,1,220000,125000,0.0
ITM-001288,ORD-00739,PROD-006,1,35000,15000,0.0
ITM-001289,ORD-00739,PROD-012,1,165000,90000,0.05
ITM-001290,ORD-00740,PROD-013,1,220000,125000,0.0
ITM-001291,ORD-00741,PROD-016,1,175000,95000,0.0
ITM-001292,ORD-00741,PROD-020,1,65000,32000,0.0
ITM-001293,ORD-00742,PROD-022,1,125000,68000,0.1
ITM-001294,ORD-00742,PROD-009,2,250000,140000,0.0
ITM-001295,ORD-00743,PROD-025,1,95000,50000,0.05
ITM-001296,ORD-00744,PROD-024,2,36000,18000,0.15
ITM-001297,ORD-00744,PROD-025,1,95000,50000,0.0
ITM-001298,ORD-00745,PROD-021,2,85000,42000,0.0
ITM-001299,ORD-00746,PROD-002,5,450000,280000,0.0
ITM-001300,ORD-00746,PROD-021,5,85000,42000,0.0
ITM-001301,ORD-00747,PROD-010,1,85000,45000,0.0
ITM-001302,ORD-00747,PROD-023,1,45000,20000,0.0
ITM-001303,ORD-00747,PROD-007,1,200000,120000,0.0
ITM-001304,ORD-00748,PROD-025,1,95000,50000,0.0
ITM-001305,ORD-00748,PROD-001,1,150000,95000,0.0
ITM-001306,ORD-00749,PROD-019,1,110000,60000,0.05
ITM-001307,ORD-00750,PROD-021,1,85000,42000,0.0
ITM-001308,ORD-00751,PROD-014,3,185000,100000,0.05
ITM-001309,ORD-00751,PROD-007,2,200000,120000,0.1
ITM-001310,ORD-00752,PROD-023,1,45000,20000,0.0
ITM-001311,ORD-00752,PROD-008,1,280000,175000,0.0
ITM-001312,ORD-00752,PROD-011,1,75000,35000,0.0
ITM-001313,ORD-00753,PROD-008,2,280000,175000,0.1
ITM-001314,ORD-00754,PROD-022,1,125000,68000,0.1
ITM-001315,ORD-00755,PROD-011,1,75000,35000,0.0
ITM-001316,ORD-00756,PROD-009,1,250000,140000,0.0
ITM-001317,ORD-00756,PROD-012,1,165000,90000,0.0
ITM-001318,ORD-00757,PROD-014,1,185000,100000,0.0
ITM-001319,ORD-00757,PROD-019,1,110000,60000,0.0
ITM-001320,ORD-00758,PROD-017,1,50000,22000,0.05
ITM-001321,ORD-00758,PROD-015,2,135000,70000,0.0
ITM-001322,ORD-00758,PROD-002,1,450000,280000,0.2
ITM-001323,ORD-00759,PROD-019,2,110000,60000,0.0
ITM-001324,ORD-00760,PROD-015,1,135000,70000,0.15
ITM-001325,ORD-00760,PROD-002,1,450000,280000,0.0
ITM-001326,ORD-00761,PROD-004,2,120000,70000,0.0
ITM-001327,ORD-00762,PROD-020,3,65000,32000,0.0
ITM-001328,ORD-00762,PROD-021,5,85000,42000,0.0
ITM-001329,ORD-00763,PROD-013,1,220000,125000,0.0
ITM-001330,ORD-00764,PROD-025,1,95000,50000,0.05
ITM-001331,ORD-00765,PROD-023,1,45000,20000,0.0
ITM-001332,ORD-00765,PROD-014,3,185000,100000,0.0
ITM-001333,ORD-00766,PROD-006,1,35000,15000,0.0
ITM-001334,ORD-00767,PROD-009,2,250000,140000,0.1
ITM-001335,ORD-00767,PROD-023,2,45000,20000,0.0
ITM-001336,ORD-00768,PROD-014,2,185000,100000,0.0
ITM-001337,ORD-00768,PROD-018,1,95000,48000,0.0
ITM-001338,ORD-00768,PROD-008,1,280000,175000,0.0
ITM-001339,ORD-00769,PROD-013,2,220000,125000,0.0
ITM-001340,ORD-00770,PROD-006,1,35000,15000,0.0
ITM-001341,ORD-00770,PROD-019,1,110000,60000,0.0
ITM-001342,ORD-00771,PROD-016,1,175000,95000,0.0
ITM-001343,ORD-00771,PROD-003,2,350000,210000,0.05
ITM-001344,ORD-00771,PROD-015,2,135000,70000,0.0
ITM-001345,ORD-00772,PROD-009,2,250000,140000,0.05
ITM-001346,ORD-00773,PROD-010,3,85000,45000,0.0
ITM-001347,ORD-00773,PROD-006,2,35000,15000,0.0
ITM-001348,ORD-00773,PROD-024,2,36000,18000,0.2
ITM-001349,ORD-00774,PROD-007,1,200000,120000,0.0
ITM-001350,ORD-00774,PROD-006,1,35000,15000,0.0
ITM-001351,ORD-00774,PROD-017,1,50000,22000,0.0
ITM-001352,ORD-00774,PROD-018,1,95000,48000,0.15
ITM-001353,ORD-00775,PROD-023,1,45000,20000,0.0
ITM-001354,ORD-00775,PROD-025,1,95000,50000,0.1
ITM-001355,ORD-00775,PROD-020,1,65000,32000,0.05
ITM-001356,ORD-00776,PROD-008,1,280000,175000,0.0
ITM-001357,ORD-00777,PROD-012,1,165000,90000,0.05
ITM-001358,ORD-00778,PROD-015,1,135000,70000,0.0
ITM-001359,ORD-00778,PROD-002,1,450000,280000,0.0
ITM-001360,ORD-00779,PROD-023,1,45000,20000,0.1
ITM-001361,ORD-00779,PROD-016,1,175000,95000,0.2
ITM-001362,ORD-00780,PROD-010,1,85000,45000,0.05
ITM-001363,ORD-00780,PROD-015,1,135000,70000,0.0
ITM-001364,ORD-00781,PROD-016,1,175000,95000,0.05
ITM-001365,ORD-00781,PROD-012,5,165000,90000,0.0
ITM-001366,ORD-00781,PROD-004,1,120000,70000,0.0
ITM-001367,ORD-00782,PROD-025,1,95000,50000,0.0
ITM-001368,ORD-00783,PROD-013,1,220000,125000,0.0
ITM-001369,ORD-00783,PROD-014,1,185000,100000,0.05
ITM-001370,ORD-00784,PROD-004,3,120000,70000,0.05
ITM-001371,ORD-00785,PROD-017,2,50000,22000,0.05
ITM-001372,ORD-00786,PROD-017,1,50000,22000,0.0
ITM-001373,ORD-00786,PROD-008,2,280000,175000,0.0
ITM-001374,ORD-00787,PROD-011,3,75000,35000,0.0
ITM-001375,ORD-00787,PROD-017,1,50000,22000,0.1
ITM-001376,ORD-00787,PROD-020,1,65000,32000,0.05
ITM-001377,ORD-00788,PROD-003,1,350000,210000,0.05
ITM-001378,ORD-00789,PROD-001,2,150000,95000,0.1
ITM-001379,ORD-00789,PROD-024,1,36000,18000,0.15
ITM-001380,ORD-00789,PROD-018,1,95000,48000,0.0
ITM-001381,ORD-00790,PROD-008,2,280000,175000,0.0
ITM-001382,ORD-00791,PROD-011,2,75000,35000,0.0
ITM-001383,ORD-00792,PROD-002,2,450000,280000,0.05
ITM-001384,ORD-00793,PROD-006,2,35000,15000,0.0
ITM-001385,ORD-00794,PROD-025,2,95000,50000,0.05
ITM-001386,ORD-00795,PROD-012,2,165000,90000,0.0
ITM-001387,ORD-00796,PROD-011,2,75000,35000,0.05
ITM-001388,ORD-00797,PROD-005,1,1800000,1350000,0.0
ITM-001389,ORD-00798,PROD-021,1,85000,42000,0.0
ITM-001390,ORD-00798,PROD-020,2,65000,32000,0.0
ITM-001391,ORD-00799,PROD-007,5,200000,120000,0.15
ITM-001392,ORD-00799,PROD-022,2,125000,68000,0.05
ITM-001393,ORD-00800,PROD-010,2,85000,45000,0.1
ITM-001394,ORD-00800,PROD-009,1,250000,140000,0.0
ITM-001395,ORD-00801,PROD-016,1,175000,95000,0.0
ITM-001396,ORD-00801,PROD-004,2,120000,70000,0.1
ITM-001397,ORD-00801,PROD-011,2,75000,35000,0.15
ITM-001398,ORD-00802,PROD-008,2,280000,175000,0.0
ITM-001399,ORD-00803,PROD-010,2,85000,45000,0.15
ITM-001400,ORD-00803,PROD-004,3,120000,70000,0.0
ITM-001401,ORD-00804,PROD-006,1,35000,15000,0.0
ITM-001402,ORD-00804,PROD-016,2,175000,95000,0.1
ITM-001403,ORD-00804,PROD-005,3,1800000,1350000,0.2
ITM-001404,ORD-00805,PROD-009,1,250000,140000,0.15
ITM-001405,ORD-00806,PROD-007,1,200000,120000,0.0
ITM-001406,ORD-00807,PROD-009,1,250000,140000,0.15
ITM-001407,ORD-00807,PROD-018,2,95000,48000,0.0
ITM-001408,ORD-00808,PROD-024,2,36000,18000,0.0
ITM-001409,ORD-00809,PROD-021,1,85000,42000,0.1
ITM-001410,ORD-00810,PROD-004,1,120000,70000,0.1
ITM-001411,ORD-00811,PROD-005,1,1800000,1350000,0.05
ITM-001412,ORD-00811,PROD-020,1,65000,32000,0.0
ITM-001413,ORD-00812,PROD-025,1,95000,50000,0.0
ITM-001414,ORD-00812,PROD-004,1,120000,70000,0.0
ITM-001415,ORD-00812,PROD-003,2,350000,210000,0.05
ITM-001416,ORD-00813,PROD-023,1,45000,20000,0.0
ITM-001417,ORD-00813,PROD-003,1,350000,210000,0.0
ITM-001418,ORD-00814,PROD-009,1,250000,140000,0.0
ITM-001419,ORD-00815,PROD-021,2,85000,42000,0.0
ITM-001420,ORD-00816,PROD-011,1,75000,35000,0.0
ITM-001421,ORD-00816,PROD-008,1,280000,175000,0.0
ITM-001422,ORD-00817,PROD-008,1,280000,175000,0.05
ITM-001423,ORD-00818,PROD-007,1,200000,120000,0.0
ITM-001424,ORD-00818,PROD-001,1,150000,95000,0.0
ITM-001425,ORD-00819,PROD-012,3,165000,90000,0.0
ITM-001426,ORD-00820,PROD-008,2,280000,175000,0.1
ITM-001427,ORD-00820,PROD-011,1,75000,35000,0.05
ITM-001428,ORD-00821,PROD-005,1,1800000,1350000,0.0
ITM-001429,ORD-00821,PROD-015,1,135000,70000,0.05
ITM-001430,ORD-00822,PROD-004,1,120000,70000,0.0
ITM-001431,ORD-00823,PROD-009,5,250000,140000,0.05
ITM-001432,ORD-00823,PROD-004,5,120000,70000,0.0
ITM-001433,ORD-00823,PROD-011,1,75000,35000,0.0
ITM-001434,ORD-00824,PROD-009,2,250000,140000,0.0
ITM-001435,ORD-00824,PROD-024,2,36000,18000,0.05
ITM-001436,ORD-00825,PROD-016,5,175000,95000,0.0
ITM-001437,ORD-00825,PROD-011,1,75000,35000,0.1
ITM-001438,ORD-00826,PROD-022,1,125000,68000,0.05
ITM-001439,ORD-00827,PROD-012,5,165000,90000,0.0
ITM-001440,ORD-00827,PROD-006,5,35000,15000,0.2
ITM-001441,ORD-00828,PROD-024,1,36000,18000,0.05
ITM-001442,ORD-00828,PROD-011,1,75000,35000,0.0
ITM-001443,ORD-00828,PROD-022,2,125000,68000,0.15
ITM-001444,ORD-00828,PROD-021,1,85000,42000,0.0
ITM-001445,ORD-00829,PROD-006,1,35000,15000,0.15
ITM-001446,ORD-00830,PROD-025,2,95000,50000,0.0
ITM-001447,ORD-00831,PROD-021,1,85000,42000,0.0
ITM-001448,ORD-00831,PROD-015,1,135000,70000,0.0
ITM-001449,ORD-00831,PROD-006,1,35000,15000,0.0
ITM-001450,ORD-00832,PROD-015,3,135000,70000,0.0
ITM-001451,ORD-00833,PROD-023,1,45000,20000,0.0
ITM-001452,ORD-00834,PROD-023,1,45000,20000,0.1
ITM-001453,ORD-00835,PROD-019,1,110000,60000,0.0
ITM-001454,ORD-00835,PROD-006,2,35000,15000,0.2
ITM-001455,ORD-00836,PROD-019,3,110000,60000,0.05
ITM-001456,ORD-00837,PROD-025,5,95000,50000,0.0
ITM-001457,ORD-00837,PROD-001,2,150000,95000,0.0
ITM-001458,ORD-00838,PROD-016,1,175000,95000,0.05
ITM-001459,ORD-00838,PROD-020,5,65000,32000,0.1
ITM-001460,ORD-00839,PROD-001,3,150000,95000,0.0
ITM-001461,ORD-00840,PROD-020,3,65000,32000,0.0
ITM-001462,ORD-00840,PROD-022,1,125000,68000,0.0
ITM-001463,ORD-00840,PROD-025,3,95000,50000,0.0
ITM-001464,ORD-00841,PROD-002,1,450000,280000,0.0
ITM-001465,ORD-00842,PROD-009,1,250000,140000,0.05
ITM-001466,ORD-00843,PROD-010,1,85000,45000,0.1
ITM-001467,ORD-00843,PROD-003,2,350000,210000,0.0
ITM-001468,ORD-00844,PROD-010,1,85000,45000,0.0
ITM-001469,ORD-00845,PROD-008,1,280000,175000,0.05
ITM-001470,ORD-00846,PROD-006,2,35000,15000,0.15
ITM-001471,ORD-00847,PROD-004,1,120000,70000,0.0
ITM-001472,ORD-00847,PROD-021,2,85000,42000,0.15
ITM-001473,ORD-00848,PROD-011,2,75000,35000,0.0
ITM-001474,ORD-00848,PROD-004,1,120000,70000,0.0
ITM-001475,ORD-00849,PROD-020,1,65000,32000,0.1
ITM-001476,ORD-00850,PROD-016,2,175000,95000,0.0
ITM-001477,ORD-00850,PROD-022,1,125000,68000,0.0
ITM-001478,ORD-00851,PROD-001,1,150000,95000,0.0
ITM-001479,ORD-00852,PROD-020,5,65000,32000,0.05
ITM-001480,ORD-00852,PROD-013,1,220000,125000,0.1
ITM-001481,ORD-00853,PROD-010,5,85000,45000,0.0
ITM-001482,ORD-00853,PROD-018,1,95000,48000,0.0
ITM-001483,ORD-00854,PROD-010,3,85000,45000,0.05
ITM-001484,ORD-00854,PROD-017,1,50000,22000,0.0
ITM-001485,ORD-00855,PROD-008,1,280000,175000,0.1
ITM-001486,ORD-00855,PROD-014,5,185000,100000,0.0
ITM-001487,ORD-00855,PROD-017,2,50000,22000,0.0
ITM-001488,ORD-00855,PROD-006,1,35000,15000,0.0
ITM-001489,ORD-00856,PROD-023,1,45000,20000,0.05
ITM-001490,ORD-00857,PROD-018,1,95000,48000,0.05
ITM-001491,ORD-00857,PROD-008,2,280000,175000,0.05
ITM-001492,ORD-00857,PROD-007,2,200000,120000,0.0
ITM-001493,ORD-00858,PROD-020,1,65000,32000,0.05
ITM-001494,ORD-00859,PROD-012,2,165000,90000,0.05
ITM-001495,ORD-00859,PROD-010,5,85000,45000,0.1
ITM-001496,ORD-00860,PROD-009,1,250000,140000,0.0
ITM-001497,ORD-00860,PROD-007,2,200000,120000,0.0
ITM-001498,ORD-00860,PROD-011,1,75000,35000,0.0
ITM-001499,ORD-00861,PROD-003,2,350000,210000,0.0
ITM-001500,ORD-00861,PROD-001,3,150000,95000,0.1
ITM-001501,ORD-00862,PROD-016,5,175000,95000,0.0
ITM-001502,ORD-00862,PROD-023,2,45000,20000,0.0
ITM-001503,ORD-00863,PROD-023,2,45000,20000,0.0
ITM-001504,ORD-00864,PROD-025,1,95000,50000,0.0
ITM-001505,ORD-00864,PROD-004,1,120000,70000,0.0
ITM-001506,ORD-00865,PROD-022,1,125000,68000,0.0
ITM-001507,ORD-00865,PROD-025,2,95000,50000,0.0
ITM-001508,ORD-00866,PROD-022,2,125000,68000,0.0
ITM-001509,ORD-00866,PROD-011,1,75000,35000,0.0
ITM-001510,ORD-00867,PROD-017,2,50000,22000,0.1
ITM-001511,ORD-00868,PROD-019,2,110000,60000,0.1
ITM-001512,ORD-00868,PROD-009,2,250000,140000,0.0
ITM-001513,ORD-00869,PROD-023,2,45000,20000,0.0
ITM-001514,ORD-00870,PROD-007,5,200000,120000,0.0
ITM-001515,ORD-00870,PROD-018,3,95000,48000,0.05
ITM-001516,ORD-00870,PROD-010,1,85000,45000,0.0
ITM-001517,ORD-00871,PROD-018,1,95000,48000,0.0
ITM-001518,ORD-00872,PROD-007,3,200000,120000,0.0
ITM-001519,ORD-00873,PROD-022,1,125000,68000,0.0
ITM-001520,ORD-00874,PROD-020,1,65000,32000,0.1
ITM-001521,ORD-00875,PROD-023,2,45000,20000,0.0
ITM-001522,ORD-00876,PROD-013,2,220000,125000,0.05
ITM-001523,ORD-00877,PROD-005,3,1800000,1350000,0.05
ITM-001524,ORD-00878,PROD-003,1,350000,210000,0.1
ITM-001525,ORD-00878,PROD-013,1,220000,125000,0.05
ITM-001526,ORD-00878,PROD-007,1,200000,120000,0.05
ITM-001527,ORD-00879,PROD-003,1,350000,210000,0.0
ITM-001528,ORD-00880,PROD-017,1,50000,22000,0.05
ITM-001529,ORD-00881,PROD-022,1,125000,68000,0.15
ITM-001530,ORD-00882,PROD-023,1,45000,20000,0.0
ITM-001531,ORD-00883,PROD-016,1,175000,95000,0.05
ITM-001532,ORD-00884,PROD-020,3,65000,32000,0.1
ITM-001533,ORD-00885,PROD-015,1,135000,70000,0.2
ITM-001534,ORD-00885,PROD-006,1,35000,15000,0.1
ITM-001535,ORD-00886,PROD-012,2,165000,90000,0.2
ITM-001536,ORD-00887,PROD-013,1,220000,125000,0.0
ITM-001537,ORD-00888,PROD-002,3,450000,280000,0.0
ITM-001538,ORD-00888,PROD-010,1,85000,45000,0.15
ITM-001539,ORD-00889,PROD-016,2,175000,95000,0.0
ITM-001540,ORD-00889,PROD-001,2,150000,95000,0.0
ITM-001541,ORD-00890,PROD-021,1,85000,42000,0.0
ITM-001542,ORD-00891,PROD-020,1,65000,32000,0.2
ITM-001543,ORD-00891,PROD-014,2,185000,100000,0.0
ITM-001544,ORD-00891,PROD-003,1,350000,210000,0.05
ITM-001545,ORD-00892,PROD-014,1,185000,100000,0.05
ITM-001546,ORD-00893,PROD-021,1,85000,42000,0.0
ITM-001547,ORD-00893,PROD-011,1,75000,35000,0.1
ITM-001548,ORD-00894,PROD-021,1,85000,42000,0.0
ITM-001549,ORD-00894,PROD-019,1,110000,60000,0.05
ITM-001550,ORD-00895,PROD-010,2,85000,45000,0.0
ITM-001551,ORD-00895,PROD-007,1,200000,120000,0.0
ITM-001552,ORD-00895,PROD-008,5,280000,175000,0.0
ITM-001553,ORD-00896,PROD-016,3,175000,95000,0.0
ITM-001554,ORD-00896,PROD-014,3,185000,100000,0.0
ITM-001555,ORD-00896,PROD-020,2,65000,32000,0.05
ITM-001556,ORD-00897,PROD-011,1,75000,35000,0.0
ITM-001557,ORD-00898,PROD-003,2,350000,210000,0.05
ITM-001558,ORD-00898,PROD-016,1,175000,95000,0.0
ITM-001559,ORD-00899,PROD-023,2,45000,20000,0.0
ITM-001560,ORD-00900,PROD-025,1,95000,50000,0.0
ITM-001561,ORD-00901,PROD-017,1,50000,22000,0.0
ITM-001562,ORD-00902,PROD-003,2,350000,210000,0.05
ITM-001563,ORD-00903,PROD-023,5,45000,20000,0.0
ITM-001564,ORD-00904,PROD-001,5,150000,95000,0.0
ITM-001565,ORD-00905,PROD-007,1,200000,120000,0.05
ITM-001566,ORD-00905,PROD-003,2,350000,210000,0.15
ITM-001567,ORD-00905,PROD-021,2,85000,42000,0.0
ITM-001568,ORD-00905,PROD-019,2,110000,60000,0.0
ITM-001569,ORD-00906,PROD-001,1,150000,95000,0.05
ITM-001570,ORD-00906,PROD-010,1,85000,45000,0.0
ITM-001571,ORD-00907,PROD-022,1,125000,68000,0.0
ITM-001572,ORD-00908,PROD-014,1,185000,100000,0.0
ITM-001573,ORD-00908,PROD-013,2,220000,125000,0.2
ITM-001574,ORD-00908,PROD-020,1,65000,32000,0.0
ITM-001575,ORD-00909,PROD-007,1,200000,120000,0.0
ITM-001576,ORD-00910,PROD-022,1,125000,68000,0.0
ITM-001577,ORD-00910,PROD-012,1,165000,90000,0.05
ITM-001578,ORD-00911,PROD-022,2,125000,68000,0.0
ITM-001579,ORD-00911,PROD-006,1,35000,15000,0.0
ITM-001580,ORD-00912,PROD-020,2,65000,32000,0.0
ITM-001581,ORD-00912,PROD-013,1,220000,125000,0.0
ITM-001582,ORD-00912,PROD-017,1,50000,22000,0.0
ITM-001583,ORD-00913,PROD-010,1,85000,45000,0.0
ITM-001584,ORD-00913,PROD-019,1,110000,60000,0.0
ITM-001585,ORD-00914,PROD-004,1,120000,70000,0.0
ITM-001586,ORD-00914,PROD-002,2,450000,280000,0.0
ITM-001587,ORD-00915,PROD-015,1,135000,70000,0.0
ITM-001588,ORD-00915,PROD-012,2,165000,90000,0.1
ITM-001589,ORD-00915,PROD-020,1,65000,32000,0.0
ITM-001590,ORD-00916,PROD-020,1,65000,32000,0.05
ITM-001591,ORD-00916,PROD-019,3,110000,60000,0.0
ITM-001592,ORD-00917,PROD-025,2,95000,50000,0.0
ITM-001593,ORD-00917,PROD-005,2,1800000,1350000,0.05
ITM-001594,ORD-00918,PROD-015,1,135000,70000,0.1
ITM-001595,ORD-00918,PROD-017,2,50000,22000,0.0
ITM-001596,ORD-00919,PROD-024,2,36000,18000,0.0
ITM-001597,ORD-00919,PROD-009,1,250000,140000,0.0
ITM-001598,ORD-00920,PROD-010,5,85000,45000,0.0
ITM-001599,ORD-00921,PROD-004,1,120000,70000,0.1
ITM-001600,ORD-00922,PROD-016,2,175000,95000,0.0
ITM-001601,ORD-00923,PROD-018,1,95000,48000,0.0
ITM-001602,ORD-00923,PROD-024,1,36000,18000,0.1
ITM-001603,ORD-00924,PROD-015,3,135000,70000,0.0
ITM-001604,ORD-00924,PROD-009,3,250000,140000,0.0
ITM-001605,ORD-00924,PROD-019,1,110000,60000,0.0
ITM-001606,ORD-00925,PROD-010,1,85000,45000,0.05
ITM-001607,ORD-00926,PROD-011,1,75000,35000,0.0
ITM-001608,ORD-00926,PROD-021,3,85000,42000,0.05
ITM-001609,ORD-00926,PROD-012,1,165000,90000,0.0
ITM-001610,ORD-00927,PROD-025,3,95000,50000,0.05
ITM-001611,ORD-00927,PROD-007,1,200000,120000,0.0
ITM-001612,ORD-00928,PROD-019,1,110000,60000,0.1
ITM-001613,ORD-00928,PROD-009,3,250000,140000,0.0
ITM-001614,ORD-00928,PROD-016,3,175000,95000,0.1
ITM-001615,ORD-00929,PROD-020,1,65000,32000,0.05
ITM-001616,ORD-00930,PROD-022,2,125000,68000,0.0
ITM-001617,ORD-00930,PROD-018,2,95000,48000,0.1
ITM-001618,ORD-00930,PROD-005,2,1800000,1350000,0.0
ITM-001619,ORD-00931,PROD-024,5,36000,18000,0.15
ITM-001620,ORD-00932,PROD-006,1,35000,15000,0.05
ITM-001621,ORD-00932,PROD-002,2,450000,280000,0.2
ITM-001622,ORD-00933,PROD-020,3,65000,32000,0.0
ITM-001623,ORD-00934,PROD-018,2,95000,48000,0.0
ITM-001624,ORD-00934,PROD-008,1,280000,175000,0.05
ITM-001625,ORD-00935,PROD-015,1,135000,70000,0.05
ITM-001626,ORD-00935,PROD-002,1,450000,280000,0.05
ITM-001627,ORD-00936,PROD-007,1,200000,120000,0.05
ITM-001628,ORD-00936,PROD-025,1,95000,50000,0.05
ITM-001629,ORD-00936,PROD-011,2,75000,35000,0.0
ITM-001630,ORD-00937,PROD-018,2,95000,48000,0.0
ITM-001631,ORD-00938,PROD-019,2,110000,60000,0.0
ITM-001632,ORD-00939,PROD-025,1,95000,50000,0.15
ITM-001633,ORD-00939,PROD-018,2,95000,48000,0.0
ITM-001634,ORD-00939,PROD-002,1,450000,280000,0.05
ITM-001635,ORD-00939,PROD-007,2,200000,120000,0.1
ITM-001636,ORD-00940,PROD-016,2,175000,95000,0.0
ITM-001637,ORD-00941,PROD-020,3,65000,32000,0.0
ITM-001638,ORD-00942,PROD-010,1,85000,45000,0.0
ITM-001639,ORD-00943,PROD-016,5,175000,95000,0.2
ITM-001640,ORD-00944,PROD-006,1,35000,15000,0.0
ITM-001641,ORD-00945,PROD-017,2,50000,22000,0.0
ITM-001642,ORD-00946,PROD-013,3,220000,125000,0.05
ITM-001643,ORD-00946,PROD-019,1,110000,60000,0.0
ITM-001644,ORD-00947,PROD-025,2,95000,50000,0.0
ITM-001645,ORD-00947,PROD-003,3,350000,210000,0.0
ITM-001646,ORD-00948,PROD-004,1,120000,70000,0.0
ITM-001647,ORD-00949,PROD-024,1,36000,18000,0.0
ITM-001648,ORD-00950,PROD-019,5,110000,60000,0.05
ITM-001649,ORD-00950,PROD-021,2,85000,42000,0.0
ITM-001650,ORD-00950,PROD-016,1,175000,95000,0.15
ITM-001651,ORD-00951,PROD-012,1,165000,90000,0.0
ITM-001652,ORD-00951,PROD-001,2,150000,95000,0.05
ITM-001653,ORD-00951,PROD-004,1,120000,70000,0.05
ITM-001654,ORD-00952,PROD-020,1,65000,32000,0.1
ITM-001655,ORD-00953,PROD-024,1,36000,18000,0.05
ITM-001656,ORD-00954,PROD-010,1,85000,45000,0.05
ITM-001657,ORD-00954,PROD-002,1,450000,280000,0.0
ITM-001658,ORD-00955,PROD-016,1,175000,95000,0.05
ITM-001659,ORD-00956,PROD-012,5,165000,90000,0.2
ITM-001660,ORD-00956,PROD-018,1,95000,48000,0.0
ITM-001661,ORD-00956,PROD-006,2,35000,15000,0.0
ITM-001662,ORD-00957,PROD-025,2,95000,50000,0.0
ITM-001663,ORD-00957,PROD-007,2,200000,120000,0.1
ITM-001664,ORD-00958,PROD-023,1,45000,20000,0.05
ITM-001665,ORD-00959,PROD-024,2,36000,18000,0.0
ITM-001666,ORD-00959,PROD-002,1,450000,280000,0.05
ITM-001667,ORD-00959,PROD-014,5,185000,100000,0.15
ITM-001668,ORD-00959,PROD-025,3,95000,50000,0.0
ITM-001669,ORD-00960,PROD-004,1,120000,70000,0.0
ITM-001670,ORD-00961,PROD-014,5,185000,100000,0.0
ITM-001671,ORD-00961,PROD-018,5,95000,48000,0.1
ITM-001672,ORD-00962,PROD-008,3,280000,175000,0.0
ITM-001673,ORD-00963,PROD-013,1,220000,125000,0.0
ITM-001674,ORD-00963,PROD-008,1,280000,175000,0.05
ITM-001675,ORD-00964,PROD-015,1,135000,70000,0.05
ITM-001676,ORD-00965,PROD-024,1,36000,18000,0.0
ITM-001677,ORD-00965,PROD-013,1,220000,125000,0.15
ITM-001678,ORD-00965,PROD-019,2,110000,60000,0.2
ITM-001679,ORD-00966,PROD-001,1,150000,95000,0.05
ITM-001680,ORD-00966,PROD-015,3,135000,70000,0.2
ITM-001681,ORD-00967,PROD-021,1,85000,42000,0.0
ITM-001682,ORD-00968,PROD-012,3,165000,90000,0.0
ITM-001683,ORD-00968,PROD-009,1,250000,140000,0.1
ITM-001684,ORD-00969,PROD-007,2,200000,120000,0.0
ITM-001685,ORD-00969,PROD-014,1,185000,100000,0.0
ITM-001686,ORD-00969,PROD-020,1,65000,32000,0.0
ITM-001687,ORD-00970,PROD-017,1,50000,22000,0.2
ITM-001688,ORD-00970,PROD-009,1,250000,140000,0.0
ITM-001689,ORD-00971,PROD-007,2,200000,120000,0.0
ITM-001690,ORD-00971,PROD-019,1,110000,60000,0.1
ITM-001691,ORD-00971,PROD-006,1,35000,15000,0.0
ITM-001692,ORD-00972,PROD-022,5,125000,68000,0.0
ITM-001693,ORD-00973,PROD-009,1,250000,140000,0.0
ITM-001694,ORD-00973,PROD-021,1,85000,42000,0.0
ITM-001695,ORD-00974,PROD-012,1,165000,90000,0.1
ITM-001696,ORD-00974,PROD-019,2,110000,60000,0.0
ITM-001697,ORD-00975,PROD-022,1,125000,68000,0.0
ITM-001698,ORD-00975,PROD-023,1,45000,20000,0.0
ITM-001699,ORD-00975,PROD-004,1,120000,70000,0.1
ITM-001700,ORD-00976,PROD-012,2,165000,90000,0.0
ITM-001701,ORD-00976,PROD-008,2,280000,175000,0.05
ITM-001702,ORD-00977,PROD-009,2,250000,140000,0.15
ITM-001703,ORD-00977,PROD-003,2,350000,210000,0.05
ITM-001704,ORD-00978,PROD-001,3,150000,95000,0.0
ITM-001705,ORD-00978,PROD-007,1,200000,120000,0.05
ITM-001706,ORD-00979,PROD-024,1,36000,18000,0.05
ITM-001707,ORD-00980,PROD-002,1,450000,280000,0.0
ITM-001708,ORD-00980,PROD-024,2,36000,18000,0.0
ITM-001709,ORD-00981,PROD-017,1,50000,22000,0.0
ITM-001710,ORD-00981,PROD-008,1,280000,175000,0.1
ITM-001711,ORD-00981,PROD-010,1,85000,45000,0.0
ITM-001712,ORD-00981,PROD-024,1,36000,18000,0.0
ITM-001713,ORD-00982,PROD-023,5,45000,20000,0.05
ITM-001714,ORD-00983,PROD-019,2,110000,60000,0.0
ITM-001715,ORD-00983,PROD-014,2,185000,100000,0.05
ITM-001716,ORD-00984,PROD-003,1,350000,210000,0.0
ITM-001717,ORD-00984,PROD-011,2,75000,35000,0.0
ITM-001718,ORD-00985,PROD-017,3,50000,22000,0.0
ITM-001719,ORD-00985,PROD-001,2,150000,95000,0.0
ITM-001720,ORD-00985,PROD-002,1,450000,280000,0.0
ITM-001721,ORD-00985,PROD-011,1,75000,35000,0.0
ITM-001722,ORD-00986,PROD-016,2,175000,95000,0.0
ITM-001723,ORD-00986,PROD-004,1,120000,70000,0.1
ITM-001724,ORD-00986,PROD-020,2,65000,32000,0.0
ITM-001725,ORD-00987,PROD-013,1,220000,125000,0.0
ITM-001726,ORD-00987,PROD-001,2,150000,95000,0.0
ITM-001727,ORD-00987,PROD-012,2,165000,90000,0.0
ITM-001728,ORD-00988,PROD-011,1,75000,35000,0.0
ITM-001729,ORD-00989,PROD-013,1,220000,125000,0.05
ITM-001730,ORD-00990,PROD-004,3,120000,70000,0.0
ITM-001731,ORD-00991,PROD-004,2,120000,70000,0.0
ITM-001732,ORD-00992,PROD-022,2,125000,68000,0.0
ITM-001733,ORD-00993,PROD-018,1,95000,48000,0.0
ITM-001734,ORD-00994,PROD-009,1,250000,140000,0.1
ITM-001735,ORD-00995,PROD-007,3,200000,120000,0.05
ITM-001736,ORD-00996,PROD-020,1,65000,32000,0.05
ITM-001737,ORD-00997,PROD-021,2,85000,42000,0.0
ITM-001738,ORD-00997,PROD-020,1,65000,32000,0.0
ITM-001739,ORD-00997,PROD-015,1,135000,70000,0.0
ITM-001740,ORD-00998,PROD-019,1,110000,60000,0.0
ITM-001741,ORD-00999,PROD-004,3,120000,70000,0.0
ITM-001742,ORD-00999,PROD-017,1,50000,22000,0.0
ITM-001743,ORD-01000,PROD-007,1,200000,120000,0.0
ITM-001744,ORD-01001,PROD-007,2,200000,120000,0.0
ITM-001745,ORD-01001,PROD-001,3,150000,95000,0.1
ITM-001746,ORD-01001,PROD-016,3,175000,95000,0.05
ITM-001747,ORD-01002,PROD-020,2,65000,32000,0.05
ITM-001748,ORD-01002,PROD-012,2,165000,90000,0.0
ITM-001749,ORD-01003,PROD-016,1,175000,95000,0.1
ITM-001750,ORD-01003,PROD-010,1,85000,45000,0.0
ITM-001751,ORD-01004,PROD-020,1,65000,32000,0.05
ITM-001752,ORD-01004,PROD-014,1,185000,100000,0.0
ITM-001753,ORD-01005,PROD-011,2,75000,35000,0.1
ITM-001754,ORD-01005,PROD-005,3,1800000,1350000,0.0
ITM-001755,ORD-01005,PROD-015,1,135000,70000,0.0
ITM-001756,ORD-01006,PROD-021,1,85000,42000,0.0
ITM-001757,ORD-01006,PROD-009,1,250000,140000,0.05
ITM-001758,ORD-01007,PROD-024,2,36000,18000,0.1
ITM-001759,ORD-01008,PROD-007,1,200000,120000,0.0
ITM-001760,ORD-01009,PROD-025,3,95000,50000,0.05
ITM-001761,ORD-01009,PROD-016,3,175000,95000,0.0
ITM-001762,ORD-01009,PROD-022,2,125000,68000,0.05
ITM-001763,ORD-01010,PROD-011,1,75000,35000,0.0
ITM-001764,ORD-01010,PROD-003,3,350000,210000,0.1
ITM-001765,ORD-01011,PROD-020,5,65000,32000,0.0
ITM-001766,ORD-01011,PROD-007,3,200000,120000,0.0
ITM-001767,ORD-01012,PROD-013,2,220000,125000,0.0
ITM-001768,ORD-01012,PROD-007,1,200000,120000,0.0
ITM-001769,ORD-01012,PROD-006,1,35000,15000,0.0
ITM-001770,ORD-01012,PROD-020,1,65000,32000,0.0
ITM-001771,ORD-01013,PROD-014,1,185000,100000,0.05
ITM-001772,ORD-01013,PROD-020,1,65000,32000,0.0
ITM-001773,ORD-01014,PROD-007,1,200000,120000,0.05
ITM-001774,ORD-01015,PROD-002,2,450000,280000,0.15
ITM-001775,ORD-01016,PROD-023,1,45000,20000,0.0
ITM-001776,ORD-01016,PROD-015,3,135000,70000,0.0
ITM-001777,ORD-01017,PROD-025,1,95000,50000,0.0
ITM-001778,ORD-01017,PROD-020,1,65000,32000,0.0
ITM-001779,ORD-01018,PROD-007,2,200000,120000,0.05
ITM-001780,ORD-01018,PROD-006,3,35000,15000,0.0
ITM-001781,ORD-01018,PROD-014,3,185000,100000,0.0
ITM-001782,ORD-01018,PROD-003,3,350000,210000,0.0
ITM-001783,ORD-01019,PROD-002,1,450000,280000,0.0
ITM-001784,ORD-01020,PROD-011,1,75000,35000,0.0
ITM-001785,ORD-01021,PROD-001,1,150000,95000,0.0
ITM-001786,ORD-01021,PROD-012,2,165000,90000,0.1
ITM-001787,ORD-01021,PROD-014,1,185000,100000,0.1
ITM-001788,ORD-01022,PROD-007,1,200000,120000,0.0
ITM-001789,ORD-01023,PROD-001,1,150000,95000,0.0
ITM-001790,ORD-01024,PROD-020,1,65000,32000,0.0
ITM-001791,ORD-01025,PROD-017,2,50000,22000,0.0
ITM-001792,ORD-01026,PROD-022,1,125000,68000,0.0
ITM-001793,ORD-01026,PROD-002,2,450000,280000,0.0
ITM-001794,ORD-01027,PROD-022,2,125000,68000,0.15
ITM-001795,ORD-01028,PROD-023,2,45000,20000,0.05
ITM-001796,ORD-01029,PROD-012,1,165000,90000,0.0
ITM-001797,ORD-01029,PROD-003,1,350000,210000,0.05
ITM-001798,ORD-01029,PROD-009,1,250000,140000,0.05
ITM-001799,ORD-01030,PROD-024,1,36000,18000,0.05
ITM-001800,ORD-01030,PROD-002,1,450000,280000,0.2
ITM-001801,ORD-01030,PROD-020,1,65000,32000,0.0
ITM-001802,ORD-01031,PROD-009,1,250000,140000,0.0
ITM-001803,ORD-01031,PROD-020,1,65000,32000,0.1
ITM-001804,ORD-01031,PROD-022,2,125000,68000,0.1
ITM-001805,ORD-01032,PROD-005,1,1800000,1350000,0.0
ITM-001806,ORD-01032,PROD-006,2,35000,15000,0.05
ITM-001807,ORD-01033,PROD-013,5,220000,125000,0.0
ITM-001808,ORD-01034,PROD-006,3,35000,15000,0.0
ITM-001809,ORD-01035,PROD-012,1,165000,90000,0.1
ITM-001810,ORD-01035,PROD-014,1,185000,100000,0.0
ITM-001811,ORD-01036,PROD-017,2,50000,22000,0.05
ITM-001812,ORD-01037,PROD-001,1,150000,95000,0.0
ITM-001813,ORD-01037,PROD-024,1,36000,18000,0.0
ITM-001814,ORD-01037,PROD-020,1,65000,32000,0.0
ITM-001815,ORD-01037,PROD-007,5,200000,120000,0.05
ITM-001816,ORD-01038,PROD-024,3,36000,18000,0.0
ITM-001817,ORD-01038,PROD-010,5,85000,45000,0.2
ITM-001818,ORD-01038,PROD-004,2,120000,70000,0.0
ITM-001819,ORD-01039,PROD-013,2,220000,125000,0.1
ITM-001820,ORD-01039,PROD-019,2,110000,60000,0.0
ITM-001821,ORD-01039,PROD-005,2,1800000,1350000,0.0
ITM-001822,ORD-01040,PROD-009,1,250000,140000,0.0
ITM-001823,ORD-01041,PROD-007,1,200000,120000,0.0
ITM-001824,ORD-01042,PROD-013,2,220000,125000,0.15
ITM-001825,ORD-01042,PROD-006,1,35000,15000,0.2
ITM-001826,ORD-01042,PROD-020,1,65000,32000,0.0
ITM-001827,ORD-01043,PROD-006,1,35000,15000,0.05
ITM-001828,ORD-01044,PROD-009,3,250000,140000,0.1
ITM-001829,ORD-01044,PROD-021,1,85000,42000,0.1
ITM-001830,ORD-01045,PROD-024,2,36000,18000,0.05
ITM-001831,ORD-01045,PROD-023,1,45000,20000,0.0
ITM-001832,ORD-01045,PROD-003,2,350000,210000,0.05
ITM-001833,ORD-01046,PROD-017,2,50000,22000,0.05
ITM-001834,ORD-01046,PROD-007,1,200000,120000,0.0
ITM-001835,ORD-01047,PROD-010,1,85000,45000,0.1
ITM-001836,ORD-01047,PROD-015,1,135000,70000,0.0
ITM-001837,ORD-01048,PROD-005,1,1800000,1350000,0.0
ITM-001838,ORD-01048,PROD-025,1,95000,50000,0.05
ITM-001839,ORD-01049,PROD-019,2,110000,60000,0.0
ITM-001840,ORD-01049,PROD-012,1,165000,90000,0.1
ITM-001841,ORD-01050,PROD-022,1,125000,68000,0.0
ITM-001842,ORD-01050,PROD-015,1,135000,70000,0.0
ITM-001843,ORD-01051,PROD-008,2,280000,175000,0.0
ITM-001844,ORD-01052,PROD-007,1,200000,120000,0.0
ITM-001845,ORD-01053,PROD-005,2,1800000,1350000,0.0
ITM-001846,ORD-01054,PROD-005,1,1800000,1350000,0.1
ITM-001847,ORD-01054,PROD-013,1,220000,125000,0.05
ITM-001848,ORD-01055,PROD-024,3,36000,18000,0.0
ITM-001849,ORD-01056,PROD-007,1,200000,120000,0.1
ITM-001850,ORD-01057,PROD-004,1,120000,70000,0.0
ITM-001851,ORD-01057,PROD-012,1,165000,90000,0.0
ITM-001852,ORD-01057,PROD-021,1,85000,42000,0.0
ITM-001853,ORD-01058,PROD-019,1,110000,60000,0.0
ITM-001854,ORD-01058,PROD-004,1,120000,70000,0.0
ITM-001855,ORD-01059,PROD-019,3,110000,60000,0.0
ITM-001856,ORD-01059,PROD-004,2,120000,70000,0.0
ITM-001857,ORD-01059,PROD-010,2,85000,45000,0.05
ITM-001858,ORD-01060,PROD-019,5,110000,60000,0.1
ITM-001859,ORD-01060,PROD-004,1,120000,70000,0.0
ITM-001860,ORD-01060,PROD-009,1,250000,140000,0.0
ITM-001861,ORD-01061,PROD-021,2,85000,42000,0.0
ITM-001862,ORD-01061,PROD-014,2,185000,100000,0.05
ITM-001863,ORD-01061,PROD-017,1,50000,22000,0.0
ITM-001864,ORD-01062,PROD-014,1,185000,100000,0.1
ITM-001865,ORD-01062,PROD-018,1,95000,48000,0.0
ITM-001866,ORD-01062,PROD-013,1,220000,125000,0.2
ITM-001867,ORD-01063,PROD-011,1,75000,35000,0.1
ITM-001868,ORD-01064,PROD-018,1,95000,48000,0.1
ITM-001869,ORD-01064,PROD-015,2,135000,70000,0.0
ITM-001870,ORD-01065,PROD-013,1,220000,125000,0.05
ITM-001871,ORD-01066,PROD-018,2,95000,48000,0.0
ITM-001872,ORD-01067,PROD-003,1,350000,210000,0.1
ITM-001873,ORD-01068,PROD-001,2,150000,95000,0.0
ITM-001874,ORD-01068,PROD-017,1,50000,22000,0.0
ITM-001875,ORD-01068,PROD-014,1,185000,100000,0.2
ITM-001876,ORD-01068,PROD-023,1,45000,20000,0.0
ITM-001877,ORD-01069,PROD-006,1,35000,15000,0.05
ITM-001878,ORD-01070,PROD-023,3,45000,20000,0.0
ITM-001879,ORD-01071,PROD-015,3,135000,70000,0.1
ITM-001880,ORD-01071,PROD-001,1,150000,95000,0.0
ITM-001881,ORD-01072,PROD-015,1,135000,70000,0.1
ITM-001882,ORD-01072,PROD-019,2,110000,60000,0.0
ITM-001883,ORD-01073,PROD-015,1,135000,70000,0.15
ITM-001884,ORD-01074,PROD-004,2,120000,70000,0.15
ITM-001885,ORD-01074,PROD-008,1,280000,175000,0.0
ITM-001886,ORD-01075,PROD-001,1,150000,95000,0.15
ITM-001887,ORD-01075,PROD-008,1,280000,175000,0.05
ITM-001888,ORD-01076,PROD-011,3,75000,35000,0.1
ITM-001889,ORD-01077,PROD-025,1,95000,50000,0.0
ITM-001890,ORD-01078,PROD-015,1,135000,70000,0.05
ITM-001891,ORD-01078,PROD-011,5,75000,35000,0.15
ITM-001892,ORD-01078,PROD-019,1,110000,60000,0.0
ITM-001893,ORD-01078,PROD-004,1,120000,70000,0.0
ITM-001894,ORD-01079,PROD-015,1,135000,70000,0.0
ITM-001895,ORD-01080,PROD-006,1,35000,15000,0.0
ITM-001896,ORD-01081,PROD-016,3,175000,95000,0.2
ITM-001897,ORD-01081,PROD-024,1,36000,18000,0.0
ITM-001898,ORD-01082,PROD-020,1,65000,32000,0.05
ITM-001899,ORD-01083,PROD-025,3,95000,50000,0.0
ITM-001900,ORD-01084,PROD-024,1,36000,18000,0.0
ITM-001901,ORD-01085,PROD-006,1,35000,15000,0.0
ITM-001902,ORD-01085,PROD-018,1,95000,48000,0.0
ITM-001903,ORD-01086,PROD-002,2,450000,280000,0.0
ITM-001904,ORD-01087,PROD-004,1,120000,70000,0.0
ITM-001905,ORD-01088,PROD-002,1,450000,280000,0.05
ITM-001906,ORD-01089,PROD-011,1,75000,35000,0.05
ITM-001907,ORD-01089,PROD-010,1,85000,45000,0.0
ITM-001908,ORD-01090,PROD-001,1,150000,95000,0.0
ITM-001909,ORD-01090,PROD-009,1,250000,140000,0.15
ITM-001910,ORD-01090,PROD-016,1,175000,95000,0.0
ITM-001911,ORD-01091,PROD-014,1,185000,100000,0.05
ITM-001912,ORD-01091,PROD-004,1,120000,70000,0.15
ITM-001913,ORD-01091,PROD-001,3,150000,95000,0.0
ITM-001914,ORD-01091,PROD-003,5,350000,210000,0.05
ITM-001915,ORD-01092,PROD-020,1,65000,32000,0.0
ITM-001916,ORD-01092,PROD-018,1,95000,48000,0.2
ITM-001917,ORD-01093,PROD-021,1,85000,42000,0.05
ITM-001918,ORD-01093,PROD-017,1,50000,22000,0.05
ITM-001919,ORD-01094,PROD-013,2,220000,125000,0.1
ITM-001920,ORD-01094,PROD-007,1,200000,120000,0.0
ITM-001921,ORD-01095,PROD-018,3,95000,48000,0.05
ITM-001922,ORD-01096,PROD-020,3,65000,32000,0.0
ITM-001923,ORD-01096,PROD-015,1,135000,70000,0.05
ITM-001924,ORD-01097,PROD-024,1,36000,18000,0.05
ITM-001925,ORD-01097,PROD-020,2,65000,32000,0.05
ITM-001926,ORD-01098,PROD-010,1,85000,45000,0.2
ITM-001927,ORD-01099,PROD-006,2,35000,15000,0.0
ITM-001928,ORD-01099,PROD-020,1,65000,32000,0.0
ITM-001929,ORD-01100,PROD-009,1,250000,140000,0.0
ITM-001930,ORD-01101,PROD-021,1,85000,42000,0.0
ITM-001931,ORD-01101,PROD-025,1,95000,50000,0.05
ITM-001932,ORD-01101,PROD-023,1,45000,20000,0.0
ITM-001933,ORD-01102,PROD-017,2,50000,22000,0.2
ITM-001934,ORD-01103,PROD-004,1,120000,70000,0.1
ITM-001935,ORD-01104,PROD-015,1,135000,70000,0.0
ITM-001936,ORD-01104,PROD-006,2,35000,15000,0.0
ITM-001937,ORD-01105,PROD-013,1,220000,125000,0.05
ITM-001938,ORD-01105,PROD-010,1,85000,45000,0.1
ITM-001939,ORD-01106,PROD-024,2,36000,18000,0.0
ITM-001940,ORD-01107,PROD-004,1,120000,70000,0.05
ITM-001941,ORD-01107,PROD-018,1,95000,48000,0.0
ITM-001942,ORD-01108,PROD-017,2,50000,22000,0.0
ITM-001943,ORD-01109,PROD-008,2,280000,175000,0.15
ITM-001944,ORD-01109,PROD-014,2,185000,100000,0.1
ITM-001945,ORD-01109,PROD-007,2,200000,120000,0.0
ITM-001946,ORD-01109,PROD-013,1,220000,125000,0.1
ITM-001947,ORD-01110,PROD-020,5,65000,32000,0.1
ITM-001948,ORD-01110,PROD-002,1,450000,280000,0.0
ITM-001949,ORD-01110,PROD-025,2,95000,50000,0.0
ITM-001950,ORD-01111,PROD-005,1,1800000,1350000,0.0
ITM-001951,ORD-01111,PROD-003,1,350000,210000,0.2
ITM-001952,ORD-01111,PROD-019,1,110000,60000,0.0
ITM-001953,ORD-01112,PROD-011,3,75000,35000,0.0
ITM-001954,ORD-01113,PROD-013,2,220000,125000,0.0
ITM-001955,ORD-01114,PROD-008,2,280000,175000,0.0
ITM-001956,ORD-01115,PROD-009,2,250000,140000,0.0
ITM-001957,ORD-01116,PROD-016,2,175000,95000,0.0
ITM-001958,ORD-01117,PROD-024,2,36000,18000,0.1
ITM-001959,ORD-01117,PROD-013,1,220000,125000,0.0
ITM-001960,ORD-01118,PROD-019,2,110000,60000,0.1
ITM-001961,ORD-01119,PROD-025,1,95000,50000,0.0
ITM-001962,ORD-01120,PROD-022,2,125000,68000,0.0
ITM-001963,ORD-01120,PROD-017,1,50000,22000,0.05
ITM-001964,ORD-01121,PROD-015,1,135000,70000,0.05
ITM-001965,ORD-01122,PROD-004,1,120000,70000,0.2
ITM-001966,ORD-01123,PROD-016,1,175000,95000,0.0
ITM-001967,ORD-01124,PROD-006,2,35000,15000,0.05
ITM-001968,ORD-01125,PROD-020,1,65000,32000,0.0
ITM-001969,ORD-01126,PROD-019,3,110000,60000,0.0
ITM-001970,ORD-01127,PROD-006,1,35000,15000,0.2
ITM-001971,ORD-01127,PROD-012,1,165000,90000,0.0
ITM-001972,ORD-01127,PROD-005,1,1800000,1350000,0.05
ITM-001973,ORD-01128,PROD-009,1,250000,140000,0.1
ITM-001974,ORD-01128,PROD-022,1,125000,68000,0.0
ITM-001975,ORD-01129,PROD-014,5,185000,100000,0.0
ITM-001976,ORD-01129,PROD-013,2,220000,125000,0.0
ITM-001977,ORD-01130,PROD-020,1,65000,32000,0.0
ITM-001978,ORD-01131,PROD-023,1,45000,20000,0.0
ITM-001979,ORD-01131,PROD-002,1,450000,280000,0.0
ITM-001980,ORD-01131,PROD-011,1,75000,35000,0.0
ITM-001981,ORD-01132,PROD-019,1,110000,60000,0.0
ITM-001982,ORD-01133,PROD-019,1,110000,60000,0.05
ITM-001983,ORD-01134,PROD-001,1,150000,95000,0.2
ITM-001984,ORD-01135,PROD-006,2,35000,15000,0.0
ITM-001985,ORD-01136,PROD-022,2,125000,68000,0.0
ITM-001986,ORD-01137,PROD-016,5,175000,95000,0.0
ITM-001987,ORD-01138,PROD-003,1,350000,210000,0.05
ITM-001988,ORD-01138,PROD-019,1,110000,60000,0.0
ITM-001989,ORD-01139,PROD-019,3,110000,60000,0.0
ITM-001990,ORD-01140,PROD-021,1,85000,42000,0.2
ITM-001991,ORD-01140,PROD-017,1,50000,22000,0.0
ITM-001992,ORD-01140,PROD-010,2,85000,45000,0.1
ITM-001993,ORD-01140,PROD-012,2,165000,90000,0.15
ITM-001994,ORD-01141,PROD-022,1,125000,68000,0.0
ITM-001995,ORD-01142,PROD-008,1,280000,175000,0.0
ITM-001996,ORD-01142,PROD-006,2,35000,15000,0.0
ITM-001997,ORD-01143,PROD-017,1,50000,22000,0.0
ITM-001998,ORD-01144,PROD-014,5,185000,100000,0.1
ITM-001999,ORD-01145,PROD-001,2,150000,95000,0.05
ITM-002000,ORD-01145,PROD-002,1,450000,280000,0.0
ITM-002001,ORD-01145,PROD-007,3,200000,120000,0.05
ITM-002002,ORD-01146,PROD-011,3,75000,35000,0.1
ITM-002003,ORD-01147,PROD-013,2,220000,125000,0.05
ITM-002004,ORD-01148,PROD-005,1,1800000,1350000,0.0
ITM-002005,ORD-01149,PROD-004,1,120000,70000,0.0
ITM-002006,ORD-01150,PROD-020,1,65000,32000,0.0
ITM-002007,ORD-01151,PROD-020,1,65000,32000,0.0
ITM-002008,ORD-01152,PROD-008,1,280000,175000,0.05
ITM-002009,ORD-01153,PROD-021,2,85000,42000,0.0
ITM-002010,ORD-01153,PROD-013,1,220000,125000,0.0
ITM-002011,ORD-01154,PROD-005,1,1800000,1350000,0.0
ITM-002012,ORD-01155,PROD-024,1,36000,18000,0.0
ITM-002013,ORD-01155,PROD-025,1,95000,50000,0.0
ITM-002014,ORD-01156,PROD-011,2,75000,35000,0.05
ITM-002015,ORD-01157,PROD-013,1,220000,125000,0.0
ITM-002016,ORD-01158,PROD-006,3,35000,15000,0.0
ITM-002017,ORD-01158,PROD-012,1,165000,90000,0.0
ITM-002018,ORD-01159,PROD-020,1,65000,32000,0.1
ITM-002019,ORD-01160,PROD-013,1,220000,125000,0.0
ITM-002020,ORD-01161,PROD-012,1,165000,90000,0.05
ITM-002021,ORD-01162,PROD-025,3,95000,50000,0.15
ITM-002022,ORD-01163,PROD-023,2,45000,20000,0.05
ITM-002023,ORD-01164,PROD-002,1,450000,280000,0.0
ITM-002024,ORD-01165,PROD-005,1,1800000,1350000,0.0
ITM-002025,ORD-01165,PROD-001,2,150000,95000,0.0
ITM-002026,ORD-01166,PROD-025,1,95000,50000,0.05
ITM-002027,ORD-01166,PROD-003,2,350000,210000,0.0
ITM-002028,ORD-01166,PROD-020,3,65000,32000,0.2
ITM-002029,ORD-01167,PROD-013,3,220000,125000,0.05
ITM-002030,ORD-01167,PROD-014,2,185000,100000,0.0
ITM-002031,ORD-01167,PROD-004,1,120000,70000,0.0
ITM-002032,ORD-01168,PROD-010,1,85000,45000,0.05
ITM-002033,ORD-01169,PROD-017,1,50000,22000,0.0
ITM-002034,ORD-01169,PROD-019,2,110000,60000,0.0
ITM-002035,ORD-01170,PROD-025,1,95000,50000,0.0
ITM-002036,ORD-01170,PROD-005,2,1800000,1350000,0.0
ITM-002037,ORD-01170,PROD-004,1,120000,70000,0.0
ITM-002038,ORD-01171,PROD-015,1,135000,70000,0.0
ITM-002039,ORD-01171,PROD-021,1,85000,42000,0.15
ITM-002040,ORD-01171,PROD-022,1,125000,68000,0.0
ITM-002041,ORD-01172,PROD-009,1,250000,140000,0.0
ITM-002042,ORD-01172,PROD-014,1,185000,100000,0.0
ITM-002043,ORD-01172,PROD-016,1,175000,95000,0.0
ITM-002044,ORD-01173,PROD-019,1,110000,60000,0.05
ITM-002045,ORD-01173,PROD-016,1,175000,95000,0.0
ITM-002046,ORD-01173,PROD-020,1,65000,32000,0.0
ITM-002047,ORD-01174,PROD-003,1,350000,210000,0.0
ITM-002048,ORD-01175,PROD-024,5,36000,18000,0.0
ITM-002049,ORD-01176,PROD-024,1,36000,18000,0.05
ITM-002050,ORD-01176,PROD-018,2,95000,48000,0.0
ITM-002051,ORD-01176,PROD-015,2,135000,70000,0.05
ITM-002052,ORD-01177,PROD-023,1,45000,20000,0.1
ITM-002053,ORD-01177,PROD-015,2,135000,70000,0.0
ITM-002054,ORD-01178,PROD-014,1,185000,100000,0.0
ITM-002055,ORD-01179,PROD-020,2,65000,32000,0.0
ITM-002056,ORD-01179,PROD-019,2,110000,60000,0.0
ITM-002057,ORD-01180,PROD-023,1,45000,20000,0.0
ITM-002058,ORD-01180,PROD-013,1,220000,125000,0.0
ITM-002059,ORD-01181,PROD-016,1,175000,95000,0.1
ITM-002060,ORD-01181,PROD-012,5,165000,90000,0.05
ITM-002061,ORD-01182,PROD-016,2,175000,95000,0.0
ITM-002062,ORD-01182,PROD-018,1,95000,48000,0.05
ITM-002063,ORD-01182,PROD-002,1,450000,280000,0.0
ITM-002064,ORD-01182,PROD-004,1,120000,70000,0.0
ITM-002065,ORD-01183,PROD-006,1,35000,15000,0.05
ITM-002066,ORD-01184,PROD-008,1,280000,175000,0.0
ITM-002067,ORD-01184,PROD-012,2,165000,90000,0.0
ITM-002068,ORD-01185,PROD-023,1,45000,20000,0.0
ITM-002069,ORD-01185,PROD-012,2,165000,90000,0.0
ITM-002070,ORD-01185,PROD-015,3,135000,70000,0.0
ITM-002071,ORD-01186,PROD-011,1,75000,35000,0.0
ITM-002072,ORD-01187,PROD-016,1,175000,95000,0.0
ITM-002073,ORD-01187,PROD-022,1,125000,68000,0.05
ITM-002074,ORD-01188,PROD-021,1,85000,42000,0.05
ITM-002075,ORD-01189,PROD-005,1,1800000,1350000,0.0
ITM-002076,ORD-01190,PROD-017,1,50000,22000,0.15
ITM-002077,ORD-01191,PROD-003,1,350000,210000,0.05
ITM-002078,ORD-01191,PROD-006,1,35000,15000,0.0
ITM-002079,ORD-01192,PROD-021,1,85000,42000,0.0
ITM-002080,ORD-01193,PROD-011,1,75000,35000,0.0
ITM-002081,ORD-01194,PROD-004,2,120000,70000,0.0
ITM-002082,ORD-01194,PROD-003,3,350000,210000,0.0
ITM-002083,ORD-01194,PROD-010,3,85000,45000,0.1
ITM-002084,ORD-01195,PROD-007,1,200000,120000,0.15
ITM-002085,ORD-01195,PROD-016,2,175000,95000,0.0
ITM-002086,ORD-01196,PROD-021,2,85000,42000,0.05
ITM-002087,ORD-01197,PROD-019,1,110000,60000,0.05
ITM-002088,ORD-01197,PROD-012,1,165000,90000,0.05
ITM-002089,ORD-01198,PROD-003,1,350000,210000,0.0
ITM-002090,ORD-01198,PROD-001,1,150000,95000,0.0
ITM-002091,ORD-01199,PROD-006,1,35000,15000,0.0
ITM-002092,ORD-01199,PROD-010,1,85000,45000,0.05
ITM-002093,ORD-01200,PROD-023,1,45000,20000,0.05
